# Blender 3.6.0
# www.blender.org
o collidable.001
v -36.100159 1.218266 98.024292
v 40.263298 1.699150 98.025108
v -36.100159 1.218266 21.661221
v 40.262894 1.638117 21.658405
v -36.247246 2.268339 59.845985
v 2.072105 1.812246 98.198059
v 40.474915 2.069245 59.978989
v 2.190304 2.895319 21.502514
v 2.213108 4.923001 59.810764
v -36.257912 1.680712 79.178886
v 21.406963 2.334765 98.180618
v 40.547180 3.259713 40.489052
v -17.236864 1.313185 21.505829
v -36.349976 3.326421 40.575966
v -17.195686 2.283060 98.206436
v 40.582878 3.212834 79.014458
v 21.494764 2.522266 21.512180
v 2.102594 4.276267 78.844604
v -17.417940 4.144828 59.974030
v 20.740103 3.469270 60.372898
v 22.048761 5.680081 78.820831
v -17.191633 4.519017 79.156898
v -17.296522 4.181266 40.503265
v 21.186131 5.332713 40.595905
v -36.255722 1.281788 88.828842
v 31.067434 2.319616 98.181366
v 40.744392 3.724241 30.877838
v -26.899055 1.503102 21.407921
v -36.260780 1.628428 50.190430
v -7.577787 2.349625 98.191048
v 40.423981 2.658965 69.511505
v 11.832922 1.715834 21.490253
v 2.312778 5.011963 31.145176
v -26.901842 2.670034 59.853146
v 11.697563 3.503638 59.823776
v -36.348984 3.255373 69.518295
v 11.817776 1.805428 98.176010
v 40.422531 1.317160 50.173065
v -7.568748 1.557714 21.511082
v -36.280663 1.259356 30.850615
v -26.876249 3.001119 98.262398
v 40.576332 2.987448 88.929176
v 31.065254 2.350890 21.497444
v 2.205371 3.563256 50.449295
v 2.199588 2.156519 88.880585
v -7.409820 4.475495 60.066067
v 31.504709 3.627038 59.944466
v 21.813688 3.552150 69.407997
v 21.460234 3.462947 88.839302
v 11.856419 2.760025 79.089951
v 31.111755 3.338245 79.069603
v -17.375820 4.131080 69.569794
v -17.282728 4.746435 88.876785
v -26.825817 2.665652 79.164261
v -7.268152 4.096336 79.059746
v -17.221010 2.631248 30.995436
v -17.289564 4.122564 50.123562
v -7.074591 3.411007 40.018227
v 21.758587 3.650375 30.867937
v 21.147738 4.053629 49.962627
v 31.268396 2.943087 40.447701
v 31.098640 3.189038 50.207348
v 11.777287 4.090441 50.090084
v -7.186427 4.211245 50.075768
v -26.890329 1.757549 30.899828
v -7.526813 3.764524 88.914284
v -27.028233 3.951618 88.814148
v 31.073299 3.187500 88.892410
v 11.996999 3.007913 88.799988
v 31.525150 5.081282 69.522148
v -7.460693 3.076039 69.639458
v -7.469919 3.998708 31.416979
v -36.255638 1.218336 93.659729
v 35.899101 2.053183 98.182083
v 40.419243 1.629644 26.024162
v -31.749216 1.313155 21.465271
v -36.215614 1.607117 55.058796
v -2.739095 1.796128 98.190338
v 40.272827 1.877815 64.750473
v 6.944960 2.256842 21.464294
v 2.337220 5.447117 26.234230
v 2.383100 3.353400 64.967491
v -31.738653 3.062195 59.839836
v 6.868592 4.199248 59.741825
v -36.262978 1.696301 74.365479
v 16.601189 2.045555 98.179932
v 40.521889 3.053269 45.325062
v -12.395632 3.140167 21.409435
v -36.263649 1.329514 35.709644
v -22.004442 3.301391 98.272812
v 41.014511 5.151631 83.974098
v 26.245058 2.249374 21.500229
v 2.183575 3.499729 45.617855
v -11.925888 4.454203 59.976624
v 21.531525 3.003953 64.620895
v 7.016503 4.629067 78.860962
v 26.549301 3.877430 78.905922
v -17.478897 4.059415 64.623871
v -17.106800 4.231653 83.966583
v -31.736280 1.561011 79.224121
v -11.587388 5.731442 79.139412
v -17.252523 4.241056 45.325409
v -11.733456 5.144316 40.385635
v 21.556036 3.067904 26.042194
v 21.404675 4.979605 45.403595
v 26.522739 4.635961 40.607849
v -36.278839 0.933618 84.031342
v 26.236353 2.527376 98.181320
v 40.465988 1.711695 35.705109
v -22.073879 1.338310 21.508400
v -36.270950 1.927529 45.401188
v -12.410324 2.718022 98.199051
v 40.455330 3.216634 74.276665
v 16.726215 3.870180 21.453419
v 2.147080 4.291659 35.745857
v 2.128308 3.163128 74.421272
v -22.082674 1.817402 59.857941
v 16.021088 3.449320 60.064682
v -36.251976 2.069883 64.642532
v 6.926222 3.966766 98.540222
v 40.760353 3.836645 55.059303
v -2.676584 2.293366 21.528702
v -36.289360 1.275260 26.032375
v -31.735128 1.219895 98.179840
v 40.444962 2.462723 93.695053
v 35.897171 2.183524 21.499393
v 2.358190 4.687231 54.997383
v 2.160084 3.010505 93.633667
v -2.401221 5.075210 59.992538
v 36.076691 3.133993 60.007847
v 22.140871 4.443507 74.121346
v 21.415411 3.151722 93.678299
v 16.701145 5.343573 79.278961
v 36.021172 3.660440 79.028427
v -17.200096 4.495305 74.378967
v -17.136501 2.831723 93.712708
v -21.901567 2.740705 79.165878
v -2.752171 4.956714 78.796074
v -17.160027 2.676906 35.774460
v -21.976023 3.575941 40.586708
v 21.399271 4.028456 35.771721
v 16.920313 4.652910 40.667309
v 35.955025 2.034489 40.546009
v 31.121468 3.894258 45.337482
v 26.140293 4.113482 49.958176
v 35.961365 1.769747 50.182766
v 11.921209 5.225853 45.599579
v 6.897977 3.341562 50.366264
v 16.480789 3.932658 49.966557
v 6.992087 3.104446 30.879560
v 16.863466 4.021875 30.979708
v -7.208068 3.523790 44.936344
v -11.839692 5.009093 50.095337
v -2.506975 3.782586 50.272026
v -26.874523 3.089432 45.340862
v -31.847387 3.823895 50.172302
v -21.962366 4.563233 50.044094
v -26.884550 1.721901 26.152668
v -26.872702 1.946486 35.735115
v -31.753935 1.879767 30.895145
v -22.053097 3.600901 30.979008
v -7.515709 4.810791 84.009766
v -7.416595 3.501209 93.615494
v -11.946119 4.460603 88.900436
v -2.529058 2.534420 88.937737
v -27.002298 3.487922 83.945923
v -27.095886 3.276970 93.663834
v -31.733816 1.315978 88.828499
v -21.554428 4.305919 88.823715
v -26.860281 2.643124 64.594307
v -26.758450 3.952756 74.404510
v -21.616531 4.645545 69.883499
v 31.070393 3.247201 93.693512
v 26.259541 3.443829 88.853157
v 35.987602 3.351552 88.920654
v 11.900652 2.695150 83.951508
v 11.965324 2.688760 93.634109
v 16.650928 3.009492 88.823723
v 11.749877 5.333897 64.273407
v 11.908982 2.648269 74.493698
v 31.555428 4.032072 64.680542
v 31.173861 4.799920 74.377968
v 25.939589 6.232447 69.517693
v 35.995895 3.667977 69.548035
v -7.344880 3.225853 64.796280
v -7.287319 4.518422 74.280624
v -11.841683 5.042727 69.560837
v -7.380334 3.666628 35.751411
v -12.403003 3.037144 31.168530
v -2.503781 5.473234 31.462584
v 31.064161 2.458409 26.010513
v 31.118763 3.549986 35.857468
v 26.270695 3.461347 30.706095
v 35.972488 2.128798 35.797882
v 26.674843 4.649906 36.128914
v 26.246437 2.512353 26.010883
v -2.569140 4.665447 35.839748
v -12.248907 3.019936 35.774502
v -2.737257 3.661071 74.317154
v -11.663878 5.822497 74.333794
v -11.803215 4.688489 64.816956
v 35.941986 3.661037 74.386650
v 26.510168 3.453013 74.273262
v 26.017519 5.332003 64.672058
v 6.934973 3.408908 74.443970
v 6.906974 5.169963 64.341904
v 16.650612 2.821255 93.657410
v 35.919220 2.926854 93.699516
v 26.236334 3.499813 93.696121
v -21.889313 2.892552 74.464172
v -31.675764 1.409444 74.447937
v -31.719801 2.776454 64.594704
v -21.628525 4.193935 93.682755
v -31.734251 1.223183 93.659821
v -31.737200 1.682315 83.992844
v -2.659162 2.208704 93.704330
v -12.367602 3.114922 93.713272
v -11.696604 4.890306 84.018303
v -22.003393 2.091398 35.798149
v -31.740671 1.494461 35.726425
v -31.759104 1.788750 26.112900
v -31.959890 3.607213 55.079544
v -31.751371 2.702507 45.422474
v -2.024789 6.636010 55.110458
v -11.650405 5.647987 45.221550
v 16.976429 3.822407 35.825333
v 6.985322 3.101016 35.688835
v 6.981733 3.067394 26.052639
v 7.034923 3.502545 54.778225
v 7.038251 4.572251 45.790810
v 26.146978 4.076394 45.430359
v 35.973244 3.488468 45.543488
v 16.677902 4.987153 45.439552
v 16.883410 4.505175 26.029423
v -2.650000 3.019513 45.130112
v -22.012562 2.026884 45.368885
v -22.380495 3.865229 25.760883
v -2.370260 4.727604 84.247108
v -21.605747 4.025219 83.933266
v -22.018267 1.969462 64.648033
v 16.751369 2.885332 83.895462
v 16.708191 4.763158 64.434662
v 36.130569 3.683328 64.698479
v -2.269846 2.670774 65.190842
v 35.898300 2.248219 26.018826
v -36.255638 1.218266 96.075218
v 38.314468 1.874622 98.181351
v 40.418289 1.673136 23.606819
v -34.155472 1.237032 21.495941
v -36.162117 1.643428 57.504295
v -0.326221 1.664532 98.190826
v 40.343269 1.878230 62.341801
v 4.577605 2.688552 21.487106
v 2.278796 3.674543 23.691864
v 2.304467 3.691068 62.073391
v -34.149559 2.750413 59.841103
v 4.515866 4.483769 59.732189
v -36.260269 1.780792 76.770142
v 18.998775 2.174934 98.180786
v 40.768913 3.711448 42.900993
v -14.815069 3.644365 21.172939
v -36.577675 3.652335 38.137688
v -19.585127 1.970629 98.204117
v 40.760025 4.788980 81.480217
v 23.859625 2.363122 21.504002
v 22.874220 2.620167 60.202744
v 21.262426 3.010385 62.439205
v 22.103979 5.576296 81.263474
v 4.558718 4.455497 78.841759
v 24.367899 4.449826 78.807655
v -17.403238 4.061277 62.306297
v -17.134478 4.352795 81.550468
v -34.156937 1.238844 79.225876
v -17.234215 1.493215 23.646832
v -17.269611 4.200093 42.924412
v -34.169334 3.528303 40.843193
v 21.532194 2.922724 23.623150
v 21.159164 5.422887 43.014473
v -36.262192 1.269283 86.421967
v 28.651848 2.441474 98.180977
v 40.449821 1.620503 33.302650
v -24.470373 1.398927 21.476288
v -36.265358 1.800278 47.790894
v -9.997731 2.620365 98.193527
v 40.442970 2.972844 71.906677
v 14.273238 4.052791 21.216583
v 2.218286 4.724969 33.440567
v 2.385965 2.988212 72.407425
v -24.484056 2.186370 59.853592
v 14.000878 3.593307 59.937111
v -36.581047 3.891033 67.084663
v 9.379911 4.002819 98.525864
v 40.515800 3.153368 52.607147
v -5.134928 1.823123 21.522144
v -36.259895 1.225492 28.445066
v -29.310789 1.253539 98.181442
v 40.492470 2.804424 91.319214
v 33.480949 2.353096 21.497639
v 2.335492 4.092224 52.528397
v 1.909839 3.869015 91.294510
v -4.867565 5.229223 60.059803
v 33.827427 3.546605 59.972870
v 21.990210 3.937400 71.788864
v 21.429655 3.299332 91.263702
v 14.479070 2.880868 79.016037
v 33.541840 3.664265 79.052361
v -17.212967 4.262986 71.975876
v -17.082306 3.168006 91.303543
v -24.340204 2.852773 79.163116
v -5.089250 5.266839 78.800804
v -17.208807 2.826266 33.440041
v -4.706053 3.435379 39.964622
v 21.556982 3.785986 33.336899
v 20.780102 3.839946 52.748470
v 14.592611 5.013999 40.734428
v 33.614723 2.554067 40.545376
v 31.221445 3.678352 42.834072
v 31.154119 4.671575 52.232471
v 23.611904 3.793922 49.875233
v 33.620552 2.516845 50.259277
v 12.009199 6.543114 43.474522
v 11.712848 4.828236 52.381233
v 4.548797 3.327838 50.435658
v 14.176683 3.973526 49.965111
v 11.667475 3.749282 23.602245
v 4.641458 4.101233 30.974760
v 14.713855 5.181009 30.946789
v -7.117677 3.521483 42.431499
v -7.481322 6.362176 52.255379
v -4.848618 4.143332 50.128410
v -26.863483 2.569139 43.042850
v -34.173546 2.044598 50.195148
v -26.870613 1.876168 23.556217
v -26.890528 1.839236 33.304611
v -34.259140 1.544712 30.833364
v -24.475555 3.347805 30.930655
v -7.513575 5.205031 81.525970
v -7.581569 3.466783 91.303696
v -27.063105 3.968324 81.530884
v -27.010738 4.871985 91.144981
v -34.151093 1.307985 88.828735
v -26.887276 2.756009 62.212772
v -26.984413 4.220539 71.983597
v 31.096336 2.954542 81.463486
v 31.071848 3.389599 91.301842
v 23.865688 3.510119 88.836754
v 33.516090 3.219826 88.905731
v 11.869487 2.725754 81.523209
v 12.009100 2.987910 91.213524
v 14.311625 3.034457 88.816757
v 11.724743 3.630927 62.147453
v 11.857562 2.813317 72.085602
v 31.575722 3.968718 62.318279
v 31.447718 5.059567 71.965881
v 24.038515 3.607090 69.455215
v 33.742264 4.081181 69.503448
v -7.430355 4.165475 62.512333
v -7.404380 3.833523 71.991325
v -5.316532 4.223118 69.630119
v -7.551380 2.017259 23.732212
v -7.482032 3.960203 33.624744
v -14.810467 2.902040 31.101444
v -4.969586 4.863742 31.490093
v 31.063929 2.536902 23.596481
v 23.879753 3.354392 30.706417
v -36.255638 1.228209 91.244232
v 33.483276 2.191722 98.181999
v 40.501778 3.178869 28.447613
v -29.345554 1.442602 21.418507
v -36.260742 1.628144 52.606709
v -5.157130 2.039922 98.190422
v 40.354263 2.263386 67.120155
v 9.363991 1.850795 21.445930
v 2.375089 4.944831 28.755625
v -29.321192 3.018850 59.846680
v 9.278284 3.770581 59.767349
v -36.264328 1.604173 71.950424
v 14.211283 1.939243 98.177452
v 40.429420 1.297136 47.749371
v -9.982766 1.464373 21.504681
v -36.271851 1.268896 33.284599
v -24.440956 3.661865 98.499496
v 40.669807 3.085800 86.479103
v 28.650766 2.269356 21.498375
v 2.170444 3.312993 48.144272
v 2.199512 3.559033 86.629913
v -9.630212 3.017380 60.025208
v 21.662434 3.258175 67.009033
v 21.497971 5.652944 86.735947
v 9.432934 3.095743 79.116112
v 28.777079 3.398210 79.015396
v -17.560230 4.104325 67.106262
v -17.176584 4.275182 86.427399
v -29.303726 2.322623 79.173157
v -9.447139 4.304454 79.099564
v -17.245829 4.193718 47.718552
v -9.484399 3.521528 40.234081
v 21.621181 2.965915 28.411867
v 21.345026 4.206903 47.654610
v 28.672619 2.947176 40.529129
v -36.257652 1.236206 81.593086
v 23.820957 2.485332 98.181099
v 40.474602 1.700110 38.094337
v -19.656843 1.315484 21.509373
v -36.275948 1.927292 43.004601
v -14.808872 2.575673 98.204575
v 40.474503 3.121755 76.617477
v 19.131989 2.558003 21.524078
v 2.121320 5.186675 38.032379
v 2.091614 2.935278 76.693283
v -19.651545 1.855035 59.935181
v 18.350803 3.853417 60.276691
v -36.254173 2.295329 62.232094
v 4.406620 3.984152 98.376785
v 40.583229 3.570536 57.547699
v -0.226521 2.736387 21.520924
v -36.273643 1.248608 23.598804
v -34.151085 1.218266 98.179771
v 40.424011 2.030336 96.084686
v 38.313438 1.886180 21.501644
v 2.283128 5.134443 57.505428
v 1.961329 3.017236 96.111282
v -0.100221 5.095247 59.924057
v 38.392288 2.582878 60.039654
v 22.193518 4.753716 76.429352
v 21.408539 2.812223 96.082230
v 38.482460 3.387365 79.004845
v -17.216452 4.597827 76.772430
v -17.173300 2.639319 96.116333
v -19.453316 2.580357 79.165955
v -0.333981 4.456863 78.837090
v -17.323378 4.209364 38.115444
v -17.453890 3.753125 57.705788
v -19.542896 2.120990 40.554413
v 21.277876 4.658284 38.166496
v 19.194517 3.976642 40.619087
v 38.362259 3.430592 40.278728
v 31.070288 3.646413 47.818367
v 31.359369 5.121456 57.776764
v 28.716736 3.757664 50.041012
v 38.317543 1.409691 50.170055
v 11.831996 4.885308 47.857143
v 11.435230 5.190672 57.743198
v 9.292665 3.739204 50.256699
v 18.725086 4.002463 49.986458
v 9.114285 4.444667 30.864790
v 19.493441 3.774155 30.845284
v -7.263104 3.532040 47.500893
v -7.228992 5.720880 57.664856
v -9.535122 4.118537 50.077473
v -0.123164 3.779366 50.352009
v -26.881664 4.629871 47.504452
v -26.909796 2.362027 57.478104
v -29.738876 6.152378 49.830044
v -19.572596 1.842142 50.119934
v -26.889730 1.617365 28.479303
v -29.240131 1.717336 30.919247
v -19.632296 2.379520 30.996315
v -7.537484 4.509247 86.481895
v -7.556032 2.566625 96.097061
v -9.764083 2.427882 88.909592
v -0.159707 2.370244 88.918587
v -27.009104 3.836207 86.331917
v -27.095078 3.047370 96.080208
v -29.294853 1.516980 88.825516
v -19.408401 2.545982 88.846649
v -26.824993 4.172804 66.793701
v -26.807276 2.808901 76.813293
v -19.559633 2.091633 69.576271
v 31.077202 4.477256 86.674820
v 31.068497 2.829892 96.087845
v 28.658545 3.318324 88.878510
v 38.456017 3.315370 88.931473
v 11.948631 2.839225 86.381386
v 11.885184 2.214006 96.061668
v 9.792970 4.222281 88.791733
v 19.048174 3.196951 88.823875
v 11.880266 2.905282 76.745247
v 19.720987 5.808908 69.387985
v 31.411980 4.946572 67.083374
v 31.141520 3.631162 76.726883
v 38.246620 2.923969 69.580940
v -7.329937 2.902578 67.174103
v -7.273297 4.492676 76.649513
v -9.694459 3.384486 69.610718
v -7.189682 3.456427 37.828835
v -9.976984 3.335882 31.281313
v -0.064800 5.523538 31.334579
v 31.080460 2.227140 28.457834
v 31.181767 2.256342 38.250946
v 28.696545 3.915766 30.677692
v 36.192062 3.709355 33.388832
v 35.975609 2.157558 38.184155
v 33.510521 2.011787 35.759968
v 38.374092 1.897654 35.746662
v 26.599936 4.456993 38.215034
v 28.792370 4.376610 36.099472
v 26.247030 2.513031 23.599030
v 26.255823 2.285637 28.441940
v 23.875834 2.744339 26.019547
v 28.649813 2.438909 26.009159
v -2.574382 5.171823 33.693291
v -2.461740 4.132565 37.958042
v -4.955103 4.223352 35.783966
v -0.210571 4.692558 35.822586
v -12.352475 3.085754 33.494289
v -11.868807 4.790107 38.030228
v -14.697989 2.856604 35.766930
v -9.817864 3.249008 35.767914
v -12.159245 3.420300 23.643005
v -2.603456 3.252191 72.153481
v -2.761309 3.599261 76.630211
v -5.076540 4.092412 74.286728
v -0.300357 3.366949 74.379913
v -11.926016 5.083631 71.988609
v -11.591249 5.966571 76.727890
v -9.483738 4.700240 74.303986
v -11.879686 4.484097 62.415195
v -11.743387 5.001930 67.153297
v -9.609176 3.026094 64.813469
v 35.930931 3.611433 72.015030
v 35.976173 3.645481 76.697304
v 33.599350 4.124142 74.347359
v 38.368462 3.784754 74.289970
v 26.399065 3.780626 71.925797
v 26.553774 3.780122 76.584824
v 24.332373 3.947896 74.179039
v 28.764837 4.659656 74.575912
v 25.805363 6.541993 67.093842
v 23.917597 2.893415 64.639488
v 14.475892 4.912742 74.352699
v 19.960417 6.106712 74.157913
v 7.022036 3.160692 72.065895
v 6.968040 3.339963 76.761101
v 4.531509 3.186687 74.447311
v 9.373001 3.182558 74.486778
v 6.891889 3.965665 62.105164
v 4.657805 3.783567 64.824547
v 9.287045 5.275870 64.263084
v 16.662634 3.015890 91.241653
v 16.622646 2.454518 96.073837
v 14.304212 2.793343 93.645638
v 19.023790 2.934954 93.667099
v 9.705382 3.942344 83.931808
v 35.943871 3.246472 91.313995
v 35.905380 2.494355 96.091537
v 33.493660 3.068563 93.696289
v 38.340569 2.745170 93.699532
v 26.239445 3.556177 91.299606
v 26.236347 3.084949 96.086533
v 23.821831 3.402275 93.690742
v 28.652214 3.424510 93.694481
v 26.493116 3.739767 81.302711
v 26.290939 4.955422 86.611214
v -22.108807 2.256343 72.016632
v -21.897354 2.906991 76.826500
v -24.320145 4.472942 74.642479
v -19.444876 2.698564 74.429512
v -31.710199 1.802980 71.959724
v -31.699499 1.328548 76.870766
v -34.155708 1.801104 74.377579
v -29.221514 1.949260 74.446777
v -31.726694 3.073924 62.206284
v -34.141937 2.480550 64.618095
v -29.294823 2.816452 64.584251
v -21.544640 4.616354 91.260468
v -21.726944 3.593441 96.096573
v -19.507408 2.527284 93.699966
v -31.734278 1.241087 91.244255
v -31.734575 1.221570 96.075348
v -34.151085 1.218884 93.659729
v -29.298544 1.290598 93.661331
v -31.740194 1.776851 81.585815
v -31.734560 1.476770 86.411324
v -34.158997 1.228869 84.009430
v -29.287872 1.812895 83.978500
v -2.581710 2.404594 91.326904
v -2.711857 1.975201 96.099258
v -5.123781 3.454417 93.871185
v -0.262962 1.993034 93.698631
v -12.285848 3.001180 91.311195
v -12.402043 3.026307 96.110001
v -14.763338 3.075774 93.719070
v -9.948493 2.936072 93.703094
v -11.620583 5.309213 81.570671
v -11.812116 4.593302 86.465607
v -9.533620 3.103184 84.005669
v -22.017345 2.158687 33.401161
v -21.978115 3.636772 38.174664
v -24.434547 2.124304 35.770073
v -19.593859 2.517906 35.783657
v -31.716719 1.556332 33.360088
v -34.161476 1.398592 35.722889
v -29.314678 1.654819 35.725063
v -31.795767 1.719323 23.491207
v -31.790220 1.689634 28.382456
v -34.236237 1.524233 26.072071
v -29.302946 1.770068 26.144802
v -22.115782 1.715191 57.443665
v -24.174276 4.080344 55.338017
v -31.801237 3.572182 52.620361
v -31.722097 2.544538 57.467175
v -34.082703 1.654893 55.103287
v -31.746241 2.750012 43.106972
v -31.784616 3.193835 47.777077
v -34.168907 2.225332 45.417080
v -29.316368 3.007813 45.393272
v -2.061632 6.201218 52.625931
v -2.298481 5.383518 57.626862
v 0.113557 5.213852 55.111389
v -11.728948 5.163493 52.285950
v -11.864495 4.785372 57.748940
v -11.635231 5.564630 42.794899
v -11.742476 5.493754 47.644287
v -9.422946 3.996353 45.078201
v 16.884983 3.817352 33.482746
v 16.990719 4.207608 38.220879
v 14.869203 5.560490 35.807991
v 19.302317 3.322922 35.846916
v 6.981321 2.902737 33.264343
v 7.028528 4.932124 38.023804
v 4.530995 3.700236 35.686302
v 9.414003 3.932591 35.739136
v 6.949799 2.751969 23.567543
v 7.008186 3.125985 28.486362
v 4.686656 3.793467 26.118732
v 9.428061 2.562711 26.054550
v 16.322781 3.907978 52.535187
v 6.939588 3.340377 52.571827
v 6.908530 3.951984 57.347137
v 4.675572 4.000744 54.834259
v 7.060825 5.999183 43.588409
v 6.994307 4.106662 48.037975
v 4.595699 4.124897 45.787552
v 9.484753 4.953820 45.715748
v 35.913651 1.817851 52.615322
v 36.054100 4.469106 57.850990
v 25.894981 3.572329 52.681503
v 26.431999 4.537055 43.079460
v 26.149263 3.308076 47.588932
v 23.814152 4.918041 45.639477
v 28.470732 3.415395 45.450024
v 36.026596 1.821587 47.740860
v 33.753513 4.101630 45.258820
v 38.327942 3.139964 45.559456
v 16.797619 4.923685 43.083706
v 16.598709 4.774516 47.752583
v 14.320649 5.258717 45.496662
v 19.025143 4.467588 45.414215
v 17.042397 4.378973 23.655430
v 16.914644 3.797683 28.389923
v 19.281425 3.348011 26.028587
v -3.064337 4.936409 43.234554
v -2.703727 2.760217 47.729790
v -4.967869 3.157887 44.932056
v -0.221631 2.906334 45.406677
v -22.008001 1.793251 42.981171
v -22.015123 2.563845 47.716049
v -24.438353 2.646144 45.355133
v -19.544283 2.024924 45.345097
v -22.066471 1.459963 23.633896
v -24.456276 3.294400 25.855492
v -2.371247 4.225780 86.501205
v -0.231523 3.320919 84.081078
v -21.864759 2.514980 81.531708
v -21.592333 3.912719 86.375481
v -19.372524 2.335869 83.960556
v -22.051939 1.898672 62.241203
v -21.925138 3.598429 67.075005
v -24.430340 2.329391 64.621567
v -19.663183 1.853835 64.642967
v 36.054817 5.075450 81.225075
v 36.035889 4.777996 86.703491
v 16.883259 4.338151 81.422974
v 16.659973 2.857959 86.379784
v 14.281794 2.681405 83.949905
v 16.541250 3.422377 62.290405
v 14.243083 5.105367 64.376091
v 19.158009 3.482525 64.589790
v 36.131096 3.484847 62.341637
v 36.090721 3.742195 67.088486
v 33.876266 4.079473 64.691582
v 38.325188 2.779284 64.725845
v -2.365233 4.014853 62.399509
v -4.937488 3.202555 65.117065
v 0.115464 2.708686 65.074806
v -2.588598 3.195777 23.797379
v 35.896408 2.321906 23.600609
v 35.911346 3.692714 28.227518
v 33.481014 2.431039 26.014427
v 38.314674 1.925471 26.022346
v 38.323364 3.426640 28.220541
v 33.494720 2.204669 28.461788
v 33.479813 2.517554 23.597656
v 0.013817 6.718381 29.167555
v -5.081751 2.531618 23.781620
v -5.186065 3.894317 67.322861
v -4.988958 4.565868 62.621506
v 38.248718 2.711957 67.146523
v 33.819954 4.071465 67.076279
v 33.886566 3.941049 62.337101
v 19.498018 5.078187 66.984810
v 14.166013 3.533190 62.203571
v 19.112823 4.500441 86.352249
v 14.279902 2.825023 86.394386
v 14.336192 2.790091 81.497856
v 38.544441 3.377162 86.473900
v 33.534737 4.546626 86.695030
v 33.546524 4.416883 81.480598
v -19.677143 1.958236 67.112709
v -24.374788 4.191079 66.794273
v -24.468700 2.305911 62.227299
v -19.372284 2.399383 86.401482
v -0.160471 2.337336 86.489113
v -24.418785 1.588793 23.601223
v -19.551062 1.976264 47.724152
v -24.443281 4.336923 47.530251
v -24.447853 2.076725 42.951660
v -0.238659 2.753937 48.006725
v -5.014500 3.231535 47.545433
v -4.824233 3.215360 42.389633
v 19.422661 3.626661 28.334644
v 18.950054 4.462690 47.724495
v 14.228111 4.943890 47.777340
v 14.458723 5.272630 43.158310
v 38.322754 1.374922 47.745895
v 33.789322 2.905672 47.784325
v 28.607668 3.604349 47.690983
v 23.751015 3.599035 47.560551
v 23.226162 3.554445 52.717693
v 38.403030 3.993393 57.850780
v 33.736443 4.926539 57.823227
v 33.538612 4.051610 52.338154
v 9.417194 4.570379 47.953156
v 4.579603 3.663188 48.115662
v 9.302589 4.777174 57.616653
v 4.544958 4.559154 57.417725
v 4.650628 3.573625 52.499615
v 14.120932 3.680483 52.478683
v 9.122134 4.331712 28.431831
v 4.691694 4.070194 28.580761
v 4.633078 3.294724 23.629791
v 9.393753 5.042791 38.217430
v 4.538588 5.599049 37.914108
v 4.571052 3.881158 33.314026
v 19.254030 3.537438 38.191559
v 14.860424 5.992846 38.252682
v 14.821124 5.276550 33.403942
v -9.482072 3.933964 47.570923
v -9.664554 4.924760 57.668606
v 0.030094 5.462667 57.581345
v -4.734453 6.184501 57.557220
v -29.338186 4.004620 47.724503
v -34.174347 2.263809 47.795723
v -34.171951 2.166026 43.036633
v -29.329937 2.625679 57.468426
v -34.065002 2.007499 57.518047
v -34.157776 1.759988 52.620872
v -19.851280 1.923378 57.566677
v -24.487310 1.963745 57.461525
v -29.259972 1.643812 28.419310
v -34.207039 1.376869 28.433060
v -34.218658 1.437904 23.539398
v -34.194412 1.437346 33.332161
v -19.563133 2.308225 38.154472
v -24.457905 2.194711 33.345528
v -9.626791 2.725260 86.462082
v -9.985812 2.864115 96.102020
v -14.796133 2.929792 96.116623
v -14.693092 3.061944 91.319641
v -0.320149 1.965143 96.099380
v -5.131203 2.241287 96.100998
v -29.290319 1.660768 86.401718
v -34.153267 1.412546 86.415466
v -34.149719 1.015401 81.603943
v -29.304598 1.271795 96.077209
v -34.151085 1.218266 96.075218
v -34.151085 1.235534 91.244232
v -19.551702 2.291691 96.110001
v -29.280077 4.075610 66.785683
v -34.146240 2.756593 62.216682
v -29.277065 2.264269 76.817108
v -34.151695 1.683172 76.801880
v -34.158295 1.763123 71.949356
v -19.462128 2.710831 76.805290
v -24.326149 3.020579 76.827339
v 28.670868 4.673007 86.640900
v 23.901917 5.530613 86.686928
v 24.254887 4.199439 81.222969
v 28.651937 2.991869 96.085953
v 23.820910 3.030159 96.085510
v 23.831797 3.475207 91.281647
v 38.321136 2.296693 96.088966
v 33.486938 2.654161 96.090660
v 33.502754 3.296191 91.305328
v 9.730272 3.900357 86.366455
v 19.007746 2.596330 96.078705
v 14.254286 2.363309 96.067001
v 14.327665 3.039264 91.228943
v 4.571132 3.713239 62.063633
v 9.392357 3.383781 76.786079
v 4.532176 3.068917 76.731155
v 4.720227 3.067913 72.343475
v 14.525393 3.205620 76.651932
v 14.179035 5.511221 71.971504
v 23.954966 3.451321 67.046654
v 23.517406 2.616990 62.389507
v 28.784590 3.460982 76.689392
v 24.397856 4.366640 76.479568
v 24.203829 3.486800 71.842560
v 38.397057 3.582525 76.629616
v 33.558769 4.004763 76.700294
v 33.661285 4.118518 71.944565
v -9.579118 3.032396 67.172409
v -9.450387 4.701830 76.689697
v -0.344089 3.183257 76.659538
v -5.080221 4.050625 76.625504
v -5.060092 3.605504 72.056915
v -9.638981 3.256376 37.965157
v -14.779673 2.948772 33.459084
v -0.178845 4.246980 38.123898
v -4.784792 3.796442 37.809155
v -5.025331 4.661111 33.690830
v 28.666927 2.217007 28.450178
v 23.870613 2.513521 28.439562
v 23.872427 2.685755 23.606182
v 28.808037 2.759935 38.204773
v 38.377708 1.870689 38.127708
v 33.571732 2.392471 38.244873
v 38.358475 1.798462 33.340214
v 28.649710 2.484556 23.596771
v -0.156991 5.202154 33.594635
v -9.928544 3.383544 33.552757
v -9.979375 1.784442 23.690037
v -0.101214 3.024414 72.307831
v -9.633234 3.918835 71.996635
v -9.648382 3.170665 62.445686
v 38.333557 3.454930 71.944069
v 19.865128 6.000473 71.795532
v 9.395039 2.712021 72.017426
v 9.283459 3.881007 62.119255
v 19.036360 3.115522 91.250870
v 9.836567 4.536358 91.216949
v 9.479375 4.013546 81.514526
v 38.381058 3.117084 91.321312
v 28.652826 3.510637 91.304466
v 28.753151 3.194888 81.403152
v -19.490520 2.337591 72.012550
v -29.232731 2.093403 71.984940
v -29.307499 3.061315 62.205139
v -19.455357 2.627746 91.279640
v -29.293650 1.352266 91.243958
v -29.299723 2.108349 81.562500
v -0.203022 2.227185 91.310356
v -9.876932 2.677945 91.322128
v -9.474226 3.683247 81.542343
v -19.612886 2.501954 33.429283
v -29.302008 1.563359 33.302345
v -29.370766 1.890196 23.521423
v -29.307739 2.912815 43.110851
v 0.072018 4.578026 52.571453
v -9.583247 5.277809 52.409325
v -9.416062 3.923753 42.619015
v 19.400011 3.523904 33.456581
v 9.294451 3.899196 33.304749
v 9.400685 2.297910 23.541679
v 18.440243 4.021571 52.654701
v 9.224003 4.702968 52.467758
v 9.539417 6.329195 43.565414
v 38.333397 2.962772 52.612545
v 28.649553 5.147293 52.211002
v 28.462217 3.222975 43.085739
v 19.107176 4.293379 43.037064
v 19.199211 3.031201 23.645500
v -19.539238 1.995094 42.959763
v -19.654493 1.472118 23.644726
v -19.410007 2.414362 81.545685
v -19.598717 1.805873 62.255016
v 38.551857 5.106132 81.218681
v 18.916462 3.403555 62.390385
v 38.380951 2.741319 62.342854
v -0.019839 3.658612 62.181667
v -0.125689 3.646399 23.759445
v 38.313110 1.983944 23.604401
v -36.255638 1.218266 97.282974
v 39.522011 1.758248 98.180771
v 40.418358 1.649011 22.399483
v -35.359795 1.221207 21.504124
v -36.208061 1.990036 58.675404
v 0.876026 1.672138 98.192474
v 40.414459 1.998340 61.153831
v 3.386480 2.834439 21.493336
v 2.227636 3.233904 22.429604
v 2.236159 4.347779 60.902481
v -35.352570 2.485211 59.843815
v 3.361513 4.710784 59.760395
v -36.259079 1.765416 77.973701
v 20.201756 2.252584 98.180664
v 40.774460 3.758838 41.692299
v -16.025894 3.052597 21.415318
v -36.579956 3.740633 39.354416
v -18.388962 2.121925 98.205750
v 40.645721 3.340852 80.239105
v 22.675257 2.446986 21.507404
v 21.800001 3.063493 60.316349
v 21.044432 3.197510 61.463608
v 22.187441 5.782396 80.035675
v 3.328394 4.378507 78.836273
v 23.260513 4.628348 78.780853
v -17.412720 4.110322 61.136211
v -17.164423 4.440564 80.350716
v -35.362679 1.532377 79.194611
v -17.235775 1.369132 22.413902
v -17.282248 4.182440 41.714844
v -35.376900 3.429223 40.824833
v 21.511576 2.715833 22.411488
v 21.161711 5.458634 41.807541
v -36.256828 1.313210 87.622543
v 29.859621 2.382090 98.181061
v 40.518684 3.220755 32.094765
v -25.674551 1.459938 21.438755
v -36.262756 1.708433 48.988777
v -8.788144 2.497249 98.191910
v 40.437485 2.821790 70.710197
v 13.055363 3.416340 21.442471
v 2.265721 4.900867 32.299606
v 2.209934 4.583734 71.148224
v -25.692619 2.429799 59.854069
v 12.877092 3.548381 59.874283
v -36.583885 3.824274 68.302277
v 10.607063 3.462230 98.275475
v 40.424843 1.360685 51.389400
v -6.355661 1.660305 21.516193
v -36.266609 1.235502 29.641510
v -28.092440 1.296781 98.183350
v 40.530075 2.915092 90.129433
v 32.273026 2.369497 21.497368
v 2.261621 3.863971 51.478081
v 2.148703 3.728700 90.089592
v -6.202534 5.013483 60.081619
v 32.680885 3.646640 59.962029
v 21.901344 3.715729 70.602921
v 21.441414 3.354981 90.050949
v 13.128539 2.714462 79.061028
v 32.317848 3.477798 79.067345
v -17.275715 4.195855 70.772148
v -17.077297 4.630030 90.113159
v -25.579937 2.788867 79.163109
v -6.201985 5.092823 79.048378
v -17.219431 2.801049 32.245476
v -17.405846 4.716513 51.023479
v -5.883392 3.398724 39.959602
v 21.580221 3.887389 32.079521
v 21.007704 3.971113 51.359577
v 13.590095 6.417685 40.751213
v 32.475685 2.836577 40.492088
v 31.262144 3.362130 41.611023
v 31.112413 2.972449 51.392040
v 22.387548 3.912122 49.911392
v 32.354450 2.888191 50.262779
v 11.733685 3.808072 51.307159
v 3.373349 3.427996 50.457581
v 12.989535 4.054017 50.014652
v 11.864635 3.194816 22.389259
v 3.480689 4.592118 31.053169
v -7.078531 3.451588 41.195156
v -7.175258 5.545838 51.329800
v -6.018941 4.201099 50.092476
v -26.843304 4.165457 42.106007
v -35.368416 1.753346 50.193413
v -26.887257 1.688914 22.278130
v -26.895361 1.798561 32.099934
v -35.422501 1.351306 30.840775
v -25.687248 1.923904 30.917128
v -7.295752 5.067919 80.288239
v -7.538664 3.508539 90.116440
v -26.830328 3.786451 80.337029
v -27.060947 4.068203 89.980400
v -35.358887 1.294579 88.828796
v -26.143181 5.877766 88.882141
v -26.895309 2.743597 61.032661
v -27.071964 4.781722 71.077690
v -35.689377 3.833352 69.832764
v 31.102810 3.148853 80.256874
v 31.072245 3.331111 90.101723
v 22.664486 3.514601 88.838669
v 32.290272 3.180598 88.898521
v 11.860761 2.765689 80.307861
v 12.009935 3.033862 90.006447
v 3.123682 4.176887 88.868141
v 13.157284 3.046870 88.808411
v 11.714367 3.562770 60.981865
v 11.856130 4.808347 70.986908
v 31.553333 3.830047 61.136612
v 31.479641 5.038421 70.745224
v 22.940456 3.423764 69.429489
v 32.563442 4.006046 69.505157
v -7.451486 4.430525 61.326416
v -7.479191 3.226071 70.848984
v -6.271964 2.927042 69.694145
v -7.562798 1.714632 22.447155
v -7.488256 4.027619 32.546818
v -16.016853 2.801319 31.055542
v -6.215281 4.432219 31.465139
v 31.064671 2.455200 22.391834
v 22.767387 3.541131 30.680004
v -36.255638 1.220291 92.451981
v 34.691223 2.125134 98.182129
v 40.420967 1.584412 27.235374
v -30.548895 1.374313 21.442726
v -36.251968 1.663800 53.824501
v -3.947652 1.904072 98.190331
v 40.301086 2.042052 65.937149
v 8.143101 2.034998 21.449230
v 2.360504 5.717916 27.494987
v 2.207778 4.520539 65.815933
v -30.530268 3.082827 59.842323
v 8.068769 4.003604 59.753235
v -36.263977 1.641926 73.160263
v 15.405634 1.993130 98.178818
v 40.437218 1.312897 46.537323
v -11.189449 1.437499 21.501663
v -36.263084 1.282489 34.494225
v -23.224527 3.730596 98.501862
v 40.770714 4.634550 85.223335
v 27.445969 2.243408 21.499146
v 2.164132 3.501850 46.885452
v -10.909330 2.583526 60.006203
v 21.600748 3.113287 65.811729
v 8.236511 4.327572 79.102051
v 27.652008 3.599862 78.963837
v -17.548973 4.092721 65.850044
v -17.132402 4.227940 85.192924
v -30.524607 2.027207 79.191269
v -10.576855 4.251245 79.120819
v -17.250334 4.236407 46.520527
v -10.701409 3.536580 40.330925
v 21.577803 3.031910 27.232399
v 21.385735 4.071778 46.555080
v 27.454735 3.064722 40.589638
v -36.269081 0.957631 82.813568
v 25.028618 2.525888 98.181290
v 40.471451 1.720785 36.900459
v -20.865717 1.326614 21.509277
v -36.273933 1.950439 44.205170
v -13.611502 2.673186 98.202133
v 40.460899 3.211444 75.446686
v 17.940708 2.486316 21.529148
v 2.134838 4.338703 36.922253
v 2.094427 3.044954 75.538200
v -20.886877 1.778154 59.884796
v 17.113050 3.617774 60.140297
v -36.252266 2.198749 63.434502
v 5.700141 3.938762 98.542206
v 40.765869 3.911177 56.295631
v -1.448272 2.537602 21.526623
v -36.289505 1.274873 24.810989
v -32.943336 1.218266 98.179771
v 40.431831 2.251440 94.887611
v 37.105339 2.043702 21.500561
v 2.321495 4.965088 56.289558
v 2.011751 2.657522 94.893570
v -1.261588 5.063108 59.964840
v 37.218071 2.869773 60.032845
v 22.182716 4.640960 75.274483
v 21.411066 3.015187 94.880753
v 37.260582 3.468364 79.019516
v -17.212896 4.581831 75.577728
v -17.157375 2.763352 94.915466
v -20.687904 2.629443 79.166801
v -1.547006 4.722763 78.814003
v -17.106201 3.914317 36.941925
v -17.624857 4.112057 56.741432
v -20.767122 2.134194 40.570648
v 21.326889 4.331116 36.963203
v 18.058262 4.328464 40.639793
v 37.151733 3.194442 40.526039
v 31.086372 3.818075 46.587975
v 27.455269 4.035140 49.997005
v 37.120033 1.537492 50.169624
v 11.871030 5.099517 46.734825
v 8.079254 3.498707 50.321953
v 17.594740 3.949816 49.978668
v 8.209156 2.725338 30.868296
v 18.190317 4.046527 30.911535
v -7.250331 3.387396 46.205070
v -10.743391 3.954836 50.082912
v -1.315509 3.722268 50.319817
v -26.878609 3.682688 46.449165
v -26.915825 3.841278 56.512680
v -30.658094 5.566498 50.172379
v -20.805887 2.247025 50.108780
v -26.893587 1.598717 27.306816
v -26.851778 3.655066 36.729042
v -30.463701 1.835324 30.925304
v -20.839823 2.372755 31.011755
v -7.523849 4.656991 85.249687
v -7.524125 2.759736 94.886200
v -10.958086 2.655156 88.898849
v -1.337892 2.469919 88.931175
v -27.009642 3.530498 85.146187
v -27.085192 3.084925 94.872406
v -30.516954 1.342548 88.827896
v -20.594391 2.513109 88.834732
v -26.838194 2.571876 65.807526
v -26.788729 2.813054 75.635674
v -20.719894 3.585914 69.564384
v 31.069363 3.069512 94.889664
v 27.457439 3.391135 88.867065
v 37.224792 3.371193 88.926987
v 11.922978 2.753141 85.167603
v 11.927392 2.462786 94.847481
v 17.844612 3.067814 88.822632
v 11.902648 2.758884 75.612656
v 31.518204 3.984072 65.871048
v 31.163725 3.708267 75.552666
v 37.085861 3.220349 69.586395
v -7.316142 2.835625 65.965683
v -7.276247 4.558580 75.459991
v -10.857995 3.434944 69.592560
v -7.288067 3.543772 36.790337
v -11.199839 3.147192 31.217730
v -1.278741 5.573113 31.409853
v 31.068941 2.340927 27.227825
v 31.136202 2.133071 37.096687
v 27.482964 3.749003 30.681599
v 36.263130 4.236099 32.482635
v 35.977364 2.165902 36.997585
v 32.280991 1.919960 35.780857
v 37.173721 2.013932 35.775299
v 26.606020 4.332064 37.027267
v 27.586021 4.346057 36.073875
v 26.246092 2.383820 22.394577
v 26.248707 2.410064 27.222870
v 22.709866 2.905525 26.029892
v 27.445810 2.457440 26.009666
v -2.545925 5.361384 32.590340
v -2.519752 4.406157 36.894409
v -6.163875 3.937838 35.759506
v -1.387508 4.744490 35.842979
v -12.383546 3.090395 32.343410
v -12.179913 4.333465 36.887688
v -15.929934 2.765875 35.768902
v -11.032887 3.115839 35.774712
v -12.160460 3.251453 22.400295
v -2.689932 4.305949 71.062691
v -2.757834 3.657010 75.460770
v -6.195478 4.321632 74.281136
v -1.522601 3.506686 74.349693
v -11.922995 4.924749 70.800476
v -11.609477 5.958846 75.528076
v -10.631906 4.594660 74.318909
v -11.877195 4.526772 61.214310
v -11.749059 4.826758 65.998055
v -10.847223 2.791953 64.851196
v 35.948837 3.607204 70.791306
v 35.957581 3.669137 75.544418
v 32.401405 3.992511 74.356094
v 37.151260 3.734292 74.342018
v 26.314762 5.287417 70.723160
v 26.536810 3.639540 75.432060
v 23.247822 4.228987 74.143356
v 27.636175 4.286928 74.305824
v 25.897764 6.046423 65.878571
v 22.728138 2.862608 64.632111
v 13.189858 2.971791 74.417732
v 6.921380 4.883988 70.842743
v 6.946898 3.409730 75.605240
v 3.329642 3.134088 74.436310
v 8.144245 3.406417 74.457550
v 6.875395 4.094224 60.904816
v 3.511231 3.617516 64.891876
v 8.081392 5.240438 64.280586
v 16.658867 3.042425 90.033669
v 16.637337 2.658855 94.865524
v 13.138103 2.767460 93.639153
v 17.834431 2.864141 93.662292
v 2.884023 4.867358 94.020813
v 35.962456 3.338009 90.120987
v 35.911171 2.722926 94.894485
v 32.281403 3.152456 93.694603
v 37.130852 2.847005 93.700195
v 26.246069 3.504984 90.084991
v 26.236340 3.336003 94.889877
v 22.616941 3.283225 93.684845
v 27.444176 3.478134 93.695732
v 26.526941 3.834770 80.092110
v -22.055058 3.579713 70.806305
v -21.884066 2.940597 75.652100
v -25.521748 4.367945 74.619774
v -20.672815 2.775525 74.450409
v -31.727663 3.535394 70.961258
v -31.682600 1.327560 75.672028
v -35.366745 1.764670 74.368866
v -30.430132 1.440846 74.464836
v -31.732847 3.115930 61.022381
v -31.727041 4.090902 65.581482
v -35.352959 2.254832 64.631996
v -30.508341 2.827688 64.587433
v -21.540173 4.529677 90.044205
v -21.683290 3.863443 94.890457
v -20.679213 2.527513 93.692841
v -31.734083 1.268562 90.036453
v -31.734350 1.222166 94.867599
v -35.358833 1.218585 93.659729
v -30.520582 1.242104 93.660263
v -31.741549 1.713723 80.398972
v -31.735815 1.581143 85.202126
v -35.377052 0.929027 84.025604
v -30.519690 1.738226 83.987305
v -2.550469 2.486534 90.134583
v -2.686916 2.069647 94.901764
v -6.269267 3.629215 93.855484
v -1.454614 2.075142 93.704544
v -12.239449 4.162953 90.110107
v -12.389679 3.104079 94.911789
v -15.951744 2.969010 93.717300
v -11.160971 3.043900 93.708099
v -11.599174 5.529499 80.352356
v -11.750498 4.721363 85.243027
v -10.693288 3.139515 84.009872
v -22.036852 2.321606 32.202602
v -21.995350 2.221242 36.988224
v -25.651142 2.090587 35.746677
v -20.796543 2.329377 35.788521
v -31.719728 1.746242 32.169926
v -31.740004 3.209803 36.713036
v -35.368401 1.355198 35.714691
v -30.530142 1.558751 35.723595
v -31.773397 1.469639 22.299572
v -31.762693 1.666403 27.279373
v -35.424408 1.367250 26.045174
v -30.516459 1.801925 26.126049
v -21.703503 4.929828 50.982155
v -22.086309 3.390156 56.398094
v -31.893011 3.434914 51.378220
v -31.717459 3.444678 56.283257
v -35.298393 1.602060 55.081818
v -31.741388 4.343712 42.158558
v -31.762892 2.890892 46.596596
v -35.375404 2.041975 45.409603
v -30.536459 2.891825 45.413734
v -2.395720 5.495485 51.450436
v -2.287643 6.382589 56.350769
v -1.037318 5.324534 55.151997
v -11.838831 4.839418 51.341148
v -11.677093 5.363666 41.585781
v -11.690949 5.529490 46.432938
v -10.598727 4.113313 45.155411
v 16.857435 3.943768 32.265785
v 16.996181 3.984678 37.011940
v 18.130758 3.623507 35.845116
v 6.985425 3.018150 32.071419
v 7.009603 3.598239 36.909409
v 3.334250 4.015576 35.709618
v 8.257451 2.975338 35.709435
v 6.946023 2.479556 22.351887
v 7.000933 3.111865 27.279362
v 3.530686 4.158900 26.176926
v 8.178604 2.779133 26.047604
v 16.415527 3.769665 51.199936
v 6.882406 3.347355 51.522270
v 6.979797 3.718659 56.057072
v 3.496227 4.343089 54.921597
v 7.948953 4.665620 54.857319
v 7.017684 4.451853 46.924759
v 3.381154 3.865444 45.734123
v 8.261362 4.771281 45.761227
v 35.926651 1.768696 51.395065
v 26.060358 4.056646 51.358147
v 26.475069 4.635126 41.845013
v 26.125324 2.976625 46.538132
v 22.613205 5.098773 45.634632
v 27.272547 2.950720 45.444637
v 35.930130 3.624377 41.501030
v 36.019180 1.827365 46.518806
v 32.533539 3.563109 45.267441
v 37.122124 3.256245 45.558292
v 16.862564 4.813120 41.882370
v 16.634060 4.926950 46.601116
v 13.126887 5.279237 45.543358
v 17.849773 4.750671 45.424637
v 16.998356 4.122623 22.438046
v 16.919041 3.553967 27.181519
v 18.111206 3.387601 26.016174
v -2.696039 2.836331 46.408726
v -6.097587 3.305032 44.908714
v -1.447503 2.956388 45.285458
v -21.994144 1.993151 41.777504
v -22.015965 2.187982 46.547188
v -25.655491 2.948407 45.338318
v -20.789608 1.959038 45.356056
v -22.071299 1.375457 22.410534
v -25.665396 2.984110 26.111568
v -2.407848 4.356956 85.231056
v -1.460325 3.603335 84.070625
v -21.886959 2.630482 80.343628
v -21.598522 3.929605 85.152199
v -20.600710 2.308349 83.948921
v -22.063988 1.860358 61.048603
v -21.987740 2.041506 65.868073
v -25.643438 2.499381 64.606674
v -20.825727 1.849663 64.652489
v 36.042015 3.704127 80.224930
v 16.722599 4.762629 80.191559
v 16.695292 2.836143 85.141006
v 13.082801 2.677175 83.956642
v 17.739712 4.446806 83.883583
v 16.324350 3.281094 61.205273
v 12.994684 5.307520 64.303841
v 17.896606 4.432437 64.650459
v 36.111755 3.323855 61.173214
v 36.116043 3.726475 65.886574
v 32.729137 4.113224 64.686485
v 37.245216 3.320967 64.704521
v -2.408733 4.700891 61.174801
v -2.380901 3.568802 66.182953
v -6.207169 3.265636 64.933479
v -1.045472 2.530160 65.123352
v -2.641152 2.639738 22.483669
v 35.896797 2.264723 22.394630
v 35.902710 2.154244 27.236332
v 32.272377 2.458986 26.012218
v 37.106628 2.097648 26.020763
v -36.255638 1.218266 94.867477
v 37.106842 1.971930 98.181808
v 40.418427 1.663845 24.814739
v -32.951263 1.267946 21.482418
v -36.157280 1.469959 56.303596
v -1.531759 1.713204 98.190384
v 40.287598 1.811655 63.549358
v 5.762032 2.484004 21.479111
v 2.326137 4.090425 24.967770
v 2.338622 3.433252 63.444977
v -32.945557 2.951756 59.839603
v 5.683270 4.326960 59.730347
v -36.261642 1.749897 75.567940
v 17.798706 2.105120 98.180588
v 40.762070 3.663810 44.112759
v -13.604744 3.673080 21.170208
v -36.342766 3.038085 36.923611
v -20.786173 1.836330 98.201660
v 41.011269 5.198877 82.727249
v 25.049433 2.291738 21.501751
v 2.151360 5.029332 44.649063
v 24.164238 3.986646 60.069660
v 21.428679 2.948812 63.471039
v 22.097837 5.853988 82.200882
v 5.789662 4.545979 78.850777
v 25.459063 4.180994 78.851242
v -17.418179 4.042173 63.456047
v -17.112154 4.279581 82.755630
v -32.947647 1.209724 79.242371
v -17.233103 3.339337 24.631382
v -17.258945 4.224398 44.127777
v -33.269272 4.157588 40.932259
v 21.547235 3.042811 24.834488
v 21.166756 5.328868 44.214996
v -36.273033 1.098128 85.229340
v 27.444101 2.493824 98.181122
v 40.458504 1.674195 34.506275
v -23.276676 1.355142 21.501484
v -36.268013 1.874992 46.595711
v -11.205539 2.699541 98.195969
v 40.447777 3.112832 73.096344
v 15.497621 4.197917 21.217369
v 2.175454 4.499221 34.581448
v 2.218735 3.147872 73.367516
v -23.278143 1.969374 59.852615
v 15.029973 3.498412 60.004395
v -36.340668 3.492173 65.863586
v 8.154510 3.989628 98.534386
v 40.762024 3.795532 53.828320
v -3.907224 2.042752 21.526936
v -36.273964 1.249998 27.244694
v -30.524885 1.229143 98.180298
v 40.464607 2.651050 92.506195
v 34.689011 2.290246 21.498356
v 2.373528 4.366845 53.701260
v 1.955429 3.371541 92.475098
v -3.576723 5.182626 60.021088
v 34.954430 3.365744 59.985786
v 22.073391 4.192914 72.961708
v 21.421501 3.239787 92.472916
v 15.798407 4.391184 78.981400
v 34.778069 3.775342 79.035995
v -17.183189 4.340271 73.180962
v -17.110607 2.906636 92.508163
v -23.113949 2.834533 79.164268
v -3.936789 5.110854 78.794296
v -17.188601 2.766685 34.608810
v -22.871243 4.448910 40.899864
v -3.830051 4.422551 40.248718
v 21.484713 3.837214 34.570267
v 20.867331 4.883725 53.758553
v 15.768727 4.887976 40.699074
v 34.764099 2.261988 40.562500
v 31.168743 3.853057 44.084530
v 24.852470 3.911371 49.901772
v 34.818207 2.115230 50.219364
v 11.980193 5.275814 44.444386
v 5.725177 3.294179 50.403023
v 15.343950 3.939070 49.955795
v 11.600023 4.485641 24.515427
v 5.806367 3.584247 30.915167
v 15.609015 3.733815 31.012829
v -7.162090 3.570131 43.677738
v -3.681888 3.974672 50.199806
v -26.869602 2.736758 44.202251
v -32.996353 2.638485 50.189545
v -22.842880 6.363489 49.701073
v -26.868694 1.877869 24.898457
v -26.882414 1.884170 34.515373
v -33.041801 1.764125 30.853212
v -23.263466 3.824310 31.184391
v -7.513051 4.997125 82.766800
v -7.607653 3.568591 92.460251
v -3.602745 3.598804 88.938400
v -27.025108 3.688647 82.736191
v -27.124569 3.940286 92.437073
v -32.943283 1.313075 88.828690
v -26.876347 2.715063 63.397923
v -26.983414 4.187661 73.183777
v 31.089766 4.454143 82.467949
v 31.071241 3.358995 92.498077
v 25.063311 3.481124 88.841263
v 34.749718 3.288923 88.913437
v 11.882273 2.680908 82.735764
v 11.993664 2.869545 92.422607
v 15.473443 3.008850 88.822342
v 11.734321 3.648634 63.329117
v 11.892774 2.661209 73.332001
v 31.576296 4.035255 63.497921
v 31.424709 5.101568 73.178719
v 25.059385 4.414726 69.487274
v 34.893074 3.997302 69.512169
v -7.388344 3.756097 63.653660
v -7.326381 4.321120 73.122910
v -7.538001 4.052269 24.752342
v -7.447644 3.815905 34.695972
v -13.604307 2.968818 31.133638
v -3.733669 5.227395 31.489431
v 31.063417 2.535035 24.801888
v 31.421852 4.463174 34.899124
v 25.060846 3.349083 30.711052
v -36.255638 1.247575 90.036476
v 32.275337 2.255817 98.181740
v 40.738998 3.705593 29.662060
v -28.129766 1.496229 21.401390
v -36.260452 1.597397 51.396412
v -6.367217 2.193122 98.190643
v 40.396828 2.474732 68.314087
v 10.598854 1.735749 21.462009
v 2.351417 5.031465 29.966000
v -28.111513 2.875850 59.850708
v 10.491858 3.578986 59.788704
v -36.263664 1.594863 70.735435
v 13.016310 1.876778 98.176270
v 40.424049 1.297146 48.960487
v -8.776528 1.500253 21.507530
v -36.282310 1.269581 32.069382
v -25.660084 3.598742 98.497192
v 40.625511 3.039817 87.712524
v 29.857706 2.311920 21.497818
v 2.189647 3.253877 49.346573
v 2.203005 2.135008 87.674141
v -8.478318 3.705314 60.036865
v 30.520496 5.137769 59.926311
v 21.734749 3.387212 68.208748
v 21.486454 3.846515 87.663673
v 10.635405 2.950624 79.110657
v 29.930033 3.305358 79.052422
v -17.489178 4.104825 68.352654
v -17.236994 4.458332 87.655525
v -28.069588 2.511651 79.166733
v -8.351029 4.243048 79.078850
v -17.221655 3.995740 29.953947
v -17.248837 4.137382 48.920918
v -8.275142 3.462298 40.118546
v 21.685663 2.893808 29.599541
v 21.270704 4.224291 48.754158
v 29.972088 2.908632 40.461647
v -36.256363 1.505690 80.384521
v 22.613604 2.416615 98.180817
v 40.475174 1.653981 39.289146
v -18.447170 1.309403 21.508236
v -36.276604 1.858589 41.798561
v -16.003111 2.439884 98.206055
v 40.511070 3.043989 77.802849
v 20.315058 2.566566 21.517986
v 2.066914 7.298640 39.005714
v 2.096888 2.789989 77.867043
v -18.360882 2.009457 59.979198
v 19.592464 3.771057 60.362644
v -36.255638 2.335989 61.034859
v 3.258131 2.287874 98.217049
v 40.508110 2.033101 58.791409
v 0.986438 2.861186 21.512352
v -36.258369 1.222770 22.399815
v -35.358833 1.218266 98.179771
v 40.420082 1.815702 97.286171
v 39.521454 1.727309 21.502537
v 2.240743 5.154619 58.677116
v 2.012715 2.783241 97.329315
v 1.061037 5.062419 59.868065
v 39.587257 2.286562 60.014999
v 22.171879 4.764045 77.593613
v 21.407288 2.549642 97.285507
v 21.145864 6.372613 78.549576
v 39.685806 3.282292 79.002029
v -17.209425 4.573068 77.964691
v -17.186550 2.451760 97.315994
v -18.188829 2.640866 79.163513
v 0.882383 4.277252 78.849724
v -17.312559 4.196966 39.298161
v -17.394825 3.891645 58.861839
v -18.298094 2.199696 40.538284
v 21.233231 5.010665 39.381100
v 20.914709 4.997467 59.260006
v 20.308540 3.853318 40.606682
v 39.572540 3.339582 40.264870
v 31.078146 3.423933 49.021107
v 31.438322 3.397832 58.737080
v 29.905819 3.463450 50.117989
v 39.525543 1.345264 50.172047
v 11.805290 4.545327 48.967369
v 11.727084 4.575561 58.646965
v 10.534286 3.984140 50.178989
v 19.917177 4.055574 49.984169
v 20.676077 3.305281 30.813810
v -7.227322 3.957670 48.799026
v -7.299192 4.312099 58.727764
v -8.353619 4.196390 50.073586
v 1.046046 3.703877 50.407417
v -26.883686 6.428918 48.425999
v -26.906874 2.537997 58.669849
v -18.305922 2.004437 50.118454
v -26.885778 1.695756 29.689539
v -28.068705 1.672495 30.900433
v -18.424953 2.433627 30.962641
v -7.537946 4.202744 87.703323
v -7.570583 2.446619 97.298622
v -8.558069 2.445228 88.908882
v 1.015043 2.255232 88.901299
v -26.864023 4.238095 87.571548
v -27.104963 3.012397 97.287682
v -28.104860 2.239079 88.818588
v -18.229584 2.830309 88.860580
v -26.820498 2.759400 77.987427
v -18.380671 2.155416 69.586601
v 31.075584 3.000392 87.668594
v 31.067795 2.548633 97.288345
v 29.863510 3.239964 88.886536
v 39.676727 3.160549 88.932327
v 11.974821 2.933054 87.592041
v 11.844831 1.970956 97.275406
v 10.818507 2.907837 88.793617
v 20.254309 3.352557 88.834335
v 11.862390 2.821503 77.897591
v 20.671263 3.799424 69.392586
v 31.577829 5.159030 68.301247
v 31.124449 3.504808 77.896179
v 39.496208 2.794046 69.537140
v -7.396388 3.116060 68.386932
v -7.271168 4.333165 77.848343
v -8.572637 3.256501 69.618362
v -7.482287 5.335706 30.361155
v -7.111013 3.412101 38.895729
v -8.729330 3.620963 31.351841
v 1.131873 5.329847 31.242258
v 31.096138 3.881204 29.458448
v 31.235521 2.532652 39.344505
v 29.595219 4.513957 30.608727
v 35.966133 3.428132 34.598396
v 35.967323 2.109801 39.364479
v 34.756721 2.158224 35.792347
v 39.574867 1.791518 35.721359
v 26.567896 4.559834 39.401184
v 29.968563 4.205681 36.112686
v 26.246769 2.555420 24.803921
v 26.269207 2.178945 29.669514
v 25.054934 2.608012 26.013557
v 29.856493 2.445789 26.009487
v -2.587102 4.923309 34.774773
v -2.495329 4.707035 39.079948
v -3.756904 4.479750 35.815620
v 0.965548 4.523344 35.786209
v -12.308766 3.048339 34.636482
v -11.798511 4.947583 39.200420
v -13.470217 2.939321 35.770210
v -8.601805 3.431143 35.759323
v -12.080472 4.142737 24.564568
v -12.404877 4.465522 30.143023
v -2.690973 3.563795 73.208450
v -2.755248 3.467775 77.818092
v -3.923375 3.861897 74.297157
v 0.916779 3.236849 74.401398
v -11.797375 5.479134 73.154289
v -11.584937 5.885608 77.931450
v -8.374659 4.658935 74.289078
v -11.857346 4.569381 63.612877
v -11.771480 5.121230 68.329895
v -8.446802 3.193021 64.760010
v 35.930580 3.633810 73.213783
v 35.998459 3.613536 77.855774
v 34.774323 3.967625 74.364334
v 39.568306 3.521576 74.275146
v 26.476208 3.323693 73.101814
v 26.558275 3.860216 77.739655
v 25.414406 3.668986 74.224228
v 29.954460 4.838159 74.603722
v 26.008791 5.347001 63.776848
v 25.812893 6.597340 68.308502
v 25.083988 3.391161 64.645996
v 30.512480 5.224700 64.684837
v 15.448993 6.103441 74.622879
v 20.991215 4.540832 74.117065
v 6.951772 3.300310 73.261543
v 6.989695 3.197783 77.922211
v 5.732516 3.297062 74.444382
v 10.635569 2.773265 74.520462
v 6.910486 3.941974 63.356335
v 5.738021 4.880557 64.642601
v 10.514729 5.297185 64.268219
v 16.659573 2.940731 92.449493
v 16.609169 2.222715 97.282433
v 15.473767 2.802130 93.651924
v 20.217571 3.032624 93.672348
v 10.961019 4.276463 93.637344
v 10.719845 2.686958 83.940887
v 35.929909 3.103486 92.506241
v 35.901276 2.248116 97.290565
v 34.706497 2.997486 93.698029
v 39.548347 2.602233 93.697250
v 26.236866 3.566465 92.501495
v 26.236353 2.776546 97.287354
v 25.028687 3.478285 93.694656
v 29.860737 3.344996 93.693443
v 26.423626 5.122085 82.334915
v 26.281973 3.405586 87.604378
v -21.967031 2.658989 73.252724
v -21.905169 2.835569 77.995331
v -23.123329 4.194564 74.440079
v -18.197456 2.696678 74.404175
v -31.686029 1.583889 73.203629
v -31.720835 1.406760 78.053116
v -32.928558 1.677877 74.403618
v -28.008736 2.475983 74.436539
v -31.722185 2.954608 63.396023
v -32.930740 2.659211 64.605179
v -28.078308 2.751672 64.586472
v -21.576012 4.490678 92.473038
v -21.753780 3.426103 97.301514
v -18.321245 2.673842 93.706673
v -31.734285 1.227798 92.452034
v -31.734926 1.220548 97.283066
v -32.943260 1.219308 93.659729
v -28.067295 1.377364 93.663101
v -31.738356 1.756129 82.785469
v -31.733858 1.385700 87.620155
v -32.946609 1.545948 83.997871
v -28.050270 1.986800 83.966629
v -2.617906 2.298765 92.517296
v -2.729417 1.874449 97.298859
v -3.963671 2.963470 93.636017
v 0.927796 2.005864 93.688293
v -12.333344 3.074290 92.513306
v -12.408266 2.874336 97.308624
v -13.568877 3.126482 93.717499
v -8.718796 2.909976 93.687546
v -11.652905 5.090972 82.793320
v -11.878819 4.506634 87.684898
v -8.390929 3.050130 84.005013
v -22.007263 2.082078 34.597969
v -21.738821 3.962804 39.378262
v -23.219730 2.066696 35.793896
v -18.382429 2.603965 35.780060
v -31.730482 1.462234 34.526512
v -32.951324 1.445626 35.728165
v -28.095057 1.787366 35.728683
v -31.783728 1.856143 24.805389
v -31.790258 1.833165 29.591574
v -33.009529 1.684251 26.098698
v -28.100965 1.740732 26.158810
v -22.104586 1.770858 58.657887
v -23.579006 4.056162 55.313774
v -31.972845 3.542351 53.858162
v -31.737421 2.877624 58.654228
v -32.893280 1.818351 55.098179
v -31.746679 2.634089 44.256111
v -31.818739 3.580390 48.964325
v -32.961510 2.458858 45.421669
v -28.094891 3.084190 45.363556
v -2.011255 6.492690 53.862694
v -2.357646 5.281559 58.813900
v 1.240322 4.988744 55.058830
v -11.971727 4.270262 58.704277
v -11.620517 5.686078 44.009346
v -11.803102 5.292534 48.868996
v -8.306214 3.777998 44.998154
v 16.934017 3.760061 34.654831
v 16.964373 4.443925 39.444080
v 15.829375 3.913196 35.805138
v 20.469128 2.960407 35.824310
v 6.974215 2.929935 34.464836
v 7.035719 7.557693 38.926132
v 5.744378 3.369783 35.679169
v 6.961850 2.953775 24.808022
v 7.002814 3.128826 29.683924
v 5.829749 3.413213 26.075649
v 10.429675 4.132646 26.051018
v 16.429567 5.525686 53.547913
v 16.240944 5.475927 59.135033
v 7.013786 3.366999 53.619503
v 6.874803 4.138296 58.567989
v 5.870977 3.711706 54.771778
v 7.055549 4.594677 44.622597
v 6.955605 3.592984 49.173431
v 5.816098 4.355075 45.800896
v 10.705898 5.111029 45.659653
v 35.934875 3.655517 53.595325
v 36.031151 2.916770 58.824329
v 25.854414 4.618689 53.597580
v 26.391943 4.389978 44.275383
v 26.165392 3.786055 48.686096
v 24.986250 4.613351 45.648373
v 29.739576 3.825876 45.412331
v 36.002991 1.797007 48.965683
v 34.877663 3.886431 45.516117
v 39.541901 3.078255 45.558960
v 16.733662 4.983418 44.268780
v 16.553375 4.426224 48.865269
v 15.503281 5.159277 45.462204
v 20.210173 4.182681 45.406544
v 17.081379 4.611283 24.855934
v 16.890656 3.972168 29.666389
v 15.964438 5.302424 26.350945
v 20.421223 3.226516 26.041317
v -2.725405 4.270180 44.069160
v -2.630471 3.178901 49.039162
v -3.819997 3.060609 45.002754
v 0.993810 3.103396 45.487495
v -22.009249 1.871474 44.182308
v -22.005623 3.278930 48.886276
v -23.225227 2.283354 45.371799
v -18.264837 2.208354 45.335850
v -22.067738 2.912609 24.857838
v -21.748875 4.412942 30.075182
v -23.265589 3.303575 25.844906
v -2.592348 3.629504 87.684570
v 0.685536 3.736225 84.250122
v -21.855728 3.775675 82.722740
v -21.573629 4.076538 87.600121
v -18.129471 2.434427 83.974625
v -22.038874 1.929474 63.440536
v -21.546429 4.677406 67.986214
v -23.222242 2.145399 64.636223
v -18.489685 2.022852 64.621414
v 36.017593 3.312229 87.702873
v 16.825844 3.013901 82.648109
v 16.646851 2.931898 87.607529
v 15.505205 2.745445 83.929092
v 16.660126 3.588330 63.397488
v 15.486689 4.958879 64.417404
v 20.346203 3.233929 64.606293
v 36.135971 3.605900 63.518295
v 36.050735 3.726961 68.308807
v 35.006874 3.932307 64.695511
v 39.405739 2.173697 64.751427
v -2.313477 3.210796 63.713585
v -3.586223 2.984515 65.212311
v 1.255492 3.031168 65.030037
v -2.571473 5.132634 24.853981
v -2.485456 6.819987 30.530819
v 1.433008 6.154542 25.960911
v 35.896584 2.312050 24.807899
v 34.689713 2.361862 26.016663
v 39.522469 1.751403 26.023491
v 38.317833 1.855786 27.236622
v 37.117790 3.568023 28.224684
v 39.528572 3.286195 28.216232
v 33.485489 2.318274 27.232697
v 33.510071 3.824485 29.465929
v 32.287331 2.226745 28.460318
v 34.705399 3.448313 28.465887
v 33.480423 2.449107 22.392380
v 33.479660 2.507078 24.804134
v 32.271755 2.544692 23.596855
v 34.688049 2.443382 23.598911
v -0.025532 5.542875 30.161650
v -0.896246 7.286027 29.299828
v 1.201293 6.208647 28.836901
v -4.990057 6.221330 30.501873
v -5.114900 2.077039 22.472851
v -5.060597 4.586286 24.822796
v -6.322222 2.237744 23.758312
v -3.834836 2.866921 23.796139
v -0.075058 3.879715 66.013824
v -4.935293 3.681841 66.226105
v -5.251826 4.062212 68.454407
v -6.157497 2.805861 67.288162
v -4.942628 5.034979 61.339558
v -4.992325 3.908939 63.872467
v -6.292600 4.450986 62.599194
v -3.632828 4.399497 62.542294
v 38.283722 2.731343 65.929337
v 38.232880 2.769579 68.369827
v 37.176605 3.291260 67.114510
v 39.415550 2.344788 67.142593
v 33.852028 4.082117 65.878387
v 33.782635 4.069057 68.285583
v 32.657589 4.049171 67.074333
v 34.964813 3.978437 67.079338
v 33.866142 3.774892 61.159256
v 33.889114 4.038812 63.512627
v 32.745422 4.016210 62.329529
v 35.011574 3.756797 62.340958
v 19.182230 4.517153 65.831100
v 19.618872 5.523884 68.177948
v 20.495630 3.512839 66.990646
v 14.103400 3.470162 61.069473
v 14.205321 3.610243 63.358189
v 12.949521 3.573611 62.171703
v 15.364937 3.452671 62.242947
v 18.824106 5.025343 85.405289
v 19.066675 3.306034 87.599304
v 17.879606 3.058088 86.361374
v 20.306293 5.277360 86.655495
v 14.274841 2.731490 85.174500
v 14.293918 2.938441 87.608376
v 13.113186 2.843832 86.389984
v 15.460100 2.819689 86.391235
v 14.390754 2.900412 80.267639
v 14.302157 2.696677 82.723198
v 13.086337 2.717591 81.519890
v 15.618794 2.956350 81.455750
v 38.561951 4.890430 85.460022
v 38.502403 3.349501 87.712486
v 37.294937 4.560195 86.464821
v 39.770958 3.250034 86.477821
v 33.526878 3.077629 87.687973
v 32.298576 4.475251 86.686531
v 34.782593 4.662753 86.700340
v 33.543007 3.432781 80.249519
v 33.226585 5.106870 82.402245
v 32.309509 3.021968 81.470413
v 34.797646 4.938059 81.235367
v -19.691393 1.897611 65.870026
v -19.620289 2.029415 68.350647
v -20.782402 2.002337 67.105598
v -18.576921 2.082971 67.116837
v -24.397564 2.361697 65.840057
v -25.608387 4.204700 66.793587
v -23.134424 4.097694 66.806564
v -24.478020 2.264452 61.040535
v -24.453947 2.319135 63.418907
v -25.677462 2.537396 62.219532
v -23.261181 2.084123 62.234917
v -19.367451 2.352300 85.179100
v -19.385839 2.464505 87.624878
v -20.585510 2.324454 86.388763
v -18.151888 2.508891 86.417099
v -24.350437 4.324582 80.096405
v -22.863922 4.219820 81.515106
v -0.187158 2.278798 85.219788
v -0.153144 2.369758 87.713707
v -1.345656 2.450263 86.496651
v 1.084582 2.983118 86.397377
v -19.638393 3.829043 29.965687
v -24.791595 4.076354 30.019789
v -25.924839 3.306047 28.484879
v -24.445116 1.481717 22.364464
v -24.424335 1.652074 24.866203
v -25.618979 1.742321 23.577267
v -23.249628 1.488128 23.621723
v -19.546947 2.015456 46.533939
v -19.559599 1.916523 48.918659
v -20.797083 2.020996 47.729042
v -18.271654 2.158735 47.718002
v -24.442122 3.219553 46.474174
v -24.444176 6.515016 48.441906
v -25.664009 4.677108 47.477905
v -23.219505 3.578357 47.654892
v -24.423536 3.787227 41.988075
v -24.439531 2.319659 44.181549
v -25.650127 2.381642 43.000206
v -23.231903 1.882579 42.966366
v -0.240586 2.764761 46.700298
v -0.197539 3.174299 49.237434
v -1.481660 2.636403 47.878098
v 0.973223 3.069214 48.099701
v -5.012951 3.102729 46.227547
v -4.939175 3.724621 48.850727
v -6.147748 3.374816 47.510101
v -3.872547 3.033158 47.611752
v -4.748300 3.295616 41.148026
v -4.901850 3.182593 43.651901
v -5.972369 3.335057 42.378899
v -3.820026 4.242296 42.692902
v 19.348244 3.484658 27.175541
v 19.479237 3.742427 29.552588
v 18.199350 3.822155 28.340807
v 20.548672 3.301759 28.368591
v 14.765530 5.690241 29.998463
v 15.883317 5.190744 28.442511
v 18.993105 4.485089 46.583553
v 18.864532 4.304492 48.838844
v 17.775463 4.616819 47.743179
v 20.138323 4.334617 47.694542
v 14.267526 5.149007 46.642967
v 14.199720 4.535792 48.877098
v 13.033312 4.942689 47.810604
v 15.415913 4.890147 47.759766
v 14.530444 5.177350 41.956398
v 14.386073 5.299556 44.337311
v 13.243786 6.289063 43.196148
v 15.635816 5.139839 43.116417
v 38.328865 1.389719 46.536026
v 38.318657 1.379255 48.956036
v 37.136620 1.519286 47.742653
v 39.531883 1.316155 47.747940
v 33.825901 2.981370 46.503826
v 33.711212 2.730483 49.045856
v 32.456909 3.401750 47.819778
v 34.957008 2.314520 47.751877
v 33.595562 4.149696 41.477501
v 33.402412 5.010062 44.349743
v 32.246292 4.818279 42.822681
v 28.538481 3.496978 46.585297
v 28.673927 3.721244 48.820992
v 27.404913 3.489917 47.628334
v 29.788082 3.671505 47.766720
v 23.785572 3.552107 46.521526
v 23.702715 3.696826 48.620552
v 22.556904 3.986134 47.605347
v 24.934658 3.315670 47.557129
v 30.502941 5.759666 57.837452
v 23.095724 4.219807 59.088001
v 23.472799 3.824095 51.330315
v 23.274382 4.442195 53.719807
v 21.992245 3.674505 52.743771
v 24.524305 3.564002 52.702896
v 38.391014 2.476544 58.862022
v 37.212708 4.228706 57.858479
v 39.610336 3.762451 57.822701
v 33.771366 3.274895 58.772900
v 32.546570 5.069476 57.803177
v 34.905388 4.711403 57.837440
v 33.549465 2.340243 51.436493
v 32.348427 4.357708 52.292526
v 34.727005 3.435625 52.599590
v 9.449160 4.833896 46.846558
v 9.370986 4.135164 49.070885
v 8.205286 4.338722 47.996212
v 10.627292 4.758549 47.905525
v 4.586256 4.009795 46.949493
v 4.570570 3.293301 49.286266
v 3.374646 3.485478 48.144550
v 5.785653 3.876925 48.077759
v 4.576209 5.550730 44.763000
v 6.122604 6.335776 43.620094
v 9.282491 3.609893 58.584450
v 8.108709 4.667675 57.354481
v 10.509841 4.672675 57.640236
v 4.603345 4.308434 56.155407
v 4.520982 4.662745 58.597839
v 3.405345 4.865702 57.461666
v 5.717966 4.247165 57.372650
v 4.577074 3.478587 51.493614
v 4.700280 3.732344 53.587944
v 3.479079 3.819516 52.513958
v 5.812406 3.405905 52.515614
v 18.578665 5.487107 59.208569
v 14.080151 5.360281 59.027843
v 14.155786 3.711678 51.177784
v 14.137205 5.049725 53.519917
v 12.947163 4.622321 52.526875
v 15.248405 3.792962 52.498474
v 9.396434 3.912702 27.257332
v 9.104982 4.400521 29.633610
v 8.201086 2.765022 28.478456
v 4.697694 3.957870 27.356678
v 4.671449 4.120606 29.786921
v 3.538051 4.539948 28.661541
v 5.844501 3.577263 28.519480
v 4.601213 2.960402 22.396030
v 4.663207 3.574101 24.873280
v 3.462035 3.526913 23.659382
v 5.788832 3.022652 23.599422
v 9.431355 4.310527 36.990768
v 9.228838 6.487041 39.093674
v 8.288925 4.434199 38.140388
v 4.534772 4.121286 36.865112
v 4.525227 8.207356 38.795822
v 3.319899 5.510567 37.949978
v 5.774544 5.383894 37.940796
v 4.606245 4.015864 32.147797
v 4.542690 3.736462 34.488335
v 3.394735 4.334762 33.369759
v 5.759452 3.396863 33.277081
v 19.274565 3.378893 37.007378
v 19.230415 3.751468 39.402122
v 18.121288 3.894700 38.203583
v 20.395136 3.212186 38.184395
v 14.870739 5.772971 37.023144
v 14.609759 5.910618 39.493782
v 15.843593 4.422766 38.241322
v 14.770261 5.231066 32.188866
v 14.854495 5.382314 34.602669
v 15.709877 3.669242 33.439842
v -9.452347 3.821818 46.319405
v -9.516334 4.115322 48.827206
v -10.677149 3.983152 47.611996
v -8.360036 3.754218 47.527828
v -9.625814 3.059578 58.732758
v -10.942323 4.574156 57.647900
v -8.417340 5.192492 57.643337
v 0.082333 5.403681 56.372204
v -0.038674 5.377363 58.765163
v -1.124211 5.471430 57.609852
v 1.162292 5.341882 57.546211
v -4.390349 7.003191 56.655224
v -4.789500 5.219857 58.798969
v -6.004527 6.190779 57.716507
v -3.488306 5.273119 57.619419
v -4.791045 5.905998 51.119316
v -29.324505 3.363645 46.552467
v -29.335867 5.251171 48.952713
v -30.578695 3.684125 47.755600
v -28.099392 4.271815 47.605042
v -34.170769 2.252615 46.604851
v -34.176582 2.208171 48.992027
v -35.372787 1.956787 47.794632
v -32.979507 2.686047 47.790367
v -34.173790 2.093256 41.832703
v -34.169762 2.202571 44.229511
v -35.380241 2.027375 43.018986
v -32.961052 2.380845 43.058949
v -29.337986 3.989581 56.508724
v -29.326904 2.863284 58.662144
v -30.531347 2.631155 57.459187
v -28.121372 2.531104 57.477745
v -34.035011 1.629428 56.340919
v -34.125130 2.501441 58.669884
v -35.250450 1.730571 57.520592
v -32.897400 2.325139 57.494331
v -34.165565 1.829541 51.405350
v -34.138260 1.770163 53.850750
v -35.364418 1.687524 52.612320
v -32.956108 1.900382 52.627846
v -19.840034 3.333564 56.427750
v -19.744823 1.907279 58.780575
v -20.994869 1.756355 57.472393
v -18.592417 2.150295 57.694530
v -24.486700 3.212865 56.244320
v -24.487221 2.080286 58.661896
v -25.698038 2.159602 57.471546
v -23.285006 1.802582 57.449558
v -29.280230 1.623915 27.273846
v -29.237732 1.727168 29.661644
v -30.511610 1.713854 28.389164
v -28.066713 1.584481 28.453671
v -34.205666 1.419169 27.290577
v -34.240456 1.456384 29.594622
v -35.380264 1.265520 28.445063
v -33.024590 1.544811 28.406874
v -34.175636 1.301541 22.359631
v -34.249306 1.545143 24.788589
v -35.400345 1.311201 23.578159
v -33.014725 1.589039 23.503834
v -29.303593 3.393690 36.721493
v -34.160599 3.091376 36.700768
v -34.235779 1.527766 32.103512
v -34.167641 1.374656 34.522171
v -35.393272 1.329237 33.300415
v -32.961418 1.530305 33.360405
v -19.578630 2.426063 36.965275
v -19.550606 2.200076 39.351601
v -20.776573 2.294985 38.165573
v -18.334589 2.370458 38.141369
v -24.410889 3.815030 36.747406
v -22.870583 4.479177 37.880810
v -24.469038 2.177877 32.145096
v -24.445061 2.159441 34.552292
v -25.674475 2.031158 33.322723
v -23.238834 2.233763 33.373035
v -9.574944 2.896099 85.236191
v -9.692995 2.537243 87.685898
v -10.810918 2.818543 86.459259
v -8.450454 2.691720 86.468384
v -9.972366 2.926665 94.902679
v -9.994172 2.744812 97.301933
v -11.196306 2.976657 96.105698
v -8.772368 2.716334 96.099228
v -14.783585 3.036466 94.918243
v -14.804379 2.748803 97.314812
v -15.985983 2.800536 96.117401
v -13.601907 3.008423 96.113968
v -14.669975 4.698286 90.372780
v -14.733343 3.065194 92.518112
v -15.890657 3.193846 91.335762
v -13.491794 3.042790 91.314140
v -0.294682 1.962008 94.897331
v -0.328416 1.849222 97.301094
v -1.510441 1.918092 96.099014
v 0.848303 2.230755 96.102234
v -5.113463 2.452367 94.921249
v -5.147620 2.121055 97.298752
v -6.343005 2.409848 96.101135
v -3.919989 2.087935 96.099258
v -3.680282 3.249691 91.325150
v -29.285997 1.698018 85.190979
v -29.287407 1.609338 87.613731
v -30.515982 1.504527 86.408897
v -28.093082 2.292164 86.381332
v -34.157257 1.378628 85.212738
v -34.151436 1.367834 87.621277
v -35.363617 1.328913 86.419601
v -32.944366 1.461174 86.412766
v -34.155197 1.077478 80.419319
v -34.151688 1.066360 82.799881
v -35.357300 1.012393 81.596947
v -32.946228 1.385210 81.599655
v -29.301428 1.281416 94.869370
v -29.308302 1.260686 97.284805
v -30.522543 1.235825 96.075897
v -28.080618 1.334723 96.079330
v -34.151085 1.218266 94.867477
v -34.151085 1.218266 97.282974
v -35.358833 1.218266 96.075218
v -32.943260 1.218500 96.075226
v -34.151085 1.262382 90.036476
v -34.151085 1.222987 92.451981
v -35.358833 1.231428 91.244232
v -32.943275 1.237660 91.244232
v -19.531065 2.427621 94.906181
v -19.571011 2.116178 97.312103
v -20.748583 2.127687 96.105408
v -18.360889 2.464712 96.113731
v -26.249601 6.988315 90.776192
v -29.287186 2.640381 65.793015
v -30.195402 4.554763 66.711899
v -28.046583 4.128521 66.788940
v -34.152786 3.840594 65.607460
v -34.150490 2.805711 61.025856
v -34.143066 2.641078 63.413418
v -35.355980 2.505040 62.224880
v -32.936386 2.952853 62.210339
v -29.250284 2.108360 75.641861
v -29.295275 2.338395 77.991714
v -30.485357 1.718323 76.850800
v -28.049509 2.608302 76.807663
v -34.152939 1.785735 75.588463
v -34.154182 1.472241 78.018433
v -35.363785 1.803652 76.777802
v -32.927666 1.388746 76.845474
v -34.165840 3.382530 70.966202
v -34.157814 1.780130 73.165329
v -35.367569 1.676562 71.950699
v -32.942345 1.811183 71.950264
v -19.452984 2.733548 75.621498
v -19.463203 2.655370 77.985130
v -20.689518 2.783590 76.818245
v -18.204731 2.738703 76.789474
v -24.308950 3.052389 75.655617
v -24.338367 2.952097 77.994011
v -25.562761 2.947001 76.821411
v -23.104546 3.005015 76.829399
v -23.072556 4.127028 72.038704
v 28.666800 3.186750 87.641693
v 27.479515 4.793920 86.619377
v 29.869177 4.553250 86.659676
v 23.894255 3.759564 87.629799
v 22.699545 5.721079 86.733505
v 25.099836 5.209310 86.633659
v 24.319935 4.361180 80.002007
v 24.141064 5.410560 82.273819
v 23.115973 4.284435 81.206802
v 25.376398 4.006907 81.256645
v 28.652044 3.247513 94.888733
v 28.651863 2.686210 97.286980
v 27.444105 3.049569 96.086121
v 29.859982 2.917961 96.086517
v 23.820953 3.261786 94.887756
v 23.820957 2.729814 97.286865
v 22.613789 2.931685 96.083984
v 25.028599 3.082811 96.086380
v 23.844559 3.476450 90.063553
v 23.824810 3.462221 92.490158
v 22.629885 3.393793 91.272011
v 25.034872 3.533322 91.291817
v 38.328812 2.527800 94.892563
v 38.316490 2.057433 97.288658
v 37.113716 2.405558 96.090744
v 39.527794 2.155931 96.086365
v 33.489906 2.881744 94.892685
v 33.484581 2.398658 97.290207
v 32.277550 2.739384 96.089378
v 34.696312 2.575204 96.091400
v 33.508270 3.305123 90.108597
v 33.497955 3.211401 92.500748
v 32.285458 3.335598 91.302536
v 34.722763 3.271276 91.309433
v 9.705760 3.825266 85.150002
v 9.752954 3.986756 87.580231
v 10.772761 2.783776 86.372726
v 3.057448 4.689701 86.753189
v 10.911501 3.873330 96.081192
v 4.029010 5.607434 97.758804
v 2.870350 5.430069 96.137863
v 19.015532 2.788505 94.873207
v 19.001692 2.363171 97.284622
v 17.813156 2.515715 96.076515
v 20.206240 2.696461 96.080536
v 14.281023 2.597116 94.855881
v 14.228291 2.116593 97.278290
v 13.072663 2.303437 96.063606
v 15.436473 2.408164 96.070618
v 14.324537 3.074075 90.022705
v 14.320400 2.943052 92.436600
v 13.171844 3.045035 91.220741
v 15.489571 3.017543 91.236198
v 4.526680 5.015453 65.647858
v 4.535092 4.045436 60.853210
v 4.592782 3.775604 63.407906
v 3.432891 3.706021 62.052654
v 5.723831 3.818099 62.087208
v 9.377359 3.357344 75.635651
v 9.412157 3.272082 77.945145
v 8.180454 3.412461 76.774353
v 10.619419 3.201034 76.783409
v 4.522347 3.162186 75.578392
v 4.544636 2.911632 77.895546
v 3.311719 2.960368 76.712555
v 5.751314 3.210346 76.747116
v 4.561593 4.981666 71.072807
v 4.590425 3.088941 73.367310
v 3.561262 3.021610 72.406036
v 5.873619 3.126539 72.209412
v 20.026527 6.590412 75.039055
v 21.172264 6.108405 76.478134
v 14.509868 3.391735 75.504913
v 14.539940 2.942730 77.805176
v 13.178643 2.865798 76.690659
v 15.575387 5.106985 76.645325
v 14.082238 6.201947 71.051537
v 14.197295 5.380656 73.181160
v 13.126626 3.320117 72.043640
v 30.490923 5.516203 66.778793
v 23.960108 3.136560 65.841728
v 23.979933 3.592844 68.251633
v 22.827036 3.160242 67.027733
v 24.985331 4.404897 67.067497
v 23.210104 2.599832 61.353344
v 23.777714 2.769741 63.467762
v 22.396093 2.805415 62.429039
v 24.620258 4.092563 62.351807
v 28.786369 3.423841 75.526093
v 28.782261 3.452080 77.849113
v 27.654070 3.566254 76.641830
v 29.949158 3.486134 76.718834
v 24.376444 4.193089 75.329910
v 24.394793 4.453097 77.635963
v 23.310738 4.616899 76.445274
v 25.473219 4.065361 76.528107
v 24.126793 3.492126 70.653931
v 24.271851 3.676148 73.018608
v 23.101543 3.686520 71.811836
v 25.308256 3.430799 71.879234
v 38.380241 3.784871 75.459724
v 38.429420 3.307712 77.809021
v 37.193268 3.575200 76.669777
v 39.582756 3.331274 76.611221
v 33.576660 4.088906 75.527962
v 33.546814 3.861014 77.871895
v 32.348209 3.839441 76.717438
v 34.767517 3.935637 76.693893
v 33.700779 4.100441 70.725372
v 33.627205 4.128979 73.153168
v 32.474182 4.010304 71.946686
v 34.808372 3.962283 71.971985
v -9.574857 2.820793 65.998886
v -9.627380 3.371270 68.361252
v -10.762011 3.164474 67.174782
v -8.443237 2.964031 67.152733
v -9.461969 4.760376 75.493935
v -9.445117 4.546033 77.890808
v -10.583982 4.618455 76.710052
v -8.353608 4.646407 76.668915
v -0.336569 3.272292 75.500412
v -0.339360 3.054669 77.840729
v -1.557975 3.387916 76.643463
v 0.872598 3.013537 76.675621
v -5.078497 4.115891 75.446808
v -5.077193 3.897857 77.819572
v -6.188147 4.282020 76.634331
v -3.938531 3.819894 76.623993
v -5.090910 4.200455 70.841789
v -5.075650 3.956055 73.156815
v -6.269926 3.718662 72.014748
v -3.828599 3.443553 72.097504
v -9.976772 4.710523 30.202831
v -14.811630 4.308595 30.081594
v -16.256714 3.246979 23.631489
v -9.735317 3.220151 36.868935
v -9.553723 3.356837 39.086716
v -10.865053 3.187261 38.023258
v -8.413493 3.338251 37.894012
v -14.655447 4.516575 36.665657
v -14.800676 2.960035 32.292351
v -14.745296 2.903359 34.614006
v -15.995424 2.889853 33.448357
v -13.564756 3.009775 33.474213
v -0.202416 4.444208 36.961079
v -0.234859 5.142316 39.255245
v -1.316626 4.225186 38.050079
v 0.957755 4.592549 38.121117
v -4.869570 4.013410 36.793777
v -4.715670 3.611994 38.850288
v -5.977860 3.614050 37.796455
v -3.610682 3.985221 37.865528
v -5.010998 4.813758 32.609924
v -5.009281 4.441624 34.751034
v -6.255594 4.308476 33.661446
v -3.797773 4.961606 33.703621
v 28.654940 2.329038 27.224289
v 28.686575 2.146587 29.687637
v 27.460564 2.234837 28.446049
v 29.873753 2.219538 28.454369
v 23.873137 2.652890 27.227856
v 23.877325 2.363184 29.654137
v 22.719215 2.702606 28.435411
v 25.056728 2.377228 28.439005
v 23.865669 2.523254 22.399742
v 23.875952 2.760747 24.812737
v 22.698780 2.806324 23.613400
v 25.055202 2.582495 23.601604
v 28.819607 2.702849 37.070877
v 28.761768 2.829057 39.334602
v 27.600954 2.869534 38.216118
v 30.002111 2.440250 38.220989
v 38.377457 1.902131 36.939041
v 38.374870 1.810409 39.315933
v 37.174919 1.995974 38.153694
v 39.581558 1.771467 38.106888
v 33.544693 2.227609 37.032509
v 33.591278 2.487695 39.405380
v 32.370117 2.312414 38.259598
v 34.776855 2.319659 38.215595
v 33.516182 3.720967 34.764229
v 38.352470 3.437757 32.365112
v 38.367523 1.857481 34.547607
v 37.157715 1.907364 33.363689
v 39.558815 1.694875 33.317924
v 28.650311 2.384326 22.392532
v 28.649141 2.501468 24.801598
v 27.445885 2.480999 23.597557
v 29.856379 2.510650 23.596462
v -0.112371 5.395118 32.474144
v -0.193608 4.953199 34.704842
v -1.360282 5.255270 33.655788
v 1.034935 5.017745 33.518524
v -9.959454 3.395934 32.438354
v -9.883416 3.315526 34.662903
v -11.142446 3.201430 33.520935
v -8.707958 3.641287 33.588112
v -9.981310 1.574214 22.428356
v -9.974480 3.740110 24.688606
v -11.187075 1.723640 23.675640
v -8.769029 1.873600 23.708698
v -0.249165 4.205529 71.117409
v -0.224283 3.354712 73.310516
v -1.359729 3.095790 72.231430
v 1.156505 2.980266 72.364639
v -9.720170 3.394969 70.849747
v -9.534594 4.448417 73.132187
v -10.821688 3.808308 72.001434
v -8.502117 3.916146 71.988297
v -9.633598 3.060292 61.261227
v -9.643078 3.218215 63.620445
v -10.923063 2.561059 62.485626
v -8.492393 3.797135 62.438564
v 38.289024 3.171664 70.769485
v 38.356552 3.663578 73.117691
v 37.099785 3.460120 72.002106
v 39.553078 3.245909 71.912453
v 27.318104 4.811225 72.011414
v 30.553360 5.258174 62.306137
v 19.797853 5.919813 70.595947
v 19.921190 6.067632 72.982719
v 20.851156 4.146242 71.778320
v 9.375391 4.421092 70.819489
v 9.380688 2.897371 73.294136
v 8.182016 3.086862 72.015923
v 10.622952 2.510010 72.067520
v 9.278666 3.864607 60.939182
v 9.291031 3.820763 63.319107
v 8.078192 3.996185 62.113510
v 10.500633 3.737156 62.129719
v 19.040714 3.162785 90.039665
v 19.030924 3.041856 92.459808
v 17.845856 3.049185 91.246101
v 20.231461 3.203581 91.256836
v 9.822266 4.413691 90.003235
v 9.890537 5.095514 92.124054
v 10.826368 2.859993 91.208916
v 9.454407 2.928884 80.304260
v 9.712269 4.138752 82.716469
v 8.597817 4.997881 81.184044
v 10.673145 2.767807 81.515106
v 38.413795 3.245099 90.131584
v 38.357422 2.944521 92.509430
v 37.163948 3.203001 91.318298
v 39.593887 2.965252 91.321472
v 28.654388 3.436628 90.098717
v 28.652384 3.512367 92.501129
v 27.445475 3.546404 91.303894
v 29.861336 3.453733 91.302994
v 28.767422 3.308741 80.198280
v 28.723377 4.693337 82.415565
v 27.615454 3.449280 81.354546
v 29.911802 3.018038 81.441078
v -19.528090 2.148929 70.795952
v -19.454638 2.567160 73.226486
v -20.793926 2.249870 72.023178
v -18.226631 2.417560 71.993729
v -29.246746 3.837949 70.976753
v -29.213955 1.944267 73.223709
v -30.463419 1.816858 71.975510
v -27.997755 2.424702 71.998108
v -29.314245 3.082183 61.025681
v -29.301188 2.967149 63.389809
v -30.517115 3.109988 62.204636
v -28.097450 2.937875 62.207848
v -19.430962 2.606231 90.065086
v -19.481558 2.590446 92.491150
v -20.615459 2.725561 91.270096
v -18.268667 2.811722 91.290329
v -29.294010 1.409857 90.034805
v -29.295723 1.302520 92.453087
v -30.519297 1.261711 91.244370
v -28.094328 2.108046 91.225357
v -29.304155 2.237560 80.363594
v -29.293501 1.960082 82.768127
v -30.525946 1.980477 81.573135
v -28.060631 2.241790 81.551910
v -0.177359 2.322864 90.115982
v -0.232773 2.101849 92.503944
v -1.386742 2.323403 91.320755
v 0.978852 2.132738 91.296814
v -9.826527 2.495543 90.124138
v -9.918171 2.843335 92.511063
v -11.080615 2.868689 91.313477
v -8.660798 2.636095 91.317825
v -9.456629 4.005286 80.317001
v -9.499863 3.372746 82.773109
v -10.612609 3.673517 81.556587
v -8.361782 3.621854 81.530304
v -19.623947 2.461835 32.231186
v -19.605001 2.544145 34.607040
v -20.808664 2.260745 33.420540
v -18.415895 2.723723 33.433395
v -29.271429 1.627814 32.123386
v -29.315931 1.575154 34.499863
v -30.498072 1.541693 33.331989
v -28.104229 1.666752 33.292015
v -29.367147 1.647848 22.266991
v -29.338587 1.933856 24.874233
v -30.581480 1.815665 23.501369
v -28.136074 1.925938 23.538956
v -19.598207 3.703516 51.093159
v -31.097548 5.498505 52.189472
v -29.294867 4.593356 42.193394
v -29.311365 2.833268 44.242195
v -30.528341 2.930848 43.123940
v -28.085457 2.758134 43.078796
v -0.019821 4.228189 51.434349
v 0.117022 4.916142 53.812130
v -1.089744 4.724039 52.610962
v 1.208156 4.355193 52.544647
v -9.550182 4.000629 51.335068
v -10.802073 4.932510 52.417469
v -8.371205 5.662168 52.370361
v -9.437638 3.723826 41.411011
v -9.411584 4.053353 43.842552
v -10.595019 4.023129 42.716137
v -8.261652 3.732811 42.516914
v 19.459694 3.687348 32.169937
v 19.343529 3.380041 34.676193
v 18.129435 3.783168 33.490738
v 20.610701 3.097299 33.400017
v 9.177485 4.320395 32.096748
v 9.370293 3.756695 34.512634
v 8.237921 2.565512 33.271473
v 9.379051 2.047544 22.324360
v 9.418434 2.479903 24.795437
v 8.151424 2.502335 23.544510
v 10.670156 2.162813 23.562088
v 18.599253 3.932530 51.288734
v 18.648945 5.481194 53.646114
v 17.366650 3.995020 52.588749
v 19.586851 3.964814 52.714928
v 9.215182 3.577250 51.496529
v 8.065916 4.374524 52.642994
v 10.454065 4.756695 52.448315
v 9.523205 4.970325 44.554916
v 8.296879 6.172172 43.593967
v 10.778934 6.463935 43.523026
v 38.320602 1.472112 51.390636
v 38.027061 3.953804 53.526070
v 37.117210 1.675962 52.617043
v 39.540565 3.197263 52.372879
v 28.712246 3.626448 51.333775
v 27.287146 4.804206 52.540333
v 29.933828 4.948323 52.194042
v 28.557034 3.096498 41.803009
v 28.431778 3.324093 44.296822
v 27.267618 2.963779 43.126339
v 29.815111 3.614997 42.953705
v 19.154430 4.142240 41.832188
v 19.063225 4.399330 44.231125
v 17.951923 4.632154 43.057686
v 20.250570 4.090900 43.023174
v 19.162113 2.781389 22.427921
v 19.235292 3.210833 24.852760
v 18.020121 2.976650 23.653156
v 20.367794 3.007619 23.634373
v -0.314277 4.609438 44.533539
v -19.539640 2.060290 41.758484
v -19.540819 1.987015 44.154991
v -20.778387 1.853507 42.974884
v -18.276608 2.168897 42.946823
v -19.656082 1.364194 22.415966
v -19.654339 3.277249 24.627518
v -20.863695 1.464942 23.640991
v -18.444614 1.478644 23.646492
v -19.434181 2.494619 80.351891
v -19.387419 2.357958 82.748779
v -20.645958 2.435587 81.538055
v -18.150389 2.493828 81.553947
v -19.605690 1.812322 61.085812
v -19.622225 1.823734 63.440460
v -20.832729 1.792866 62.248867
v -18.343859 1.951530 62.257992
v 38.528122 3.604485 80.216171
v 37.309128 5.134297 81.218788
v 39.777573 4.974184 81.227264
v 17.774311 5.195485 81.730217
v 18.688555 3.560178 61.382423
v 19.067717 3.378862 63.442322
v 17.727650 3.459704 62.338684
v 20.104609 3.221435 62.425964
v 38.390648 2.671560 61.185101
v 38.360237 2.784742 63.527462
v 37.254395 3.149785 62.342304
v 39.499069 2.233164 62.345520
v -0.106705 4.525291 61.041725
v 0.062995 2.962565 63.501892
v -1.190288 3.720896 62.267761
v 1.153160 3.676862 62.115635
v -0.184619 3.109098 22.465443
v -0.129266 5.363599 24.845364
v -1.350513 3.468200 23.784458
v 1.083863 3.716425 23.726803
v 38.313286 1.943503 22.397594
v 38.313339 1.974477 24.812180
v 37.104790 2.163259 23.602535
v 39.521278 1.802536 23.605923
v 39.521461 1.792697 24.813828
v 37.105026 2.153882 24.810101
v 37.105072 2.113753 22.396145
v 1.101839 5.214168 25.033859
v -1.341600 5.298385 24.854843
v -1.408172 2.906377 22.477947
v 1.213037 3.187595 63.471230
v -1.097950 2.916874 63.579769
v -1.266076 4.553200 61.109272
v 39.443283 2.176996 63.546761
v 37.255989 3.258521 63.519146
v 37.241570 3.014535 61.183262
v 20.248211 3.161602 63.460655
v 17.868679 3.533981 63.420090
v 17.473122 3.453177 61.288818
v 17.816586 4.612482 82.637566
v 37.292297 3.664700 80.219345
v -18.401060 1.982141 63.427353
v -20.828739 1.816011 63.445454
v -20.849876 1.778436 61.062862
v -18.135029 2.446698 82.760529
v -20.620586 2.356727 82.738678
v -20.670301 2.531873 80.347855
v -18.443972 3.306141 24.630138
v -20.863934 3.244098 24.622879
v -20.865131 1.369003 22.414623
v -18.269102 2.188552 44.143764
v -20.783653 1.866023 44.168854
v -20.770679 2.013250 41.773998
v 0.927802 4.734129 44.570839
v -1.561162 4.613518 44.481575
v 20.390957 3.152423 24.847595
v 18.062965 3.188879 24.854115
v 17.975906 2.713395 22.434895
v 20.233280 4.116485 44.219860
v 17.896900 4.718759 44.247532
v 18.008076 4.500770 41.854126
v 36.824776 4.074612 41.413078
v 29.757805 3.795314 44.198483
v 27.245155 2.912234 44.308559
v 27.348934 3.037014 41.865746
v 26.868662 5.451167 53.407417
v 27.406483 3.917152 51.345161
v 37.131042 3.490168 53.607578
v 37.114662 1.586382 51.389198
v 10.755780 5.148802 44.502716
v 8.288382 4.774552 44.595802
v 7.913600 4.600385 53.716534
v 8.027725 3.419864 51.528606
v 19.750557 5.228082 53.704296
v 17.548470 5.592500 53.588985
v 17.488829 3.855714 51.240074
v 10.677197 3.662820 24.815254
v 8.163272 2.689417 24.793400
v 8.144918 2.244135 22.329193
v 8.242916 2.688264 34.479988
v 8.225527 2.623604 32.069183
v 20.535881 2.994135 34.636852
v 18.124846 3.649377 34.683098
v 18.155396 3.954818 32.232170
v -8.281122 3.829449 43.754189
v -10.578556 4.174090 43.931282
v -10.637709 3.784041 41.513535
v -10.756804 3.813289 51.333717
v 1.249446 4.671116 53.755264
v -1.040332 5.065064 53.866249
v -1.189147 4.301361 51.439381
v -28.090462 2.811790 44.220078
v -30.530577 2.787355 44.256989
v -30.519838 4.622261 42.201050
v -30.976637 5.702294 51.307133
v -20.809929 3.812274 51.071377
v -28.118105 1.931760 24.898689
v -30.551683 1.914207 24.837708
v -30.572744 1.559283 22.281109
v -28.100790 1.712459 34.505280
v -30.521700 1.497195 34.509315
v -30.468836 1.689551 32.159927
v -18.402170 2.693614 34.608234
v -20.799898 2.249869 34.605465
v -20.824606 2.333964 32.226044
v -8.373636 3.314097 82.766876
v -10.647614 3.387807 82.782272
v -10.588958 3.971939 80.335587
v -8.708774 2.812268 92.504318
v -11.126533 2.987012 92.509689
v -11.024492 2.736461 90.112411
v 0.953546 2.017746 92.493210
v -1.420554 2.201103 92.512222
v -1.357784 2.417651 90.127869
v -28.050652 2.083837 82.756371
v -30.522833 1.867652 82.777916
v -30.527754 2.045403 80.376404
v -28.082306 1.582055 92.453300
v -30.520041 1.247743 92.452332
v -30.518076 1.289822 90.036316
v -18.295834 2.734312 92.499519
v -20.643654 2.671282 92.482849
v -20.598446 2.673095 90.054184
v -28.089169 2.867702 63.391872
v -30.512075 2.999302 63.391384
v -30.523645 3.142668 61.023308
v -27.995684 2.418874 73.226250
v -30.433817 1.555618 73.225388
v -30.489897 3.643079 70.967056
v -18.202106 2.585566 73.200439
v -20.710703 2.583940 73.245537
v -20.820662 2.049559 70.794785
v 29.895830 4.531571 82.447510
v 27.567774 4.902897 82.375984
v 27.638124 3.544142 80.147537
v 29.861101 3.442259 92.499115
v 27.444355 3.555149 92.502434
v 27.449091 3.480753 90.093681
v 39.567177 2.799298 92.508308
v 37.144890 3.038032 92.508484
v 37.190155 3.320450 90.127014
v 10.695459 2.698840 82.725189
v 8.498122 4.546304 80.292671
v 10.797169 4.118141 92.426483
v 20.224451 3.132166 92.465775
v 17.842178 2.975823 92.454567
v 17.845703 3.081178 90.036171
v 10.507295 3.717858 63.320213
v 8.092078 3.923689 63.333572
v 8.070567 4.038622 60.926003
v 10.635467 2.560510 73.339088
v 8.149187 3.263718 73.261375
v 8.143928 4.663975 70.798889
v 20.930147 4.350278 72.953888
v 30.542482 5.261765 63.494659
v 27.402779 4.417941 73.144112
v 27.135687 5.823039 71.140663
v 39.561264 3.409278 73.097298
v 37.130005 3.636757 73.175850
v 37.080444 3.302906 70.805199
v -8.469836 3.599503 63.593800
v -10.925354 2.667120 63.668102
v -10.905927 2.526268 61.274559
v -8.414938 4.432029 73.121475
v -10.701943 4.324754 73.145149
v -10.904100 3.379158 70.838196
v 1.006248 3.256160 73.343979
v -1.461519 3.444074 73.262054
v -1.480602 4.201932 71.089729
v -8.760573 3.869289 24.716908
v -11.183916 3.645406 24.667694
v -11.188103 1.535644 22.421329
v -8.666718 3.540388 34.677021
v -11.095618 3.155987 34.649078
v -11.176517 3.206513 32.385071
v 0.993063 4.777537 34.644043
v -1.385826 5.009514 34.752106
v -1.321853 5.451224 32.544601
v 29.855766 2.516523 24.801456
v 27.445417 2.510353 24.802364
v 27.445967 2.366837 22.393326
v 39.567741 1.752101 34.522774
v 37.167130 1.968394 34.574162
v 37.152161 3.561308 32.386303
v 34.750282 3.799320 34.808826
v 32.296013 3.711745 34.772518
v 34.770081 2.306568 39.393494
v 32.425789 2.575305 39.384857
v 32.311638 2.074189 37.063217
v 39.580833 1.717092 39.298866
v 37.169418 1.937801 39.337914
v 37.176476 2.024035 36.967705
v 30.005196 2.601928 39.319199
v 27.545519 2.996614 39.375641
v 27.618530 2.731289 37.059006
v 25.055929 2.639643 24.806973
v 22.707375 2.903489 24.822056
v 22.686041 2.622823 22.404697
v 25.064045 2.245029 29.661377
v 22.747263 2.565845 29.636925
v 22.708069 2.825507 27.236088
v 29.891970 3.536929 29.690840
v 27.478065 2.149798 29.678738
v 27.450104 2.351274 27.223331
v -3.794119 4.725169 34.772354
v -6.226987 4.126843 34.721630
v -6.248662 4.424938 32.586689
v -3.571846 4.362678 39.124413
v -5.907617 3.489362 38.848785
v -6.071759 3.768963 36.776443
v 0.899536 6.035625 39.191292
v -1.367010 4.808943 39.198013
v -1.359349 4.485715 36.938572
v -13.524574 2.971678 34.623295
v -15.968168 2.833777 34.609680
v -16.011162 2.894012 32.270031
v -15.880671 4.392904 36.690132
v -8.329581 3.373692 38.986084
v -10.778458 3.329571 39.166180
v -10.954535 3.117921 36.898159
v -16.333521 3.924565 24.543350
v -16.258219 3.121974 22.400684
v -13.606207 4.390624 30.115393
v -16.017426 4.181445 30.024902
v -8.733177 4.947318 30.258335
v -11.200201 4.562976 30.170454
v -3.893139 3.746070 73.177483
v -6.222936 4.153953 73.138245
v -6.296332 3.146374 70.890038
v -3.933791 3.677536 77.814934
v -6.185884 4.124617 77.831284
v -6.188349 4.350153 75.449951
v 0.877349 2.881584 77.853928
v -1.552135 3.261979 77.827858
v -1.551319 3.462458 75.480789
v -8.350554 4.486049 77.868889
v -10.575461 4.476270 77.912643
v -10.600506 4.666311 75.511551
v -8.502152 3.265812 68.364761
v -10.794259 3.465762 68.350876
v -10.777577 2.884924 66.022202
v 34.785690 3.959468 73.179001
v 32.435436 4.010044 73.157593
v 32.517197 4.005216 70.727356
v 34.770592 3.871927 77.858009
v 32.329899 3.681294 77.889725
v 32.372253 3.941055 75.541656
v 39.621147 3.187817 77.795578
v 37.224861 3.407804 77.838882
v 37.169434 3.717674 75.505287
v 25.366270 3.448425 73.059082
v 23.180309 3.948706 72.984848
v 23.019958 3.518778 70.625244
v 25.475594 4.161098 77.682854
v 23.299274 4.672447 77.604828
v 23.293221 4.464253 75.294083
v 29.938810 3.415860 77.883255
v 27.657003 3.609058 77.798332
v 27.644865 3.471099 75.484505
v 25.056366 4.044978 63.463692
v 22.601025 2.792514 63.474499
v 22.128042 2.908158 61.433887
v 24.981018 4.593352 68.278076
v 22.877407 3.295904 68.229080
v 22.787710 2.994871 65.827797
v 13.161886 3.172136 73.257225
v 13.116742 5.280849 71.002777
v 15.590127 4.763509 77.797997
v 13.167727 2.711519 77.847504
v 13.191512 2.908747 75.548752
v 21.138618 6.033845 77.652443
v 5.774273 3.180490 73.314835
v 3.409233 3.082201 73.383255
v 3.390513 4.839047 71.131622
v 5.768969 3.060751 77.909042
v 3.319746 2.805739 77.881104
v 3.309693 3.073349 75.560211
v 10.623383 3.097215 77.935440
v 8.204139 3.284049 77.935570
v 8.158398 3.459230 75.618988
v 5.751974 3.851799 63.391636
v 3.457633 3.642016 63.426464
v 3.385056 4.176075 60.861290
v 3.361741 4.804297 65.725616
v 15.485502 2.933273 92.443634
v 13.160302 2.935803 92.429016
v 13.170693 3.083049 90.014236
v 15.417583 2.169879 97.280518
v 13.038888 2.052388 97.276260
v 13.107459 2.550669 94.850929
v 20.203014 2.451946 97.285080
v 17.803740 2.285592 97.283821
v 17.824093 2.710925 94.869499
v 3.018773 4.831632 89.769073
v 3.109376 4.947430 97.412506
v 2.901465 4.830696 94.925354
v 10.871095 3.647867 97.296829
v 3.133864 4.176208 87.657791
v 10.798247 2.854869 87.584579
v 34.713837 3.155766 92.503456
v 32.283562 3.277370 92.498772
v 32.287350 3.304843 90.104103
v 34.693047 2.324618 97.290642
v 32.276123 2.472557 97.289421
v 32.279343 2.969278 94.891235
v 39.523605 1.925922 97.287079
v 37.109108 2.161998 97.289917
v 37.120735 2.634747 94.894180
v 25.030220 3.536786 92.497253
v 22.621695 3.355295 92.481354
v 22.643341 3.428818 90.056458
v 25.028612 2.775751 97.287354
v 22.613613 2.648331 97.286118
v 22.614668 3.148098 94.884537
v 29.859724 2.620628 97.287445
v 27.444101 2.741107 97.287079
v 27.444128 3.304773 94.889366
v 25.284210 5.306233 82.299004
v 22.984598 5.413944 82.263046
v 23.197662 4.492643 79.980339
v 25.090685 3.563120 87.605919
v 22.691906 3.894774 87.658287
v 29.867149 3.070499 87.656998
v 27.472389 3.304652 87.622757
v -22.995197 4.281455 73.225594
v -23.114746 2.933122 77.995728
v -25.576010 2.885855 77.990959
v -25.543734 2.971311 75.647446
v -18.201107 2.701157 77.975998
v -20.694471 2.716846 77.991905
v -20.677153 2.815564 75.639687
v -32.935669 1.755282 73.176514
v -35.367645 1.711669 73.162369
v -35.373199 2.978407 70.733902
v -32.938675 1.253243 78.051895
v -35.363167 1.717167 77.985680
v -35.365196 1.807682 75.572823
v -28.063332 2.590236 77.985245
v -30.511564 1.906569 78.018967
v -30.454351 1.531934 75.673698
v -32.932480 2.832444 63.403416
v -35.353561 2.399301 63.425148
v -35.358597 2.550291 61.030380
v -35.363884 3.665358 65.619934
v -30.509680 3.819567 65.804367
v -26.203793 6.416195 89.919571
v -18.377176 2.280972 97.314583
v -20.770376 1.964605 97.308716
v -20.719784 2.306409 94.900352
v -32.943283 1.224001 92.451981
v -35.358833 1.221414 92.451981
v -35.358833 1.254499 90.036476
v -32.943306 1.218360 97.282974
v -35.358833 1.218266 97.282974
v -35.358833 1.218266 94.867477
v -28.087408 1.312780 97.286865
v -30.523962 1.231763 97.283569
v -30.521322 1.239298 94.868134
v -32.944962 1.494995 82.791954
v -35.366447 0.873493 82.809357
v -35.360001 1.271217 80.398552
v -32.943520 1.380826 87.620697
v -35.359642 1.339096 87.622047
v -35.372993 1.168796 85.225029
v -28.072542 2.394978 87.599136
v -30.515749 1.415284 87.618759
v -30.517214 1.613235 85.198265
v -3.716940 3.155488 92.489960
v -3.937404 1.980376 97.298660
v -6.358603 2.283164 97.299118
v -6.318206 2.661933 94.923927
v 0.855223 2.076832 97.307541
v -1.525419 1.819277 97.299347
v -1.485799 1.983986 94.900078
v -13.536550 3.099827 92.517303
v -15.923662 2.990261 92.515854
v -15.874178 4.915033 90.372704
v -13.608612 2.840296 97.312180
v -15.996382 2.614058 97.316132
v -15.971991 2.917094 94.917969
v -8.782848 2.603648 97.299957
v -11.203079 2.841569 97.304939
v -11.183402 3.042737 94.906944
v -8.499512 2.543694 87.690025
v -10.882452 2.716374 87.679260
v -10.748014 2.948534 85.236282
v -23.226816 2.087453 34.582600
v -25.663189 2.059760 34.530121
v -25.682646 1.987960 32.120430
v -25.627371 3.771515 36.735126
v -18.313892 2.268687 39.335693
v -20.769264 2.212673 39.366158
v -20.787722 2.350504 36.973862
v -32.950058 1.428245 34.533157
v -35.373215 1.316488 34.504562
v -35.418831 1.359754 32.078159
v -35.368126 3.047850 36.693443
v -30.524199 3.291197 36.717461
v -33.028198 1.727489 24.788128
v -35.427788 1.370846 24.800999
v -35.370842 1.246062 22.387020
v -33.054359 1.677445 29.575068
v -35.399391 1.298571 29.624641
v -35.394989 1.305841 27.264763
v -28.056379 1.651167 29.676935
v -30.489180 1.831840 29.629284
v -30.510767 1.679626 27.263889
v -23.284227 1.887482 58.655693
v -25.696674 2.307859 58.667187
v -25.703209 3.704627 56.500023
v -18.455679 2.093347 58.874100
v -20.944555 1.781002 58.694550
v -20.959278 3.364465 56.380795
v -32.934288 1.843681 53.857735
v -35.350182 1.711540 53.835743
v -35.365486 1.664132 51.400188
v -32.935387 2.745661 58.661182
v -35.315315 2.203519 58.675205
v -35.238525 1.485147 56.328293
v -28.117399 2.734178 58.668564
v -30.533854 2.910326 58.654678
v -30.536478 3.943809 56.502823
v -32.959496 2.399414 44.241608
v -35.377800 2.050972 44.216599
v -35.381203 1.955222 41.813637
v -32.992088 2.759336 48.984253
v -35.371101 1.865517 48.991669
v -35.373817 2.011238 46.601196
v -28.079622 5.576119 48.633266
v -30.616240 4.514431 48.952667
v -30.549799 3.174230 46.580780
v -5.986809 5.902093 51.088154
v -3.533375 5.266588 58.812855
v -6.092043 4.933376 58.771736
v 1.106176 5.311728 58.723721
v -1.199273 5.342128 58.798119
v -1.066527 5.463322 56.399853
v -8.429840 3.643983 58.735840
v -10.927228 2.746172 58.691761
v -8.359440 4.068095 48.805801
v -10.729427 4.008156 48.842705
v -10.645621 3.934253 46.378334
v 15.779545 3.737026 34.614113
v 15.815587 4.675830 39.471821
v 13.687990 6.809585 39.829193
v 20.352396 3.554153 39.392700
v 18.097145 4.116539 39.419369
v 18.131847 3.713808 37.011246
v 5.743464 3.315471 34.466377
v 3.357453 4.146213 34.528130
v 3.438245 4.493744 32.216785
v 5.773433 8.097937 38.819340
v 3.286027 8.020353 38.849327
v 3.327583 4.281901 36.883812
v 8.287563 6.666800 39.095604
v 8.278197 3.447623 36.954906
v 5.808272 3.254866 24.836231
v 3.501635 3.868928 24.916916
v 3.418450 3.141735 22.411938
v 5.829157 3.605519 29.723158
v 3.515785 4.609670 29.869753
v 3.543525 4.386333 27.428627
v 8.203295 2.753023 29.670946
v 8.192690 2.787108 27.277527
v 15.292776 5.325247 53.528057
v 13.266507 5.308208 53.460342
v 12.968358 3.755312 51.218094
v 15.170830 5.491813 59.101364
v 12.927158 5.107120 58.943714
v 19.763088 5.303049 59.261227
v 17.388882 5.535912 59.168568
v 5.878601 3.500161 53.570847
v 3.518044 4.039759 53.644779
v 3.409913 3.656716 51.491974
v 5.686213 4.398501 58.577892
v 3.375799 4.926300 58.632862
v 3.442992 4.648215 56.232277
v 10.489321 3.441027 58.610455
v 8.075956 3.864950 58.570175
v 7.928447 4.798536 56.087486
v 5.810463 5.494064 44.559429
v 3.364646 5.340806 44.740452
v 5.761284 3.411057 49.229599
v 3.379094 3.244303 49.333305
v 3.371858 3.783933 46.934978
v 10.593175 4.381897 49.014229
v 8.158278 3.837871 49.119194
v 8.234074 4.652639 46.891567
v 35.065765 4.423563 53.477871
v 32.321457 2.659719 51.430382
v 34.902451 3.106367 58.792385
v 32.618786 3.386042 58.757484
v 39.610138 2.226481 58.833229
v 37.190506 2.707968 58.854843
v 24.543056 4.452037 53.672054
v 22.035889 4.572148 53.777687
v 22.237564 3.888351 51.350693
v 24.092514 4.616483 59.086548
v 21.997740 4.614004 59.194210
v 30.466532 5.091268 58.730038
v 24.908966 3.630867 48.634056
v 22.491085 4.010582 48.684074
v 22.592546 3.868001 46.536900
v 29.847698 3.577680 48.923721
v 27.445976 3.844929 48.744659
v 27.338264 3.141692 46.556831
v 32.493427 4.556459 44.036373
v 32.471848 4.253805 41.644653
v 34.899811 2.228446 48.999969
v 32.402470 3.158882 49.064728
v 32.505035 3.548081 46.541702
v 39.526749 1.318928 48.958752
v 37.129692 1.518723 48.955078
v 37.136566 1.530071 46.532337
v 15.565488 5.180039 44.297508
v 13.191272 5.330808 44.387325
v 13.536274 6.514903 41.976639
v 15.382266 4.498863 48.867138
v 13.007647 4.554514 48.911884
v 13.073446 5.156573 46.683159
v 20.051163 4.284837 48.804146
v 17.706511 4.353130 48.859440
v 17.813015 4.720582 46.592812
v 12.771822 3.992819 22.120586
v 15.639526 4.977509 29.702921
v 20.628231 3.324377 29.559910
v 18.209610 3.992487 29.593950
v 18.161930 3.603437 27.160446
v -3.753790 3.106634 43.733078
v -6.038229 3.345176 43.639267
v -5.911252 3.344565 41.140602
v -3.792926 3.479040 48.923729
v -6.089510 3.842407 48.811764
v -6.145384 3.216179 46.197784
v 1.002134 3.265136 49.309570
v -1.419320 3.080729 49.141479
v -1.477625 2.695765 46.565880
v -23.227880 2.019357 44.186562
v -25.650734 2.589439 44.193520
v -25.630037 3.953588 42.035934
v -23.176807 5.638944 48.767101
v -25.670364 6.726220 48.368103
v -25.659914 3.595315 46.440002
v -18.285425 2.094588 48.914471
v -20.801252 2.109585 48.917854
v -20.794361 1.989291 46.542198
v -23.250658 1.587384 24.861217
v -25.625525 1.767693 24.882286
v -25.646656 1.596919 22.317543
v -25.689653 3.101741 29.700432
v -25.920637 3.265476 27.294056
v -18.428610 3.855586 29.932056
v -20.850185 3.903283 30.004343
v -6.497110 5.890553 79.962975
v -3.468956 4.400410 88.034660
v 1.020478 2.243367 87.695999
v -1.331211 2.478643 87.725945
v -1.394510 2.379566 85.209427
v -22.772278 4.663090 82.401855
v -25.588778 4.250040 80.098763
v -26.127340 5.741283 87.998795
v -18.179258 2.595773 87.639938
v -20.590712 2.377475 87.612328
v -20.588829 2.298813 85.166611
v -23.246361 2.111706 63.430542
v -25.664133 2.526476 63.407425
v -25.686321 2.507906 61.036697
v -25.614864 2.484512 65.822777
v -18.498898 2.105317 68.365791
v -20.720097 3.564943 68.325027
v -20.811512 1.911099 65.873703
v 32.308968 4.487795 82.476456
v 32.311729 3.250279 80.259262
v 34.769463 3.196710 87.696167
v 32.294914 3.003020 87.678696
v 39.726341 3.208885 87.714218
v 37.264275 3.375893 87.708328
v 37.635857 5.415793 85.539398
v 15.553352 2.813063 82.692513
v 13.079755 2.662732 82.737221
v 13.101760 2.777489 80.298492
v 15.461406 2.917205 87.611023
v 13.135889 2.954643 87.601013
v 13.094492 2.744086 85.174965
v 20.278616 3.657964 87.646080
v 17.851009 3.026111 87.600288
v 17.923727 4.101443 85.116425
v 15.437242 3.606731 63.377800
v 12.968473 3.617092 63.342079
v 12.921809 3.529698 61.019913
v 20.581171 3.654501 68.191376
v 18.303240 5.352846 65.490234
v 35.015419 3.869676 63.516682
v 32.746304 4.096354 63.506317
v 32.723465 3.862733 61.150471
v 34.933189 3.992165 68.289536
v 32.611351 4.019662 68.285812
v 32.698128 4.087880 65.874641
v 39.448357 2.539042 68.344994
v 37.119919 3.226290 68.352371
v 37.220444 3.331421 65.899574
v -3.627728 3.654564 63.848721
v -6.264339 3.884990 63.779861
v -6.274037 4.855466 61.366299
v -6.208958 2.914319 68.480484
v -6.150240 2.807859 66.113464
v -1.199272 3.627953 66.131798
v -3.813491 4.881061 24.844799
v -6.304170 4.296225 24.789837
v -6.343721 1.860360 22.459999
v -3.741408 6.589730 30.534883
v -6.235415 5.782152 30.443481
v 1.172203 5.351774 30.066908
v -1.229444 6.608382 30.249708
v 34.688095 2.432717 24.805866
v 32.271408 2.537128 24.802788
v 32.272446 2.470377 22.391914
v 34.406425 4.341187 29.387751
v 32.303707 3.864304 29.464306
v 32.276920 2.341951 27.230206
v 37.110527 2.015288 27.236843
v 39.524803 1.694937 27.235962
v 34.694305 2.257581 27.234940
v 34.688560 2.380157 22.393303
v 1.493971 6.669906 27.871378
v -3.878862 2.348228 22.481735
v 1.061579 4.198439 65.911354
v -3.647852 3.732148 66.125565
v -3.612690 4.929586 61.261978
v 39.398628 2.224508 65.946304
v 34.989319 3.962828 65.881981
v 34.992516 3.585066 61.164036
v 20.418770 3.368495 65.793983
v 15.229457 3.354047 61.136395
v 15.474277 2.753425 85.163116
v 15.717408 3.116698 80.208389
v 39.789665 4.777805 85.463234
v 34.789223 3.619033 80.235504
v -18.567766 2.059633 65.855865
v -23.188328 2.207578 65.856094
v -23.270330 2.037886 61.043537
v -18.135477 2.457414 85.194397
v -23.117809 3.993143 80.328972
v 0.848212 3.222188 85.202332
v -23.263464 1.404033 22.396587
v -18.265310 2.197155 46.526260
v -23.226494 2.679809 46.525867
v -23.209843 3.383516 41.761490
v 0.970918 3.079504 46.798573
v -3.869373 2.971198 46.293884
v -3.937090 4.423193 41.462830
v 20.471596 3.265565 27.209618
v 15.889828 4.955038 27.231941
v 20.181938 4.262919 46.570614
v 15.453547 5.072457 46.616409
v 15.706422 5.042812 41.916054
v 39.539391 1.331483 46.536537
v 34.963272 2.336906 46.500484
v 34.745399 3.844270 41.503513
v 29.751472 3.764268 46.604874
v 24.948614 3.144992 46.524445
v 24.730595 3.972103 51.346619
v 34.749458 2.028606 51.415672
v 10.662118 4.987853 46.792038
v 5.801582 4.234139 46.944393
v 5.791761 3.990460 56.086063
v 5.739182 3.367095 51.502537
v 15.305027 3.727672 51.177830
v 10.325316 4.829328 26.924969
v 5.844302 3.513869 27.305012
v 5.773041 2.728240 22.377251
v 5.760620 3.884872 36.873497
v 5.782143 3.508274 32.097691
v 20.424450 3.025863 36.995861
v 15.849710 4.157530 37.016682
v 15.643338 3.699295 32.254169
v -8.336115 3.616486 46.251770
v 1.207302 5.227419 56.335468
v -3.490893 6.567937 56.583595
v -3.607984 5.817758 51.185326
v -28.098944 3.554255 46.495876
v -32.968231 2.561773 46.603703
v -32.959320 3.580524 41.862366
v -28.128876 3.948422 56.515755
v -32.864944 1.901922 56.319931
v -32.994324 2.305306 51.403282
v -18.623671 3.395803 56.541473
v -23.269928 3.097738 56.211155
v -28.086254 1.580942 27.295891
v -32.999657 1.563578 27.295689
v -32.976051 1.381087 22.326870
v -28.078646 3.519155 36.725327
v -32.951622 3.144382 36.707504
v -32.997581 1.688137 32.142113
v -18.358772 2.487731 36.956657
v -23.199526 3.489985 36.990177
v -23.254280 2.311575 32.172676
v -8.415255 2.848166 85.240013
v -8.754362 2.801455 94.897095
v -13.589823 3.101593 94.915970
v -13.462873 4.537051 90.349174
v 0.880796 2.091195 94.894577
v -3.900403 2.227610 94.899750
v -3.644329 3.396662 90.137253
v -28.080681 2.129558 85.175735
v -32.945961 1.528242 85.205353
v -32.950203 1.264483 80.422318
v -28.073927 1.356046 94.871414
v -32.943245 1.218565 94.867477
v -32.943260 1.265818 90.036476
v -18.342648 2.595185 94.911316
v -28.063755 2.623157 65.797073
v -32.940575 3.985293 65.594116
v -32.941917 3.000857 61.023220
v -28.029915 2.560498 75.628036
v -32.924667 1.556549 75.628189
v -32.952080 3.459532 70.961868
v -18.201370 2.743372 75.599976
v -23.090166 3.038802 75.657516
v -22.996119 4.684169 71.149422
v 25.424984 4.126414 80.041061
v 29.860334 3.165744 94.888771
v 25.028543 3.327251 94.889511
v 25.045074 3.502435 90.073685
v 39.535637 2.384612 94.889755
v 34.700706 2.801687 94.893875
v 34.734116 3.322718 90.114563
v 10.745756 2.720740 85.157806
v 10.936450 4.077744 94.858383
v 20.211279 2.890837 94.876923
v 15.456409 2.624982 94.860962
v 15.484982 3.045938 90.029541
v 5.394878 5.559297 65.506081
v 5.699577 4.019614 60.875660
v 10.624167 3.058704 75.644295
v 5.735291 3.295599 75.592842
v 5.735988 4.961037 70.942772
v 20.962641 5.820103 75.307251
v 15.548347 5.385582 75.488327
v 30.469725 5.161210 65.880493
v 25.048944 3.909177 65.856552
v 24.387039 3.979802 61.260815
v 29.963047 3.511825 75.549225
v 25.451998 3.896472 75.377899
v 25.211887 3.947594 70.694572
v 39.575287 3.520096 75.444801
v 34.768646 3.962653 75.532806
v 34.847618 3.983637 70.743790
v -8.428742 2.830616 65.950142
v -8.360625 4.709126 75.476021
v 0.879527 3.119492 75.519135
v -3.935868 3.877664 75.449738
v -3.891145 4.451851 71.053436
v -8.511776 3.359840 36.826965
v -13.423467 4.596793 36.661182
v -13.590223 3.019050 32.314034
v 0.960310 4.348824 36.958366
v -3.688108 4.235744 36.840378
v -3.774952 5.143679 32.612541
v 29.861538 2.331038 27.225754
v 25.054415 2.509618 27.223572
v 25.052322 2.438104 22.396553
v 29.987509 2.430295 37.091553
v 39.579529 1.798061 36.915306
v 34.771843 2.269754 37.019032
v 39.552284 3.319781 32.344612
v 29.857124 2.420846 22.392063
v 1.083373 5.208786 32.389030
v -8.727386 3.674560 32.494793
v -8.773958 1.627355 22.436626
v 0.992070 4.347769 71.140907
v -8.587847 3.333483 70.847359
v -8.503720 3.813973 61.269993
v 39.534111 3.039813 70.724632
v 30.542809 5.208337 61.117622
v 20.762598 3.957286 70.589935
v 10.623629 4.385315 70.895393
v 10.495773 3.682879 60.956684
v 20.240108 3.263495 90.045601
v 10.829420 2.916573 90.001030
v 10.653618 2.869622 80.310822
v 39.630615 3.086140 90.132385
v 29.861845 3.380658 90.100616
v 29.921360 3.168702 80.236465
v -18.283360 2.255007 70.790848
v -27.998245 4.068579 70.989853
v -28.104765 2.943154 61.028919
v -18.242729 2.987910 90.078690
v -28.110199 2.104418 90.022301
v -28.068108 2.389301 80.355194
v 1.000556 2.220126 90.100182
v -8.612447 2.506399 90.120758
v -8.354599 3.943137 80.299759
v -18.424057 2.649721 32.229359
v -28.091049 1.661728 32.098579
v -28.139000 1.704893 22.262550
v -18.342793 3.859913 51.099964
v -28.067961 4.389104 42.156403
v 1.125097 4.067844 51.453442
v -8.352599 4.159222 51.340645
v -8.254134 3.592656 41.296944
v 20.667353 3.220750 32.112473
v 10.630282 1.920370 22.343983
v 19.777607 3.983299 51.335361
v 10.466386 3.722613 51.406609
v 39.528404 1.400176 51.390388
v 29.928242 3.291931 51.349243
v 29.899183 3.283440 41.687546
v 20.275524 4.016132 41.817913
v 20.338783 2.777582 22.419636
v -18.286304 2.169821 41.744011
v -18.446232 1.361610 22.415569
v -18.170261 2.565970 80.355377
v -18.330444 1.956023 61.103161
v 39.747520 3.494868 80.224007
v 19.891466 3.443537 61.446926
v 39.553215 2.302265 61.170475
v 1.073862 4.474618 60.970680
v 1.027281 3.222147 22.448402
v 39.521378 1.771645 22.398769
v 40.528198 8.584698 41.698418
v 40.455154 8.040814 40.805122
v -36.337799 8.294601 39.331486
v -36.261879 7.802103 40.235954
v 1.910400 11.779631 42.244759
v 1.911487 11.594013 41.039330
v 2.104578 11.773193 80.312737
v 2.101589 9.578929 79.353867
v -16.225176 12.698520 59.887630
v -17.190983 10.228977 59.921131
v 21.461405 9.807037 80.224678
v 21.457327 9.496022 79.307030
v 3.335651 9.788090 79.316818
v -17.258162 10.508702 61.194508
v -16.738867 9.947615 80.314217
v -16.804962 10.068499 79.131821
v -15.767279 11.710555 79.100090
v -16.868336 10.130840 41.651428
v -16.863855 10.096459 40.427872
v -35.364098 8.374092 40.321285
v -15.875347 12.059843 40.383575
v 21.672899 9.350462 41.794327
v 21.678801 9.374635 40.576164
v 3.213738 11.862288 40.879250
v 22.646761 10.822383 40.567108
v 40.441879 7.953153 31.789671
v 40.514450 8.469084 30.883638
v 1.185677 9.756901 69.095345
v 0.774659 11.132718 67.501381
v -36.378777 8.466474 68.312897
v -36.298752 7.912417 69.213196
v -16.762123 10.012432 70.730301
v -16.801783 10.042771 69.513275
v -16.786957 9.074339 89.792221
v -16.859585 9.520952 88.889053
v -17.151039 10.642039 51.351608
v -16.854574 10.159435 50.148285
v -25.545332 10.876075 40.682953
v -26.772570 10.783397 40.684757
v 22.030474 7.365896 32.121918
v 22.054506 6.792427 31.296507
v 13.010999 10.824423 40.721336
v 11.987569 12.340693 40.722054
v 11.959419 12.143861 41.944290
v 11.931037 12.951292 32.138611
v 11.883002 12.963553 30.729155
v 13.343610 12.675117 30.704685
v -15.858627 12.089495 50.170986
v -26.792681 9.177944 41.661407
v -26.916618 10.572537 51.414158
v -26.897802 10.199161 50.237328
v -25.697126 10.618296 50.183624
v -6.891471 6.944988 90.117096
v -6.974582 8.080800 88.931976
v -15.879398 10.977255 88.900665
v -6.177641 10.158473 88.940765
v -26.762997 9.819444 70.732018
v -26.811508 11.257120 69.507782
v -35.406181 8.826876 69.524864
v -25.634975 11.676229 69.556618
v 11.937224 10.573660 70.253998
v 11.989737 12.366422 69.184364
v 2.012173 11.386879 67.520828
v 13.239078 12.975673 69.347549
v 30.819073 8.945134 70.791084
v 30.839840 8.993891 69.569580
v -15.764124 11.962487 69.496254
v 31.130032 11.435667 32.173012
v 31.118286 11.282890 30.935179
v 22.781834 7.185794 31.299322
v 32.336319 11.194262 30.958939
v 1.989580 9.449313 27.128113
v 1.951238 9.295192 26.535908
v -23.247574 8.318544 98.260910
v -22.343729 7.815092 98.185013
v 40.672012 8.954414 84.882797
v 40.756226 9.488541 83.960587
v 2.255532 10.364730 85.088959
v 2.170862 10.917753 83.916962
v 28.121971 11.608905 60.034809
v 26.991707 11.341168 60.035114
v 21.494755 10.328561 85.111374
v 21.516897 10.506113 83.920502
v 7.970829 9.128578 79.390244
v 7.058754 9.696895 79.305382
v -16.920729 9.928492 65.874741
v -16.961479 9.965356 64.708092
v -16.638317 9.484873 85.143066
v -16.593330 9.579185 83.909264
v -17.234180 10.514194 27.245834
v -17.233635 10.514257 26.019039
v -16.864796 10.023993 46.521191
v -16.877972 10.057210 45.310135
v -30.484453 10.358418 40.635437
v -31.714460 10.210164 40.608917
v 8.309231 11.845818 40.802155
v 7.044979 11.899365 40.735474
v 5.636839 9.275064 98.393585
v 6.876595 9.294769 98.392731
v 40.477135 8.543566 56.267490
v 40.475578 8.508793 55.045120
v 18.010418 11.099542 79.107567
v 16.833065 9.844385 79.080544
v -16.836260 10.198919 75.558395
v -16.785477 10.017773 74.363831
v -1.562852 9.881498 79.331032
v -2.775771 10.118995 79.297173
v -17.164837 8.747309 56.179386
v -17.135702 10.873395 54.919071
v -1.877679 9.646178 41.552696
v -2.984004 9.108862 41.494789
v 21.721668 9.091211 36.895508
v 21.819876 8.535612 35.682930
v 22.648264 10.302588 56.351570
v 22.489470 10.309823 55.235542
v 31.359146 13.232771 56.240902
v 31.396952 13.042908 54.737942
v 11.881058 10.652498 56.237793
v 11.845226 10.494941 55.067257
v 11.840734 11.637790 27.124699
v 11.836143 11.214648 26.030220
v 12.118938 11.843605 37.047501
v 12.111180 11.814677 35.864399
v -7.265448 12.159896 56.162579
v -7.229587 12.321168 54.970261
v -26.933491 9.020039 56.053986
v -26.937450 10.718373 55.076706
v -7.197777 10.475634 85.265724
v -7.204154 10.546741 84.021317
v -26.229925 6.643212 85.101143
v -26.330587 7.391000 83.912590
v -26.629309 8.358413 94.869614
v -26.619131 8.429831 93.662285
v -30.509439 10.528280 69.496857
v -31.754549 10.358216 69.506126
v -20.844053 9.330001 69.223747
v -21.690554 10.502584 69.579376
v 31.074184 11.325184 85.227859
v 31.075903 11.345914 84.004181
v 8.224394 11.890706 88.810623
v 7.011679 12.698024 88.825485
v 11.797419 12.585284 65.615387
v 11.776122 10.688415 64.676949
v 7.773853 11.373363 68.423035
v 6.242297 11.501948 68.149544
v 18.216396 13.728760 69.374428
v 16.968826 13.951190 69.362419
v 27.542681 9.743316 69.564018
v 26.638979 8.564674 69.465240
v -2.518086 10.187751 68.074280
v -3.496767 9.932188 68.412773
v -7.539881 11.269667 27.331676
v -7.525744 11.382037 26.113655
v 27.448786 8.959164 31.168936
v 26.231123 8.187171 31.246111
v 37.153030 10.578590 30.940865
v 35.953598 10.752313 30.958418
v 35.961983 9.470184 32.189701
v 26.217299 10.541464 32.138733
v 26.042395 9.547268 36.946396
v 26.262232 9.852263 35.721958
v 22.674093 10.642096 35.649345
v 27.494694 9.671075 35.524368
v -12.621381 8.764200 22.347778
v -12.701834 8.086752 21.451786
v -12.385533 10.866676 27.241322
v -12.384036 10.853188 26.006454
v -16.020210 10.580349 26.011345
v -11.173090 10.988041 26.019600
v -3.287702 8.808384 69.703766
v -12.558538 9.888916 70.752533
v -12.376561 10.190927 69.525055
v -12.292070 10.498921 75.545769
v -12.427712 10.152163 74.353226
v -15.841892 11.708282 74.351967
v -12.310983 10.592772 61.082130
v -12.464998 10.098220 59.900467
v -12.157619 10.480734 66.013542
v -12.123492 10.621219 64.803673
v -15.942560 12.108719 64.797386
v 26.779039 7.795484 70.359962
v 26.831287 10.953054 61.271545
v 26.487118 9.471963 65.905624
v 26.576378 9.338456 64.692795
v 27.563911 10.594335 64.705032
v 16.978683 13.881699 70.607140
v 16.898411 12.258920 75.521454
v 16.934326 12.772638 74.312836
v 18.198565 12.762607 74.300323
v 6.413634 10.007627 69.459007
v 6.606149 10.711242 65.217331
v 6.741525 9.329705 64.518707
v 7.990464 9.702187 64.545067
v 6.989614 12.767642 90.057129
v 6.807980 11.623279 94.922577
v 6.870244 12.163832 93.741959
v 3.248737 9.511037 93.688705
v 2.526515 7.436146 93.295517
v 8.103363 11.905320 93.707436
v 7.091324 11.560408 80.275154
v 7.065071 12.329422 85.155052
v 7.092903 12.272434 83.932129
v 3.344020 12.362455 83.957405
v 8.241209 11.251421 83.927414
v 26.247078 11.283987 85.186081
v 26.256071 11.327779 83.960373
v 22.713234 10.712812 83.930611
v 27.450926 11.377669 83.971054
v -22.107916 9.411814 70.566101
v -25.517672 8.881643 73.944992
v -26.399590 8.412353 73.910690
v -31.746046 8.720813 70.486320
v -22.109060 9.315435 90.032822
v -22.110332 9.319054 88.809929
v -22.212385 8.620760 94.874893
v -22.177141 8.839239 93.668396
v -25.635164 10.139314 93.661484
v -6.166879 5.872487 93.114037
v -6.883777 5.471286 93.068710
v -12.586484 8.955388 89.815445
v -12.478997 9.614336 88.919518
v -12.278008 10.746567 80.362663
v -12.268260 10.790643 79.149132
v -12.348684 10.214174 85.258026
v -12.319413 10.394167 84.031654
v -15.567923 11.278522 83.889587
v -22.058620 9.761652 51.334721
v -22.367765 9.104343 50.440887
v -22.008692 8.843495 55.771137
v -22.023914 10.862672 54.842949
v -25.720226 10.742436 55.053314
v -20.802824 10.853634 54.768822
v -31.458979 8.303354 55.978790
v -31.537771 8.753387 55.082901
v -30.584333 10.498431 55.088070
v -31.721678 8.865315 41.622753
v -2.703257 10.317167 55.819397
v -2.592896 10.832013 54.915440
v -5.986121 12.549652 54.941742
v -12.538028 9.030995 51.375282
v -12.572036 9.350709 50.138752
v -12.256935 11.845116 56.261486
v -12.227833 12.064651 55.067219
v -15.905436 11.568826 54.978638
v -10.990816 12.163241 55.089905
v -12.328887 10.476757 41.616779
v -12.344952 10.377199 40.389996
v -12.354578 10.471177 46.488991
v -12.320454 10.518194 45.283459
v -15.896822 12.006934 45.297306
v 13.315193 12.341592 35.867397
v 17.956135 12.891714 56.398624
v 17.653017 12.591992 54.973965
v 13.153822 10.921432 55.061584
v 19.237900 12.466688 54.964470
v 7.026364 11.818898 41.897766
v 36.211929 11.458074 56.338367
v 36.093216 11.056744 55.057270
v 32.587059 12.651780 54.801567
v 37.216377 10.558805 55.086010
v 26.907644 11.770525 55.973850
v 26.651855 11.501163 54.828556
v 23.596281 10.104688 55.249882
v 27.690472 12.349493 54.714359
v 26.084581 9.540681 41.791969
v 26.070751 9.579285 40.571732
v 22.623850 9.281535 45.208183
v 21.723585 8.837774 45.114197
v 37.082413 8.685215 45.095261
v 35.868675 8.747219 45.095181
v 16.493826 8.914921 22.436226
v 16.390738 8.238020 21.531132
v 13.103464 11.047282 26.092884
v -3.207691 9.954358 42.717457
v -22.076838 10.220204 27.244835
v -22.076910 8.896155 26.037865
v -20.869812 10.283705 26.027309
v -2.778016 12.129638 80.284927
v -2.965472 10.149782 85.257309
v -2.735074 10.181647 83.920128
v -6.302694 12.447787 84.025146
v -1.504994 8.480559 83.504753
v -22.146715 9.245238 85.127167
v -22.147657 9.395597 83.903473
v -25.440071 9.843254 83.896545
v 36.036530 11.199562 85.219467
v 36.048653 11.258743 83.988197
v 32.305107 11.317528 84.008667
v 37.299370 11.232061 83.976204
v 17.025829 9.341575 80.292686
v 16.791899 11.237154 65.993668
v 16.672140 8.671135 65.146339
v 13.045894 10.487149 64.816605
v 17.547447 7.869979 65.157715
v -2.609888 11.817930 27.628254
v -2.666925 11.384655 26.355091
v -6.314968 11.430920 26.163746
v -1.428377 11.282702 26.402168
v 40.517982 8.542685 44.116123
v 40.522934 8.570858 42.905384
v -13.600323 8.629435 21.373249
v -14.811815 8.592816 21.378216
v -36.258926 7.688007 37.218929
v -36.336876 8.260193 38.118385
v 40.756393 9.500957 82.726669
v 40.670723 9.000542 81.810013
v 1.977865 10.024436 44.354343
v 1.915188 11.720233 43.455120
v 2.129511 11.699578 82.714302
v 2.112396 12.011903 81.508469
v -13.474442 12.475099 59.857998
v -14.812550 12.847839 59.860306
v 21.580011 9.768435 82.678131
v 21.407701 9.667953 81.443794
v 5.820468 9.797873 79.299774
v 4.576966 9.859977 79.298927
v -17.049957 10.101933 63.581894
v -17.173378 10.326025 62.435982
v -16.606287 9.696751 82.702126
v -16.663177 9.822163 81.505753
v -13.310567 12.250669 79.141670
v -14.512140 11.880707 79.110748
v -16.875971 10.087218 44.096569
v -16.872192 10.119753 42.876583
v -32.940681 8.845169 40.591324
v -34.154747 8.443075 40.338512
v -13.382167 12.117131 40.373833
v -14.626324 12.140752 40.368229
v 21.651821 9.284068 44.220543
v 21.657261 9.352187 43.009750
v 5.764762 11.978616 40.735165
v 4.493209 11.974559 40.791664
v 25.080988 11.108315 40.557610
v 23.851240 11.025124 40.561729
v 15.484247 8.712337 21.454464
v 14.266935 8.650179 21.461235
v -36.291962 7.958128 66.197197
v -36.376045 8.472320 67.100250
v 8.121401 9.252316 98.381912
v 9.361807 9.151234 98.362976
v 40.519142 8.628036 53.819347
v 40.457855 8.087245 52.911591
v 2.414591 8.460599 92.429688
v 2.305640 9.532368 91.307327
v -16.745201 9.815413 73.167809
v -16.735865 9.868838 71.954147
v -3.975312 10.190054 79.286057
v -5.149776 10.186094 79.292488
v -17.147308 11.748186 53.738907
v -17.172840 12.146239 52.556801
v -23.147213 9.686376 40.634048
v -24.334154 10.955482 40.669151
v 21.944323 7.896317 34.476784
v 22.022617 7.506005 33.273048
v 31.388548 12.771568 53.258297
v 31.288355 10.580006 52.328423
v 11.788053 10.198793 53.961327
v 11.747392 8.736768 53.016941
v 11.852180 9.547887 24.859333
v 12.092491 8.927112 23.657944
v 12.064392 12.094063 34.694527
v 11.995106 12.586536 33.472549
v -7.211899 12.428691 53.761841
v -7.215649 11.209968 52.521252
v -13.539096 11.494305 50.168797
v -14.664764 12.018612 50.178089
v -26.934412 10.754484 53.857365
v -26.929260 10.720428 52.633141
v -23.223265 9.951154 50.098732
v -24.484802 10.684991 50.169128
v -23.267904 8.651317 30.658356
v -24.166355 8.066133 30.575975
v -7.207891 10.538840 82.776077
v -7.210617 10.477720 81.535439
v -6.898800 5.905926 92.313736
v -6.870000 6.196603 91.261719
v -13.470653 11.144339 88.921219
v -14.673815 11.042630 88.911804
v -4.304951 7.489048 88.931625
v -5.205476 9.849511 88.939552
v -26.478388 8.354818 82.698730
v -26.581335 8.930389 81.488045
v -26.630705 8.668303 92.453690
v -26.567116 8.822676 91.531876
v -23.110043 10.745643 88.798973
v -24.259373 9.887151 88.791138
v -26.472319 8.975160 73.012085
v -26.491167 9.278727 71.891830
v -32.984772 10.239141 69.516769
v -34.202942 10.168455 69.524582
v -22.950760 12.179147 69.615982
v -24.344017 12.060727 69.606796
v 5.729563 12.926355 88.843231
v 4.443392 12.922531 88.864624
v 4.718585 11.656702 67.855042
v 3.321868 11.580655 67.643921
v 15.702837 13.932606 69.364738
v 14.449851 13.614007 69.375885
v 30.843334 9.146823 73.220009
v 30.825603 9.004208 72.008820
v -13.343362 11.927043 69.510933
v -14.533098 11.999106 69.502235
v -4.464541 9.807293 68.724342
v -5.163243 8.484011 69.100822
v 31.139462 10.051523 34.628571
v 31.137897 11.498002 33.406197
v 25.024820 7.537981 31.311741
v 23.852383 7.217949 31.330992
v 34.751854 10.922593 30.969193
v 33.546616 11.074052 30.969931
v 40.508675 8.430886 29.663898
v 40.426910 7.862116 28.759390
v 0.769117 10.715752 66.298294
v 0.919045 10.285423 65.333908
v -25.676394 8.258904 98.259293
v -24.461018 8.289351 98.260063
v 30.046101 10.246310 59.947346
v 29.201921 11.767165 59.987263
v -16.851114 10.001148 68.303749
v -16.894253 9.955886 67.087212
v -16.796511 9.492197 87.662262
v -16.725046 9.484134 86.405411
v -17.230566 8.906498 29.452597
v -17.234499 10.489736 28.469372
v -16.801361 9.958485 48.952618
v -16.824697 9.963975 47.737366
v -28.009214 10.662813 40.676094
v -29.248163 10.515852 40.658871
v 10.766210 12.371465 40.743137
v 9.555552 11.924620 40.775429
v 20.533323 10.186196 79.036087
v 19.243357 11.178081 79.093628
v -16.844036 10.170988 77.944160
v -16.855515 10.231223 76.753311
v 0.875436 9.427932 79.382233
v -0.345248 9.554403 79.371735
v -16.848923 9.991751 39.225693
v -16.822292 9.808865 38.058014
v -17.028244 9.521738 58.711460
v -16.922215 8.750386 57.509716
v 0.617165 10.895920 41.268982
v -0.652851 10.184969 41.460609
v 21.677937 9.399570 39.351337
v 21.684179 9.342870 38.121094
v 22.282080 9.263915 58.489094
v 22.697718 10.419398 57.452034
v 39.551041 8.663423 40.734966
v 38.331581 8.750751 40.746883
v 12.227257 9.059947 58.351307
v 11.885133 9.609353 57.442383
v 11.855326 12.644734 29.383533
v 11.845297 12.146888 28.200512
v 12.025108 12.364703 39.491772
v 12.087209 12.068421 38.261681
v 10.404650 12.855614 30.780640
v 9.370476 10.451037 30.829105
v -28.046045 8.982030 50.361511
v -29.174858 7.607007 50.384045
v -26.772493 10.748201 39.458084
v -26.781332 10.659097 38.222702
v -7.085272 9.338667 87.726425
v -7.166384 10.144235 86.502945
v -26.134806 5.812372 87.109940
v -26.162743 6.073018 86.212990
v -26.649996 8.260590 97.284340
v -26.639860 8.302704 96.076904
v -26.842648 11.218118 68.255493
v -26.844082 9.452901 67.249611
v -28.005894 10.956747 69.490494
v -29.252895 10.731159 69.490608
v 11.945616 12.435043 68.010727
v 11.852996 12.566050 66.821106
v 10.632502 11.932355 68.921806
v 9.216252 11.590339 68.663628
v 30.880692 9.120543 68.348534
v 30.864340 8.740257 67.438377
v 29.823566 10.466565 69.590988
v 28.655996 10.353630 69.588280
v -0.389453 10.835413 67.593994
v -1.481892 10.510808 67.795593
v -7.561400 9.771983 29.595554
v -7.567410 11.162723 28.528933
v 29.896387 9.920166 30.907309
v 28.672930 9.467968 31.133326
v 39.548706 10.249307 30.899597
v 38.351128 10.409292 30.920223
v 35.662750 8.665407 34.323441
v 35.737564 9.203268 33.419830
v 26.230530 11.257721 34.478493
v 26.222752 11.179908 33.278748
v 26.059635 9.622107 39.368126
v 26.050024 9.664669 38.161461
v 25.016645 11.184296 35.673431
v 23.812778 11.137455 35.653938
v 29.931480 9.790703 35.597672
v 28.717024 9.853131 35.561172
v -12.366442 10.235939 39.171448
v -12.394080 10.057743 37.963581
v -12.384872 9.408845 24.795830
v -12.619485 8.907205 23.568092
v -12.387714 9.249492 29.487659
v -12.384781 10.822375 28.460415
v -13.595140 10.742248 26.001366
v -14.807220 10.653055 26.003998
v -8.743375 11.283911 26.071941
v -9.960135 11.141364 26.041153
v -12.629830 9.745328 73.157288
v -12.681476 9.669128 71.960609
v -12.258085 10.779051 77.940506
v -12.256093 10.691033 76.739517
v -13.526520 11.358582 74.361961
v -14.682089 11.500799 74.352509
v -12.149957 10.701444 63.538551
v -12.197455 10.747721 62.286171
v -12.281455 10.308886 68.325554
v -12.220732 10.369267 67.168053
v -13.181994 12.602836 64.847733
v -14.603792 12.490034 64.856659
v 29.884897 9.059793 74.162971
v 28.729532 8.739212 74.115372
v 26.493181 9.367607 63.506275
v 26.671576 10.636058 62.390369
v 26.526596 9.154129 68.327232
v 26.471781 9.429932 67.120903
v 29.811745 9.411352 64.711647
v 28.764713 10.685333 64.714882
v 16.960426 13.247352 73.090057
v 16.975368 13.631367 71.853317
v 16.811150 11.328704 77.917999
v 16.855839 11.761616 76.720718
v 15.681930 11.296348 74.322350
v 14.733507 10.337652 74.026672
v 6.313932 11.248297 67.044937
v 6.460338 10.942860 66.118416
v 10.499720 10.511025 64.609291
v 9.224702 10.155173 64.552505
v 6.922114 12.517367 92.530106
v 6.956262 12.690072 91.293762
v 6.846338 11.292001 97.423843
v 6.817966 11.338978 96.150009
v 5.605002 12.244182 93.763351
v 4.358387 11.950521 93.763962
v 10.387368 9.722132 93.666290
v 9.330317 11.619379 93.681839
v 7.111003 12.136554 82.709503
v 7.110034 11.837195 81.489563
v 7.024642 12.540355 87.599655
v 7.036543 12.376290 86.377365
v 5.847116 12.645093 83.942215
v 4.581112 12.730165 83.955429
v 25.067627 11.224020 83.950745
v 23.891584 10.989391 83.939621
v 29.859266 11.377624 83.994408
v 28.651739 11.393297 83.982658
v -23.526079 8.672758 73.996040
v -24.386127 9.006197 73.988182
v -31.757723 10.352584 68.291725
v -31.759146 10.316036 67.078629
v -22.148418 9.028613 92.460785
v -22.124006 9.200367 91.249657
v -22.256287 8.405298 97.288010
v -22.237694 8.487350 96.081352
v -23.190382 10.232077 93.662537
v -24.410036 10.194379 93.661560
v -4.509237 5.221985 93.106270
v -5.253347 5.744210 93.117615
v -12.299672 10.544196 82.805183
v -12.287345 10.662690 81.581474
v -12.432425 9.818873 87.704468
v -12.387292 10.018520 86.482727
v -13.328820 12.036789 84.028122
v -14.462074 11.717033 83.973373
v -22.183388 9.372023 39.388264
v -22.262976 8.766411 38.483742
v -31.714708 10.178917 39.389626
v -31.717241 10.124032 38.164944
v -22.067890 11.073083 53.738846
v -22.083517 11.124976 52.567329
v -23.259401 9.387134 54.944698
v -24.492689 9.374595 55.011913
v -18.373217 10.535862 54.784050
v -19.591089 10.667384 54.737782
v -31.457827 8.075270 53.941509
v -31.347673 6.869745 53.048531
v -28.154636 10.677091 55.088139
v -29.371424 10.609734 55.091518
v -2.548331 10.895772 53.735157
v -2.582388 10.758615 52.560097
v -3.568495 12.341474 54.876503
v -4.754811 12.525561 54.918148
v -12.204169 11.473762 53.883110
v -12.212614 9.414504 52.674824
v -12.539425 9.508161 58.692974
v -12.277935 9.871808 57.454018
v -13.453005 12.090156 55.039700
v -14.678972 11.953151 55.012325
v -8.471292 11.985570 55.021732
v -9.730900 12.036116 55.074245
v -12.312330 10.540842 44.069801
v -12.317772 10.527740 42.844967
v -12.510370 9.831149 48.921474
v -12.401402 10.324456 47.703300
v -13.382515 12.115103 45.293495
v -14.633432 12.126007 45.291145
v 11.046630 10.291263 35.838226
v 10.195923 7.331305 35.792931
v 17.586056 10.943134 58.797775
v 18.053345 12.827343 57.797844
v 16.016518 12.223919 55.006516
v 14.516035 11.568002 55.039795
v 21.531807 10.977826 55.109634
v 20.532490 11.855083 54.999058
v 10.570349 10.253058 55.047997
v 9.356494 10.117650 55.019463
v 34.948868 11.626900 54.976082
v 33.771530 12.166515 54.880814
v 39.504677 10.124107 55.052147
v 38.350586 10.237290 55.072197
v 27.100138 11.659464 58.655773
v 27.066334 11.833701 57.255989
v 25.723570 10.753821 54.968788
v 24.723225 10.310312 55.110935
v 30.154686 13.199744 54.685368
v 28.891598 12.963268 54.665554
v 26.075787 9.340679 44.261696
v 26.090042 9.468949 43.029995
v 25.073132 9.306542 45.241581
v 23.847322 9.327422 45.230011
v 35.845100 10.449587 44.125267
v 35.849335 10.489940 42.924412
v 34.685989 8.846400 45.088402
v 33.840290 8.505747 44.997910
v 39.529915 8.563919 45.093185
v 38.307106 8.626781 45.093636
v 16.554882 9.368528 24.866257
v 16.527187 9.138830 23.654099
v 15.590550 9.884824 26.084911
v 14.348296 11.028038 26.113194
v -2.880747 8.611855 44.481186
v -3.251174 9.280805 43.732513
v -22.066568 9.008684 29.691751
v -22.073742 10.226104 28.461756
v -23.282154 8.504627 26.272110
v -24.484734 8.449688 26.273434
v -18.446836 10.444468 26.024445
v -19.659119 10.367499 26.026867
v -2.749120 12.183683 82.738556
v -2.765740 12.383119 81.517181
v -3.071716 8.249832 87.334763
v -3.000393 9.663954 86.448326
v -3.931623 12.449227 84.018791
v -5.123281 12.579131 84.026901
v 1.031857 7.978532 83.835083
v -0.260274 7.640760 83.480141
v -22.124645 9.221998 87.582787
v -22.139044 9.175761 86.354584
v -23.134617 11.054402 83.889359
v -24.323568 10.778796 83.889130
v -21.724773 10.397583 68.249313
v -22.106613 9.275094 67.290451
v 36.050201 11.225526 82.757065
v 36.048645 9.694632 81.749725
v 34.795677 11.277813 83.999191
v 33.546268 11.296212 84.006699
v 39.767792 11.102947 83.958710
v 38.540970 11.185754 83.965775
v 20.302931 10.482237 83.914894
v 19.093458 10.420208 83.929855
v 16.939125 13.697669 68.150833
v 16.875963 12.826740 67.022301
v 15.529069 9.347404 65.116302
v 14.302327 9.976143 65.003067
v -3.399264 9.371131 67.333893
v -3.185313 8.842682 66.441498
v -2.523903 11.029338 30.038563
v -2.554391 12.258065 28.945812
v -3.893129 11.430107 26.286690
v -5.106079 11.441361 26.221020
v 1.036089 10.029944 26.297680
v -0.202897 11.137818 26.394257
v 35.940041 10.614690 29.719349
v 35.925522 8.862406 28.715708
v 38.341461 10.325362 29.690269
v 38.331696 8.614787 28.697044
v 37.129143 8.741083 28.707262
v 39.533821 8.492121 28.687094
v -0.054946 11.592248 27.578465
v -1.212492 11.136536 28.940908
v 0.907411 9.953701 28.469408
v 0.027690 10.610725 28.609346
v -5.139897 11.512976 27.503098
v -5.132493 10.600050 29.893816
v -5.172318 11.776975 28.793036
v -6.387971 11.427804 28.660122
v -3.891620 12.096426 28.897480
v -1.479064 10.037344 66.609962
v -1.323017 9.587620 65.658882
v -2.282522 9.173592 66.047195
v -0.250078 9.952686 65.423332
v -5.066239 8.111447 67.968407
v -4.964244 7.768797 66.889435
v -4.170240 8.804132 66.660957
v 19.086313 10.865779 68.175766
v 18.931355 9.764652 67.047607
v 18.031391 11.977142 66.999001
v 14.369901 12.283813 65.974663
v 14.462949 13.321763 68.218094
v 14.431545 12.904022 67.101425
v 13.178670 12.673873 67.011955
v 15.661368 13.090981 67.071556
v 19.122959 9.083622 85.070770
v 20.311144 9.029165 86.068344
v 19.436714 8.386079 85.940727
v 38.540428 9.657578 84.965187
v 36.959396 9.114197 86.133316
v 36.026901 9.592361 86.214935
v 33.539417 11.257476 85.234573
v 32.296883 9.586629 86.219574
v 31.073238 9.618079 86.210968
v 34.777779 9.585496 86.220642
v 33.532696 9.578412 86.222687
v 33.547836 9.960588 82.767586
v 33.865982 9.105438 81.844604
v 34.795235 9.653043 81.762863
v -24.364870 11.973603 68.229271
v -24.373289 9.927116 67.181175
v -25.644701 9.717518 67.213928
v -23.057272 9.955827 67.181305
v -24.284100 10.445207 85.110977
v -24.268295 9.703447 87.556320
v -24.252769 9.966980 86.325882
v -25.298458 8.193363 86.299721
v -23.116693 10.770594 86.340767
v -24.367126 10.939767 82.669434
v -24.395817 10.971361 81.460243
v -25.620173 10.825490 81.465981
v -23.392685 9.375774 81.473656
v -5.104313 12.563970 85.276909
v -5.115550 11.173773 87.727997
v -5.094477 12.249310 86.514336
v -6.272499 12.255860 86.513130
v -3.937389 11.712400 86.502335
v -5.165782 11.989336 80.289978
v -5.141494 12.475210 82.774887
v -5.156216 12.273119 81.527573
v -6.322274 12.186216 81.533531
v -3.969398 12.380529 81.523773
v -19.658388 10.380231 27.250736
v -19.651756 8.799187 29.468349
v -19.657053 10.370632 28.472666
v -20.865957 10.300024 28.468546
v -18.446556 10.433131 28.473005
v -24.491402 10.080946 27.236687
v -24.483152 8.848722 29.669819
v -24.488962 10.089041 28.448696
v -23.281239 10.155130 28.454435
v -24.364416 9.205311 41.603638
v 14.390918 11.332457 27.265079
v 14.555516 10.760938 29.526205
v 14.471590 11.709658 28.362740
v 13.197410 11.863667 28.272228
v 15.440071 10.131606 28.420977
v 14.296113 10.361592 22.468880
v 14.329216 10.767812 24.910568
v 14.317917 10.535215 23.697407
v 13.088365 10.469083 23.708607
v 15.533621 10.645965 23.664978
v 12.873253 10.162950 42.848236
v 11.958755 10.654094 42.944725
v 33.472694 9.285388 44.117836
v 33.417915 10.521477 42.942375
v 34.628441 10.503397 42.932739
v 23.859957 10.979735 41.782314
v 23.857960 10.815334 44.259548
v 23.861601 10.922893 43.019852
v 22.635944 10.758270 43.014084
v 25.113113 10.997769 43.019913
v 29.060942 13.058578 56.102962
v 29.270412 12.292831 58.750416
v 29.215637 12.798361 57.458435
v 28.145258 12.386642 57.344162
v 30.234905 11.490838 57.543522
v 24.955336 10.609653 56.123123
v 24.528713 9.279097 58.392029
v 25.021244 10.818625 57.290844
v 23.899881 10.553885 57.389366
v 26.045528 11.250964 57.233707
v 38.400513 10.426706 56.290680
v 37.324059 9.475502 57.340881
v 36.202065 9.945994 57.378014
v 39.579338 8.810966 57.274334
v 38.441528 9.087116 57.302956
v 33.805740 12.580537 56.293243
v 32.529552 11.081933 57.386208
v 31.345842 11.226498 57.356602
v 35.028038 10.428358 57.400105
v 33.783630 10.823665 57.401546
v 33.721405 11.882180 53.545685
v 33.632271 9.833524 52.630016
v 32.482437 10.225511 52.486008
v 34.487625 8.985643 52.795273
v 4.491574 11.932876 41.982258
v 4.490838 10.161398 44.132301
v 4.472122 11.749947 43.124802
v 3.220735 11.802803 43.295940
v 5.740170 10.577415 43.092358
v 9.362295 10.179558 56.186596
v 10.576913 9.024817 57.174732
v 9.346060 8.906699 57.153347
v 20.747316 11.782695 56.308083
v 20.137587 10.078376 58.603741
v 20.719343 11.559515 57.558411
v 19.586582 12.449578 57.720005
v 21.647610 10.734786 57.469555
v 14.657105 11.877410 56.342926
v 14.631985 10.428060 58.627361
v 14.748003 11.997943 57.638882
v 13.295792 11.315537 57.521469
v 16.348717 12.600636 57.752605
v 12.668377 8.480227 53.018974
v 9.351805 10.346936 29.512671
v 9.415431 10.027194 28.281403
v 10.452943 12.096525 28.194242
v 10.224703 7.486815 37.024582
v 9.649342 10.003865 39.532799
v 10.099518 8.355700 38.276829
v 11.009604 10.906800 38.271381
v 14.306603 10.741739 37.031540
v 14.342273 10.762964 35.841438
v 14.197497 10.287642 39.159542
v 14.281114 10.733114 38.244041
v 13.265473 12.324668 38.249111
v 14.449819 10.871261 32.096031
v 14.399097 10.740703 30.776720
v 14.393629 10.807456 34.648262
v 14.442516 10.856167 33.402977
v 13.381160 12.637658 33.450775
v -14.629797 12.079948 46.514759
v -14.608633 11.828569 48.986382
v -14.610718 11.939879 47.751518
v -15.826019 11.820133 47.753014
v -13.416746 12.002278 47.735569
v -14.625742 12.205131 41.599258
v -14.630432 12.166116 44.065247
v -14.627844 12.204786 42.833588
v -15.886904 12.101634 42.844570
v -13.379205 12.183118 42.841072
v -9.781167 12.076960 56.187462
v -11.025323 9.912283 57.159134
v -8.515164 10.289910 57.114361
v -9.767690 10.225354 57.134468
v -14.707645 11.806657 56.231129
v -14.792891 12.281491 58.649506
v -14.740595 11.835736 57.445278
v -15.947035 11.257351 57.437969
v -13.511318 11.613387 57.461960
v -14.699232 12.210347 51.371620
v -14.671648 12.134989 53.798111
v -14.688183 12.194827 52.585415
v -15.925823 12.339164 52.570976
v -13.463858 11.481556 52.610077
v -4.769522 11.186940 56.194252
v -6.027063 10.739914 57.199291
v -7.270285 10.498996 57.130970
v -4.743055 12.593568 53.686470
v -4.773653 12.484730 52.464233
v -6.001764 12.550543 52.451477
v -3.567003 12.321868 52.518223
v -29.363367 8.987787 56.064873
v -19.652205 8.212842 55.657284
v -24.810810 8.413905 55.928032
v -24.492146 10.772436 51.380901
v -24.499098 10.841300 53.814819
v -24.497227 10.837540 52.601517
v -25.711807 10.775563 52.618610
v -23.288115 10.947500 52.583527
v -29.248419 10.480412 39.434898
v -29.254522 10.403989 38.203239
v -30.489038 10.258062 38.185120
v -28.017138 10.542992 38.216484
v -34.150276 9.976160 39.346451
v -34.150345 9.945764 38.129765
v -35.359566 9.902018 38.117882
v -32.937202 10.018250 38.145802
v -24.332146 10.920261 39.441952
v -24.339598 10.821231 38.208057
v -25.553411 10.748026 38.220398
v -23.148151 9.572302 38.185493
v -14.493813 11.473022 85.191368
v -14.623894 11.215411 87.682693
v -14.559572 11.315981 86.433533
v -15.733427 11.084979 86.390656
v -13.382761 11.584904 86.473572
v -14.491192 11.933144 80.318901
v -14.456617 11.877427 82.758430
v -14.467417 11.939866 81.537125
v -15.620113 11.530895 81.480385
v -13.317996 12.280639 81.579529
v -14.693647 9.372005 89.890968
v -5.256788 8.661497 90.120354
v -5.279892 7.023482 92.278244
v -5.277779 7.712585 91.246185
v -6.123903 7.790215 91.236168
v -4.469388 6.077090 91.286148
v -24.426603 10.092139 94.868820
v -24.458094 9.952260 97.283508
v -24.443047 10.012419 96.076065
v -25.661329 9.978538 96.075806
v -23.227867 10.035275 96.076324
v -24.321827 10.322659 90.020370
v -24.394169 10.321267 92.452927
v -24.377777 10.468882 91.240219
v -25.680550 9.648220 91.171173
v -23.153234 10.534219 91.242767
v -29.264738 10.700154 68.270126
v -29.276194 9.066858 67.279388
v -30.520918 9.212206 67.056587
v -28.042156 9.234683 67.269646
v -34.203621 10.168530 68.313782
v -34.200829 10.149189 67.102219
v -35.411797 10.108647 67.105995
v -32.984077 10.214953 67.092514
v -34.191910 8.537349 70.499680
v -24.336405 11.775954 70.895996
v -24.418205 10.546123 73.004448
v -24.373032 11.153082 71.992393
v -25.541637 10.932904 71.886215
v -23.430656 9.611580 72.064842
v 28.650053 11.372512 85.205605
v 27.453218 9.720789 86.172745
v 26.255335 9.693667 86.161293
v 29.860491 9.666382 86.199043
v 28.654558 9.708660 86.185829
v 23.863195 10.962504 85.171097
v 22.665451 9.557899 86.189484
v 21.485004 9.250362 86.137909
v 25.057945 9.692297 86.165421
v 23.859873 9.683222 86.182594
v 9.068610 8.189050 85.145638
v 9.120831 8.493231 83.928558
v 9.100536 8.543196 87.580490
v 9.054496 8.148094 86.363579
v 8.171095 11.131627 86.367271
v 4.559453 12.885407 85.185844
v 4.486248 12.986348 87.640198
v 4.526498 12.850834 86.412674
v 3.316327 10.576306 86.382141
v 2.266897 8.442326 86.021164
v 5.795345 12.854787 86.393402
v 4.589935 11.886545 80.274544
v 4.592661 12.530839 82.724876
v 4.595352 12.242914 81.496506
v 3.345505 12.255626 81.504250
v 5.854552 12.101631 81.491135
v 9.288502 11.300400 94.898125
v 9.367010 11.140766 97.407883
v 9.342304 11.251489 96.161400
v 8.073088 11.324799 96.158981
v 10.389150 9.413956 96.140335
v 4.388860 11.555516 94.947403
v 4.350556 10.195956 97.450439
v 4.409468 11.203089 96.137199
v 5.596813 11.276301 96.135246
v 4.403521 12.805375 90.090942
v 4.352726 12.428200 92.550339
v 4.371833 12.643458 91.319839
v 3.147304 12.286183 91.328857
v 5.655772 12.732671 91.308128
v 9.159147 11.849814 65.367958
v 9.155293 11.827724 67.536026
v 9.122894 11.939058 66.438339
v 7.839976 11.270081 66.301147
v 10.468114 12.426318 66.616249
v 3.317616 11.253568 66.425720
v 3.468609 10.851136 65.455460
v 2.148913 10.593545 65.332985
v 4.937706 10.952781 65.765434
v 3.678607 10.169896 69.194099
v 19.464901 11.044297 75.462975
v 19.270844 11.102113 74.261581
v 19.299215 11.471389 77.889938
v 19.352369 11.822561 76.691505
v 18.115078 11.843636 76.704903
v 20.425154 10.407143 76.635185
v 14.425513 12.080073 70.631508
v 14.650981 11.186424 73.121361
v 14.661763 11.548135 71.885292
v 15.694130 13.579079 71.856339
v 28.698006 10.623907 65.930298
v 28.647602 10.545705 68.369545
v 28.662567 10.553627 67.147499
v 27.478020 10.451764 67.140350
v 29.936142 9.480111 67.134949
v -14.562933 12.205296 66.000244
v -14.529573 12.009774 68.303719
v -14.542446 12.047147 67.137383
v -15.813356 11.891395 67.097282
v -13.253836 12.097623 67.170448
v -14.787872 13.103401 61.119606
v -14.665106 12.810798 63.661102
v -14.732933 13.054845 62.405357
v -16.189270 12.711407 62.481487
v -13.252924 12.982329 62.296329
v -14.599337 11.751809 75.544342
v -14.528996 11.831918 77.909470
v -14.553896 11.812356 76.723434
v -15.845573 11.921752 76.732681
v -13.312177 11.970196 76.738106
v -14.595345 11.818088 70.714798
v -14.761724 11.198894 73.148849
v -14.714197 11.402177 71.933350
v -15.797081 11.557987 71.940956
v -13.696147 11.140178 71.944061
v -5.096525 8.277903 70.024429
v -9.958335 11.136132 27.260757
v -9.967223 9.379021 29.440466
v -9.957221 10.980368 28.419535
v -11.171771 10.921478 28.445543
v -8.753125 11.013952 28.427227
v -14.808592 10.651085 27.234455
v -14.808491 9.084799 29.485064
v -14.808636 10.620325 28.459982
v -16.021519 10.548090 28.463686
v -13.596494 10.713992 28.460907
v -14.808775 10.423934 22.342506
v -14.806463 10.613102 24.776413
v -14.807003 10.532971 23.555428
v -13.594647 10.593449 23.548302
v -14.627621 12.005565 39.146591
v -14.628635 11.795190 37.946442
v -15.838745 11.684518 37.996674
v -13.401987 11.792852 37.934441
v 23.804449 11.262012 36.881454
v 23.835930 11.100558 39.345566
v 23.818720 11.200327 38.116959
v 22.608433 11.077625 38.108395
v 25.039789 11.295343 38.130333
v 23.862001 9.453618 32.193779
v 23.843744 10.834738 34.447662
v 23.871948 10.279148 33.286446
v 22.812515 9.549928 33.269558
v 25.022554 10.791747 33.282932
v 33.559643 11.198376 32.209774
v 33.552212 9.421558 34.386089
v 33.566589 11.243978 33.441757
v 32.356232 11.384937 33.431206
v 34.771263 11.071298 33.438282
v 38.355942 8.774317 31.907318
v 28.668867 11.507183 32.094093
v 28.686911 11.625552 34.551846
v 28.678230 11.614909 33.323326
v 27.444698 11.523245 33.285725
v 29.911135 11.581068 33.368408
v -1.129190 9.186921 69.302864
v 28.670301 10.056120 70.807724
v 28.743261 9.956045 73.198982
v 28.740032 9.923965 72.018295
v 29.847223 10.390459 72.024948
v 29.073864 11.320540 61.165916
v 28.852903 10.784639 63.500565
v 28.956022 10.983459 62.319649
v 27.815418 10.822144 62.358860
v 29.926329 9.687725 62.301281
v 19.253006 11.676530 70.618912
v 19.198849 11.499732 69.389046
v 19.278936 11.376312 73.058472
v 19.273157 11.581247 71.843765
v 18.235613 13.511925 71.854492
v 9.265017 9.791605 69.815216
v 9.243361 9.802490 90.022377
v 9.167156 9.119720 88.799210
v 9.475565 10.515920 92.469887
v 9.273321 10.187369 91.249992
v 8.248478 12.461863 91.276016
v 9.200897 8.980416 82.726692
v 9.169935 8.722912 81.827728
v 8.320363 10.068513 81.503616
v -29.247435 9.077673 70.481438
v -19.626820 11.403038 53.683468
v -19.653593 11.646220 52.542755
v -20.875778 11.372629 52.553890
v -18.417973 11.896000 52.544292
v -29.202570 8.815306 51.497009
v -29.361477 10.444591 53.873123
v -29.315472 9.638333 52.662693
v -30.519209 8.171627 52.652615
v -28.133287 10.419251 52.648552
v -29.261450 9.139154 41.668709
v -9.685042 11.752453 53.977158
v -9.651567 9.894846 53.010685
v -10.903506 9.321020 53.010319
v -8.419437 10.453226 52.899448
v 9.534126 9.951119 32.142433
v 10.049733 7.838354 34.585075
v 9.796543 8.919573 33.385918
v 10.716991 11.772621 33.449528
v 9.337469 9.999821 53.899712
v 9.297449 8.639555 52.988335
v 10.508676 8.634155 53.042107
v 9.508860 12.238743 41.981384
v 8.264735 10.590558 42.971325
v 7.008276 10.371302 42.898895
v 10.733476 10.756960 42.973766
v 9.502464 10.754656 42.993290
v 38.352486 9.088593 53.830044
v 38.665581 8.201567 52.914860
v 39.564850 8.721800 52.832474
v 28.739262 12.732098 53.183022
v 28.658678 10.704941 52.231827
v 30.002527 10.774053 52.220268
v 38.313820 10.428225 41.711952
v 38.300911 10.385555 44.118614
v 38.305206 10.413948 42.911652
v 37.076500 10.463415 42.917313
v 39.531982 10.343208 42.908188
v -0.752308 11.090303 42.619980
v -0.669863 9.641282 44.571014
v -0.785225 11.275352 43.789368
v -2.112294 10.837210 43.902962
v 0.569179 11.549264 43.622696
v -0.345769 11.709023 80.322563
v -0.308514 10.645153 82.583244
v -0.333880 11.743491 81.481873
v -1.553276 12.098048 81.491417
v 0.889854 11.705400 81.500755
v 38.542488 11.173271 82.734093
v 38.541008 9.684436 81.730850
v 37.299553 9.710747 81.738182
v 39.767303 9.599325 81.729500
v 19.189531 10.943879 80.304489
v 19.104502 10.612391 82.741066
v 19.141981 10.762739 81.522202
v 17.965069 9.537830 81.505188
v 17.074596 8.712811 81.192749
v 20.357653 10.888002 81.509476
v -15.711918 7.996483 21.463223
v 13.367703 8.025912 21.552933
v 10.280384 8.494344 98.262848
v 2.332212 9.583276 90.423042
v -5.995057 9.724753 79.377190
v 12.164886 8.192308 22.756130
v -6.912766 10.355862 51.574055
v -7.125558 9.905461 80.615593
v -26.539078 8.602621 80.600273
v -25.302437 8.111543 88.806717
v 3.465232 10.778175 88.877876
v 1.345585 8.668251 65.011276
v 4.735043 8.629122 98.300476
v 40.438171 8.131609 57.182106
v -16.738420 9.118600 37.199192
v 37.428169 8.259373 40.833008
v -30.017694 7.008572 50.682816
v -26.806370 8.916763 37.218315
v -12.501615 9.381741 37.092865
v 27.940838 7.837615 74.011841
v -31.751219 8.787745 66.088463
v -31.724897 8.437483 37.178185
v -2.723316 10.057579 51.712402
v 8.400631 8.738022 54.961517
v 35.873573 8.862406 41.961494
v -25.377886 7.885718 26.365639
v 18.133307 8.948482 83.934021
v -2.931688 7.422159 65.883797
v 40.436378 7.949572 45.015442
v 25.729431 9.354680 60.011944
v -17.233309 8.790833 25.048714
v 15.941944 8.982704 78.767059
v -22.262766 8.816122 40.297256
v -3.669123 7.625076 41.117027
v 21.978077 9.030289 54.274872
v -22.370615 8.209663 30.598822
v 31.078741 9.652016 82.999611
v 30.783051 8.724081 74.100044
v -7.531128 9.599580 25.138409
v 30.816647 9.064266 35.533958
v -26.577778 7.686545 98.181290
v 1.964508 10.329251 39.910362
v -26.872578 8.967593 49.224335
v 31.106058 9.385674 29.935839
v -2.732977 7.398742 40.311424
v 5.778583 8.818542 64.529015
v 26.300047 9.829567 82.933884
v 7.039890 10.912626 39.682556
v 10.829578 9.531872 26.005341
v 17.163498 10.606806 53.924156
v 36.006081 9.249311 54.029129
v 26.310902 9.664085 53.924835
v 25.955042 8.705956 45.161346
v 16.503819 9.053068 25.751545
v -21.766047 7.983551 25.136211
v -22.222696 8.863159 83.001633
v -2.651933 9.809786 25.314625
v 33.529613 9.234028 29.961660
v 35.030731 8.419817 28.798426
v -5.082378 9.811557 25.221603
v -0.904150 7.987928 65.319054
v -4.879291 7.274176 66.075256
v 18.781868 8.408051 66.203255
v -24.395441 9.324415 80.508545
v 1.516583 6.622657 85.907578
v -25.462748 8.434534 28.454952
v -24.471766 9.756664 49.106873
v -3.958021 8.068055 43.191391
v 33.470379 9.035574 41.971115
v 32.517899 9.155148 42.915901
v 24.204750 8.718872 54.260090
v 8.451466 8.463818 57.060749
v 14.344578 9.744691 54.022030
v 9.569393 9.241841 27.429569
v 4.498837 11.156029 39.640305
v -5.088614 10.380227 57.149261
v -4.811557 10.786280 51.529316
v -28.837502 6.713861 49.595318
v -29.271955 8.673212 37.204315
v -34.153038 8.291937 37.153542
v -24.364174 9.075700 37.212204
v -34.186363 8.615717 66.112656
v 23.956173 9.724054 82.904144
v 3.405593 9.832373 96.147743
v 3.856514 9.221090 65.087189
v 15.886760 10.120681 76.711777
v 25.592140 8.936806 62.372250
v -15.786657 8.753124 23.578598
v -14.632931 9.900134 37.023727
v -0.470064 8.077503 40.342834
v -9.964448 9.324112 25.071194
v 27.855385 8.028179 71.994637
v 28.668676 9.752722 82.972076
v -19.643845 9.723217 51.577026
v 19.871452 10.256372 53.989841
v 8.418148 8.225245 52.999443
v 27.659851 9.982907 52.448139
v -19.658188 8.659386 25.055119
v -0.239822 9.609768 25.382496
v 0.676095 9.137508 25.415653
v -1.447125 9.705077 25.378563
v 20.319216 10.743773 82.728989
v 18.164465 9.108778 82.720337
v 17.961304 10.837445 80.318268
v 39.769272 11.097584 82.728249
v 37.300896 11.210325 82.744316
v 0.925139 10.723805 82.670258
v -1.534580 11.278826 82.614250
v -1.564031 11.965575 80.300949
v -18.446171 8.727076 25.053040
v -20.868803 8.587513 25.055553
v 0.667316 9.810135 44.444229
v -1.991442 9.409714 44.644283
v -2.038753 10.625201 42.740170
v 39.527657 10.318589 44.117359
v 37.072258 10.429995 44.121365
v 37.096802 9.140224 41.720917
v 30.090746 12.939847 53.162186
v 27.419588 10.706330 53.426487
v 39.549149 10.346530 53.821140
v 37.166748 8.923004 54.070259
v 8.284138 11.980529 41.962593
v 10.547584 10.046884 53.959072
v 8.375383 8.679514 53.818542
v 20.965584 9.667365 54.110958
v 18.588379 10.601559 53.930309
v 10.927284 8.770439 25.134300
v 10.917697 10.822349 34.652298
v -8.436969 12.079597 53.874928
v -10.948915 11.551676 53.980679
v -30.494318 9.036355 41.652843
v -28.152277 10.690926 53.867802
v -30.563726 10.007714 53.871704
v -30.188864 7.537050 51.526329
v -18.391794 11.515450 53.694359
v -20.852142 11.262671 53.703480
v -20.865786 9.517928 51.574135
v -30.502352 8.878115 70.482216
v 29.867338 9.696818 82.988449
v 27.480165 9.800870 82.953049
v 8.297634 11.391881 82.709564
v 8.074382 9.703020 80.280968
v 10.381639 9.387518 92.766899
v 8.204512 12.321386 92.507607
v 8.246532 12.259392 90.040405
v 7.861111 9.823306 69.649292
v 18.223417 13.181644 73.083542
v 18.235186 13.716402 70.615883
v 29.870615 9.529158 63.504314
v 27.681999 10.643644 63.505379
v 27.967253 11.170859 61.238201
v 29.859747 10.450279 73.223465
v 27.903692 8.059548 73.159035
v 27.575422 8.497894 70.768845
v -2.221988 8.951583 69.493629
v -8.750133 9.462819 25.100750
v -11.175426 9.197456 25.051220
v 29.916203 11.572934 34.595509
v 27.455225 11.562651 34.506004
v 27.437508 11.183322 32.092857
v 37.158264 8.944241 31.930374
v 34.767990 9.336519 34.406998
v 32.338371 9.519792 34.377636
v 32.349106 11.332784 32.198433
v 25.018366 11.154526 34.459755
v 22.758114 10.089915 34.445206
v 22.801954 8.959433 32.162849
v 25.058224 11.184867 39.351288
v 22.630199 10.940863 39.343346
v 22.614929 11.023206 36.872963
v 30.202995 8.854853 29.999783
v -3.468378 6.906018 40.175007
v 0.727201 9.150816 40.168442
v -1.641810 7.629072 40.371048
v -13.388440 11.987604 39.147102
v -15.863155 11.920035 39.172401
v -15.835821 9.774537 37.078568
v -13.594163 10.688758 24.770741
v -16.020193 9.181266 24.802250
v -15.788244 8.646160 22.360516
v -13.596860 9.167732 29.490984
v -16.020134 9.003494 29.473547
v -16.021219 10.576660 27.239544
v -8.757791 9.510805 29.477524
v -11.178927 9.316593 29.464891
v -11.173710 11.003143 27.249756
v -13.703877 10.992095 73.158203
v -15.822823 11.423522 73.155373
v -15.768343 11.857226 70.714066
v -13.301248 12.130476 77.929779
v -15.816090 11.814972 77.914757
v -15.853403 11.935870 75.546211
v -13.192256 12.859514 63.581730
v -16.063658 12.392274 63.669449
v -16.257381 12.892660 61.196125
v -13.286272 12.006464 68.319565
v -15.782600 11.926674 68.290092
v -15.862015 11.942684 65.934036
v 25.620218 8.488625 63.191460
v 29.844995 10.500849 68.368095
v 27.506496 10.208026 68.356468
v 27.493670 10.560687 65.921852
v 15.677003 13.149168 73.099197
v 13.173099 11.237054 70.374550
v 15.883707 9.687881 77.890556
v 20.377872 10.160743 77.826729
v 18.063225 11.435416 77.903702
v 18.161491 12.300661 75.505867
v 2.414385 10.011016 69.123795
v 4.763570 11.350485 66.695862
v 2.010431 11.012328 66.318390
v 2.566758 8.975028 65.000916
v 10.549531 12.219089 67.767189
v 7.798083 11.332638 67.321404
v 7.910010 11.168503 65.312981
v 5.629255 12.550406 92.543861
v 3.206211 11.424739 92.526672
v 3.187386 11.027184 90.102600
v 5.604294 11.229292 97.413010
v 3.498618 9.461901 97.087914
v 3.400812 9.752629 94.946655
v 10.380370 9.230910 97.367157
v 8.108196 11.270927 97.423676
v 8.045037 11.472976 94.907684
v 5.856438 12.411265 82.715370
v 3.345631 12.381219 82.730164
v 3.342064 11.933542 80.285011
v 5.764666 12.914103 87.617195
v 3.501815 10.712444 87.655563
v 3.339347 12.287436 85.180725
v 8.181945 11.390266 87.587463
v 8.186447 11.061380 85.147430
v 25.125822 9.816259 82.917183
v 22.785831 9.542884 82.896355
v 22.686232 10.581972 85.149269
v 27.446470 11.347909 85.195114
v -23.464115 9.255932 73.141182
v -25.531027 10.412632 72.931656
v -25.582642 11.446357 70.793846
v -35.089050 7.951657 70.424606
v -32.985802 10.239072 68.304565
v -35.414604 10.126550 68.317101
v -35.397255 8.544108 66.118721
v -28.026608 10.918094 68.263428
v -30.516592 10.511292 68.279541
v -30.840078 8.367887 66.152390
v -23.171894 10.369867 92.454636
v -25.623180 10.252074 92.453094
v -25.374128 8.933096 90.001373
v -23.244669 9.970938 97.283783
v -25.673773 9.926877 97.283241
v -25.648100 10.048649 94.868652
v -4.488331 5.700003 92.340775
v -6.136268 7.016254 92.261032
v -6.135014 8.804459 90.114441
v -15.899153 9.472924 89.902290
v -13.320374 12.192476 82.804291
v -15.571371 11.434942 82.683746
v -15.694647 11.614081 80.285049
v -13.427834 11.385075 87.703316
v -15.824135 11.091411 87.662148
v -15.631083 11.130963 85.123558
v -23.135769 11.002217 39.416229
v -25.544596 10.841592 39.455734
v -25.579458 9.010693 37.217613
v -32.936211 10.060593 39.366352
v -35.359909 9.922002 39.331429
v -35.361626 8.254246 37.144634
v -28.009399 10.626876 39.450500
v -30.484716 10.324507 39.413605
v -30.501421 8.547983 37.191872
v -23.281301 10.928381 53.778614
v -25.716722 10.791098 53.840389
v -25.705767 10.708952 51.395901
v -25.716591 8.997217 56.027866
v -20.817699 8.615026 55.678936
v -30.573153 8.913467 56.058292
v -27.970156 7.691770 49.424278
v -3.530646 12.443553 53.691616
v -5.980573 12.618403 53.697201
v -6.018384 10.870313 51.482956
v -6.011522 12.359365 56.182362
v -13.441510 11.901993 53.829514
v -15.908197 12.034039 53.773201
v -15.919292 12.347696 51.364098
v -13.551403 11.849354 58.669159
v -16.064621 11.914800 58.644924
v -15.928501 11.062244 56.206070
v -11.026546 12.099568 56.223160
v -13.380525 12.146233 44.072056
v -15.893126 12.054010 44.073666
v -15.881147 12.113540 41.612564
v -13.478265 11.685363 48.966690
v -15.799303 11.789076 48.980278
v -15.880745 11.949761 46.519863
v 13.349215 12.447126 34.694473
v 13.385379 12.766550 32.097351
v 13.268326 11.131857 39.484612
v 13.290431 12.303144 37.041142
v 5.762383 11.215280 39.623924
v 3.230518 10.930066 39.725327
v 10.845119 11.794879 39.512520
v 8.330057 10.327588 39.760246
v 10.402574 12.569249 29.419569
v 15.709700 10.273465 53.961758
v 13.042940 9.455333 53.867134
v 16.094145 10.851859 58.753899
v 13.245902 9.912740 58.502079
v 13.239258 11.172640 56.287216
v 21.166000 9.492319 58.513535
v 18.963415 10.626913 58.715137
v 19.539265 12.616846 56.361919
v 8.396817 8.805546 56.152767
v 5.405964 9.675583 43.994518
v 3.253605 10.147481 44.250305
v 3.218892 11.905048 42.105583
v 34.842560 9.979080 53.703499
v 32.581841 12.355212 53.399639
v 32.557209 12.960962 56.267014
v 37.313438 10.876439 56.322544
v 25.268414 9.049829 54.114067
v 23.073364 8.721140 54.324444
v 25.669239 9.808410 58.627094
v 23.430004 9.222697 58.447937
v 23.804571 10.325568 56.275085
v 30.067837 10.669570 58.757893
v 28.206476 12.044155 58.711548
v 27.944246 12.510429 56.016575
v 25.107691 10.881516 44.268349
v 22.626890 10.694083 44.238602
v 22.647297 10.774322 41.788170
v 34.624130 10.454504 44.130562
v 32.616756 8.703039 43.796150
v 32.615807 8.667273 42.026627
v 12.974755 10.681997 41.942596
v 15.555206 10.878740 24.881153
v 13.089983 10.735615 24.913105
v 13.076773 8.998629 22.471371
v 15.403886 9.831300 29.290998
v 13.271896 12.333439 29.411427
v 13.137926 11.416988 27.205383
v -25.569138 9.220546 41.644958
v -23.560568 9.300697 49.226372
v -25.684875 9.656119 49.116726
v -23.275349 10.162160 29.665018
v -25.382427 7.936301 29.357920
v -25.463993 8.412748 27.247128
v -18.440447 8.806778 29.440071
v -20.860376 8.770845 29.472551
v -20.868450 10.301261 27.248726
v -3.951888 12.569700 82.772224
v -6.314052 12.360495 82.776688
v -6.302185 10.657237 80.294861
v -3.981878 8.985956 87.675385
v -6.229402 11.492729 87.736305
v -6.289769 12.434496 85.272949
v -23.138142 9.748796 82.678764
v -25.547955 10.508883 82.677139
v -25.624376 9.216434 80.512459
v -23.104713 10.714683 87.567566
v -25.409895 7.411856 87.548203
v -25.335636 8.980345 85.105774
v -22.980658 12.060696 68.223282
v -25.663738 11.624074 68.243958
v -20.853247 9.290061 68.590225
v 34.797226 11.231790 82.769791
v 32.306557 9.642016 83.003441
v 32.300892 11.288564 85.234436
v 37.292320 9.969192 85.209763
v 18.211058 8.346321 84.806076
v 15.693233 13.703570 68.175354
v 13.235321 12.799393 68.179863
v 13.106427 12.522092 65.802643
v 18.147745 13.236021 68.152306
v 17.895540 9.344576 65.959167
v -4.327960 9.273139 67.654488
v -0.385900 10.395096 66.407959
v -2.469145 9.683477 66.952736
v -1.917489 7.642070 65.624512
v -3.862725 9.848121 25.262691
v -6.307347 9.721633 25.180519
v -3.849130 10.909228 29.993975
v -6.363980 10.189220 29.760462
v -6.347744 11.365939 27.416111
v -1.539977 10.590208 29.941698
v -1.308903 11.785002 27.633209
v 34.733292 9.413651 29.722675
v 32.320572 9.323997 29.953640
v 39.541077 10.188047 29.674793
v 37.141357 10.469444 29.706005
v 1.137575 10.336428 27.503883
v -3.896068 11.694580 27.580292
v 0.187575 8.346441 65.114861
v -4.021702 7.466895 65.979378
v 15.600595 11.947838 66.026772
v 20.312363 10.173943 85.059868
v 39.767120 9.565726 84.960266
v 34.786232 11.228482 85.228935
v -23.126030 10.927714 85.114304
v -23.481300 8.856111 80.590446
v 1.418991 7.194597 85.048904
v -3.925855 12.532628 85.277710
v -3.981864 12.080278 80.283554
v -18.446783 10.450688 27.249969
v -23.284180 10.146166 27.240337
v -23.470306 8.681862 41.526680
v -3.926105 8.256227 42.345974
v 15.385356 9.841090 27.268421
v 15.505194 10.436599 22.443291
v 34.658470 8.929155 41.972923
v 25.102388 11.060335 41.775948
v 30.201374 13.307191 56.189754
v 25.943680 11.084421 56.011520
v 39.509651 10.192154 56.268829
v 35.047379 12.068455 56.322521
v 5.751273 11.828147 41.883762
v 10.587798 10.353236 56.208477
v 21.654945 10.820727 56.309940
v 16.235819 12.558348 56.387245
v 10.543022 10.183859 27.119164
v 11.082897 10.298849 37.043598
v -13.390975 12.096592 46.509392
v -13.378958 12.181595 41.606014
v -8.522949 11.912966 56.143848
v -13.481982 11.957590 56.251724
v -13.542016 11.417715 51.376972
v -3.585606 10.824156 55.905792
v -3.619823 10.647506 51.596325
v -32.630836 8.116605 41.504829
v -28.148624 9.021244 56.064816
v -18.452410 8.026180 55.772263
v -22.922258 8.358398 55.783115
v -23.285042 10.882497 51.367081
v -28.039022 8.801137 37.213577
v -32.941635 8.351328 37.165009
v -23.472260 8.550711 37.290764
v -13.348297 11.817568 85.249702
v -13.316669 12.300660 80.357834
v -13.488969 9.409971 89.892578
v -4.420366 6.620101 90.131866
v -23.209263 10.121383 94.869308
v -23.135128 10.706414 90.024475
v -32.971413 8.696002 66.102097
v -32.974937 8.610038 70.493393
v -23.060001 10.429923 70.918159
v 29.858521 11.360095 85.217072
v 25.051548 11.172384 85.178917
v 5.827044 12.794451 85.168640
v 5.842697 11.742539 80.273193
v 10.352146 9.496782 94.890793
v 5.580390 11.698443 94.937004
v 5.690301 12.858766 90.073814
v 10.466996 12.348065 65.478539
v 5.266034 9.561016 65.109650
v 5.006179 10.178107 69.312546
v 20.401068 10.121101 75.740837
v 15.912909 10.564870 75.520256
v 15.702538 13.861929 70.605446
v 29.759632 9.282609 65.919418
v 25.654785 9.121783 61.249924
v -13.213246 12.308362 66.036636
v -13.350883 12.920484 61.050453
v -13.372992 11.744357 75.554779
v -13.495219 11.638241 70.724823
v -4.327003 8.748907 69.922035
v -8.741621 11.220967 27.280819
v -13.596743 10.747220 27.234798
v -13.596593 10.470409 22.335670
v -13.414946 9.933165 37.001816
v 25.021168 11.344813 36.899643
v 25.019459 9.926286 32.181953
v 34.764374 11.030773 32.207901
v 39.553070 8.614803 31.884308
v 29.902256 11.505478 32.135349
v 0.005499 9.457229 69.161118
v 29.821936 10.378139 70.810593
v 29.987896 9.924952 61.121494
v 10.632777 10.047833 70.035645
v -27.992306 9.291358 70.484619
v -18.405136 9.993971 51.578190
v -28.088326 9.894363 51.465515
v -28.026152 9.173119 41.669952
v 10.505857 12.673902 32.163116
v 10.733586 12.275317 41.964962
v 39.538490 10.348024 41.704292
v 0.574249 11.507786 42.433479
v 0.876962 11.605479 80.332016
v 20.404863 11.026894 80.291977
vn 0.1379 0.9897 -0.0385
vn 0.1360 0.9901 -0.0335
vn 0.1324 0.9901 -0.0460
vn 0.1340 0.9896 -0.0514
vn -0.0476 0.9333 -0.3560
vn 0.0320 0.9414 -0.3359
vn 0.0167 0.9397 -0.3416
vn -0.0598 0.9330 -0.3548
vn 0.0737 0.8566 0.5106
vn 0.1086 0.8778 0.4666
vn 0.1558 0.9313 0.3293
vn 0.0921 0.9351 0.3422
vn 0.3197 0.9472 0.0245
vn 0.3225 0.9445 0.0631
vn 0.2533 0.9674 -0.0016
vn 0.2503 0.9678 -0.0260
vn 0.1539 0.9693 0.1919
vn 0.2390 0.9617 0.1339
vn 0.2498 0.8164 0.5206
vn 0.1122 0.8149 0.5686
vn 0.1353 0.8401 -0.5254
vn 0.1842 0.8478 -0.4972
vn 0.1218 0.9841 -0.1291
vn 0.1059 0.9861 -0.1281
vn -0.5962 0.8025 0.0251
vn -0.9759 0.2176 0.0132
vn -0.9745 0.2224 -0.0301
vn -0.5913 0.8054 0.0397
vn -0.5356 0.8419 0.0658
vn -0.9584 0.2810 0.0495
vn -0.9607 0.2749 0.0395
vn -0.5344 0.8431 0.0595
vn -0.0030 0.9971 -0.0759
vn -0.4931 0.8643 -0.0993
vn -0.4817 0.8691 -0.1122
vn -0.0006 0.9983 -0.0575
vn -0.5633 0.8259 0.0246
vn -0.9644 0.2643 0.0068
vn -0.9630 0.2692 0.0112
vn -0.5491 0.8348 0.0410
vn 0.0274 0.9781 -0.2065
vn 0.0646 0.9797 -0.1900
vn 0.0557 0.9759 -0.2110
vn 0.0194 0.9737 -0.2270
vn -0.4325 0.8966 -0.0953
vn -0.9441 0.3281 -0.0307
vn -0.9472 0.3127 -0.0714
vn -0.4386 0.8816 -0.1744
vn -0.1006 0.9649 -0.2424
vn -0.2471 0.8811 -0.4033
vn -0.0581 0.9206 -0.3862
vn -0.0002 0.9677 -0.2520
vn 0.2207 0.8647 -0.4511
vn 0.2333 0.8654 -0.4435
vn 0.2078 0.9633 0.1701
vn 0.2055 0.9726 0.1086
vn 0.0311 0.8672 -0.4971
vn 0.0943 0.8585 -0.5041
vn 0.0327 0.9990 -0.0298
vn 0.0434 0.9985 -0.0327
vn -0.1091 0.9471 -0.3018
vn -0.0006 0.9693 -0.2458
vn -0.0149 0.9541 0.2992
vn -0.1143 0.9594 0.2580
vn 0.0053 0.9993 0.0370
vn 0.0633 0.9949 0.0785
vn 0.0683 0.9927 0.0992
vn -0.0048 0.9921 0.1252
vn -0.2327 0.8987 -0.3716
vn -0.7045 0.4509 -0.5481
vn -0.4336 0.6171 -0.6567
vn -0.1192 0.8876 -0.4449
vn -0.0979 0.9942 0.0438
vn -0.8501 0.5233 -0.0588
vn -0.3434 0.7520 -0.5626
vn 0.0865 0.9924 -0.0877
vn 0.1016 0.9889 -0.1086
vn 0.0980 0.9943 -0.0416
vn 0.0251 0.9996 -0.0152
vn 0.0373 0.9952 -0.0907
vn -0.3140 0.8200 -0.4785
vn -0.4618 0.4711 -0.7516
vn -0.1445 0.8946 -0.4229
vn -0.1410 0.9799 -0.1414
vn 0.1529 0.9416 -0.3002
vn 0.1731 0.9525 -0.2506
vn 0.1068 0.9551 -0.2762
vn 0.0866 0.9303 -0.3564
vn -0.2989 0.3149 -0.9008
vn -0.6826 0.1705 -0.7106
vn -0.9160 0.3014 -0.2647
vn -0.4877 0.7688 -0.4136
vn -0.0123 0.9799 -0.1993
vn 0.0462 0.9837 -0.1736
vn 0.0319 0.9787 -0.2027
vn -0.0201 0.9732 -0.2290
vn -0.0677 0.9977 0.0084
vn -0.1299 0.9911 -0.0275
vn -0.2106 0.9751 0.0703
vn -0.0229 0.9997 -0.0029
vn -0.1286 0.9877 -0.0888
vn -0.1031 0.9918 -0.0760
vn -0.1372 0.9107 0.3896
vn -0.0966 0.9147 0.3924
vn -0.3262 0.9429 0.0670
vn -0.7747 0.5053 -0.3803
vn -0.3108 0.9264 -0.2124
vn -0.0384 0.9942 0.1003
vn -0.3729 0.9263 -0.0539
vn -0.8739 0.4844 0.0409
vn -0.9151 0.3905 0.1000
vn -0.4337 0.8998 0.0475
vn -0.3274 0.9353 -0.1346
vn -0.8258 0.4031 -0.3944
vn -0.5604 0.7913 -0.2445
vn -0.0489 0.9907 -0.1273
vn -0.4273 0.9024 -0.0563
vn -0.6551 0.5208 -0.5474
vn -0.2632 0.9309 -0.2533
vn -0.2438 0.9691 -0.0376
vn -0.7259 0.6878 -0.0032
vn -0.9061 0.4074 -0.1144
vn -0.8817 0.4703 -0.0387
vn -0.7062 0.7065 0.0464
vn -0.5380 0.8318 0.1366
vn -0.6738 0.4487 0.5871
vn -0.9618 0.2735 0.0096
vn -0.6036 0.7928 -0.0847
vn 0.1361 0.9903 -0.0272
vn 0.1746 0.9840 -0.0366
vn 0.1777 0.9803 -0.0858
vn 0.1389 0.9863 -0.0885
vn -0.5492 0.8344 -0.0462
vn -0.9588 0.2821 0.0343
vn -0.9575 0.2825 0.0587
vn -0.5484 0.8362 0.0028
vn 0.0635 0.9906 0.1210
vn -0.0354 0.9872 0.1554
vn -0.0714 0.9869 0.1445
vn 0.0228 0.9942 0.1050
vn 0.0479 0.9953 -0.0844
vn 0.0340 0.9962 -0.0797
vn 0.0275 0.9912 -0.1295
vn 0.0576 0.9909 -0.1215
vn 0.1555 0.9842 0.0848
vn 0.1844 0.9793 0.0838
vn 0.1872 0.9806 0.0575
vn 0.1554 0.9863 0.0545
vn 0.1866 0.9815 -0.0419
vn 0.0483 0.9985 0.0253
vn 0.0959 0.9950 0.0283
vn 0.1311 0.9875 0.0876
vn 0.4273 0.9040 -0.0151
vn -0.0696 0.9975 0.0095
vn -0.0575 0.9976 -0.0397
vn 0.3994 0.9146 -0.0634
vn -0.0867 0.9947 0.0548
vn -0.0710 0.9956 0.0604
vn -0.0747 0.9796 0.1864
vn -0.1304 0.9813 0.1417
vn 0.1152 0.9916 -0.0593
vn 0.0520 0.9975 -0.0471
vn -0.1518 0.9500 0.2728
vn -0.0017 0.9999 0.0170
vn 0.6038 0.7826 -0.1515
vn 0.1853 0.9706 -0.1537
vn 0.1672 0.9770 -0.1324
vn 0.6116 0.7766 -0.1515
vn 0.9320 0.3618 -0.0232
vn 0.4423 0.8880 -0.1260
vn 0.4705 0.8676 -0.1610
vn 0.9433 0.3290 -0.0434
vn 0.1672 0.9691 -0.1816
vn 0.2206 0.9624 -0.1581
vn 0.1400 0.9743 -0.1766
vn 0.1291 0.9748 -0.1819
vn -0.5079 0.8614 -0.0049
vn -0.4144 0.9047 0.0990
vn -0.4748 0.8787 -0.0496
vn -0.5252 0.8493 -0.0539
vn 0.0795 0.9617 -0.2622
vn 0.1003 0.9504 -0.2945
vn 0.1309 0.9902 -0.0479
vn 0.1156 0.9930 -0.0233
vn -0.0599 0.9844 -0.1655
vn -0.0963 0.9754 -0.1984
vn -0.0781 0.9828 -0.1672
vn -0.0470 0.9893 -0.1383
vn -0.2446 0.9696 -0.0026
vn -0.2878 0.9575 0.0191
vn -0.2989 0.8646 0.4040
vn -0.2491 0.8829 0.3979
vn 0.2107 0.9675 0.1398
vn 0.2953 0.9465 0.1298
vn 0.3014 0.9514 0.0640
vn 0.2127 0.9748 0.0675
vn -0.0284 0.9948 -0.0981
vn -0.0196 0.9956 -0.0920
vn -0.0220 0.9930 -0.1162
vn -0.0314 0.9921 -0.1213
vn 0.0255 0.9969 -0.0740
vn 0.0990 0.9949 -0.0209
vn 0.2327 0.9241 0.3032
vn 0.0193 0.9003 0.4349
vn 0.0856 0.9963 0.0080
vn 0.0855 0.9963 0.0062
vn 0.0876 0.9960 -0.0198
vn 0.0873 0.9960 -0.0195
vn 0.2505 0.8603 0.4439
vn 0.2999 0.9232 0.2402
vn 0.5226 0.4425 0.7287
vn 0.1496 0.2912 0.9449
vn 0.0584 0.9883 -0.1407
vn 0.0301 0.9913 -0.1278
vn 0.0245 0.9886 -0.1489
vn 0.0520 0.9854 -0.1618
vn 0.0988 0.9907 0.0938
vn 0.0632 0.9937 0.0925
vn 0.0614 0.9963 0.0596
vn 0.0958 0.9940 0.0527
vn -0.0057 0.9957 0.0923
vn -0.0045 0.9956 0.0937
vn -0.0061 0.9969 0.0789
vn -0.0088 0.9971 0.0758
vn -0.2171 0.9702 0.1078
vn -0.1223 0.9843 0.1273
vn -0.0650 0.8724 0.4844
vn -0.2034 0.8506 0.4848
vn -0.1690 0.9565 0.2378
vn -0.1141 0.9635 0.2421
vn -0.1117 0.9651 0.2366
vn -0.1818 0.9558 0.2309
vn -0.0361 0.9977 -0.0569
vn -0.0314 0.9479 -0.3171
vn 0.1798 0.9815 0.0658
vn 0.1458 0.9757 0.1636
vn -0.0545 0.9984 -0.0177
vn -0.0762 0.9969 -0.0188
vn -0.0791 0.8978 0.4333
vn -0.0629 0.8978 0.4358
vn 0.0648 0.2819 -0.9573
vn 0.5523 0.4967 -0.6695
vn 0.0893 0.9303 -0.3556
vn -0.0140 0.8785 -0.4776
vn -0.1265 0.9904 0.0560
vn -0.1590 0.9808 0.1129
vn -0.1996 0.9699 0.1396
vn -0.1660 0.9816 0.0947
vn 0.1902 0.9815 0.0206
vn 0.1667 0.9855 0.0317
vn 0.1481 0.9884 -0.0337
vn 0.1805 0.9821 -0.0536
vn 0.0911 0.9913 0.0952
vn 0.0242 0.9953 0.0939
vn 0.0435 0.9982 0.0420
vn 0.0852 0.9948 0.0558
vn 0.0908 0.9959 0.0042
vn 0.1612 0.9869 0.0095
vn 0.1479 0.9836 -0.1030
vn 0.0776 0.9900 -0.1177
vn -0.0107 0.9965 0.0831
vn 0.0011 0.9896 0.1435
vn -0.0724 0.9261 0.3702
vn -0.1019 0.9511 0.2917
vn 0.2056 0.9785 0.0150
vn 0.2826 0.9592 -0.0034
vn 0.3212 0.9466 0.0271
vn 0.1805 0.9834 0.0169
vn 0.1710 0.9850 0.0210
vn 0.1124 0.9934 0.0237
vn 0.1082 0.9940 -0.0162
vn 0.1922 0.9814 0.0006
vn 0.2584 0.9637 0.0677
vn 0.3026 0.9514 0.0570
vn 0.3238 0.9451 -0.0440
vn 0.2678 0.9623 -0.0470
vn -0.5098 0.7615 0.4003
vn -0.6865 0.4366 0.5815
vn -0.8873 0.3398 0.3118
vn -0.7373 0.6258 0.2547
vn 0.2488 0.9543 -0.1653
vn 0.0888 0.9953 -0.0387
vn -0.1721 0.9851 -0.0036
vn 0.2158 0.9586 -0.1860
vn -0.0707 0.8983 0.4337
vn -0.0270 0.9357 0.3517
vn 0.4835 0.6104 0.6275
vn 0.0111 0.3740 0.9274
vn -0.7519 0.6053 -0.2613
vn -0.9489 0.2665 -0.1691
vn -0.9472 0.3162 -0.0531
vn -0.7086 0.7047 -0.0340
vn 0.8748 0.4690 -0.1216
vn 0.4182 0.8959 -0.1502
vn 0.3824 0.9235 0.0295
vn 0.9042 0.4245 0.0474
vn 0.7356 0.5230 -0.4305
vn 0.3783 0.8881 -0.2610
vn 0.2294 0.9319 -0.2808
vn 0.5388 0.7826 -0.3117
vn -0.1018 0.9940 0.0396
vn -0.0659 0.9975 0.0244
vn -0.0489 0.9972 -0.0566
vn -0.0947 0.9944 -0.0469
vn 0.2124 0.9673 -0.1390
vn 0.0389 0.9951 -0.0913
vn -0.0820 0.9955 -0.0471
vn 0.1819 0.9699 -0.1620
vn -0.0110 0.9776 0.2103
vn 0.0090 0.9946 0.1034
vn 0.1193 0.9923 0.0330
vn 0.1088 0.9824 0.1518
vn 0.0120 0.9999 -0.0030
vn -0.0170 0.9999 -0.0002
vn -0.0274 0.9988 -0.0416
vn 0.0096 0.9986 -0.0520
vn -0.0260 0.9866 0.1611
vn -0.0361 0.9880 0.1504
vn -0.0270 0.9928 0.1165
vn -0.0128 0.9918 0.1274
vn -0.0916 0.9862 0.1378
vn -0.1029 0.9848 0.1396
vn -0.1017 0.9906 0.0919
vn -0.0893 0.9911 0.0982
vn 0.9453 0.3184 0.0710
vn 0.4539 0.8733 0.1772
vn 0.4350 0.8928 0.1168
vn 0.9436 0.3311 0.0010
vn 0.3926 0.9189 -0.0377
vn -0.0099 0.9984 -0.0564
vn 0.0035 0.9997 -0.0254
vn 0.4271 0.9042 0.0059
vn -0.0150 0.9999 0.0066
vn -0.0012 0.9991 0.0413
vn -0.0343 0.9993 -0.0132
vn -0.0531 0.9972 -0.0527
vn 0.0627 0.9828 0.1739
vn 0.0663 0.9818 0.1778
vn 0.0594 0.9858 0.1571
vn 0.0558 0.9876 0.1468
vn 0.1302 0.9747 0.1820
vn 0.1446 0.9729 0.1802
vn 0.1525 0.9738 0.1686
vn 0.1346 0.9762 0.1704
vn -0.0073 0.9998 -0.0186
vn 0.0128 0.9989 -0.0440
vn 0.0484 0.9983 -0.0309
vn 0.0481 0.9983 0.0321
vn -0.0309 0.9863 0.1623
vn 0.0079 0.9854 0.1701
vn 0.0004 0.9954 0.0958
vn -0.0387 0.9953 0.0883
vn 0.0706 0.9821 0.1747
vn 0.0774 0.9821 0.1717
vn 0.0762 0.9898 0.1204
vn 0.0703 0.9909 0.1147
vn 0.2259 0.9707 0.0816
vn 0.2481 0.9665 0.0663
vn 0.2520 0.9675 0.0189
vn 0.2499 0.9680 0.0242
vn 0.1908 0.9302 0.3135
vn 0.1917 0.9764 0.0998
vn 0.3908 0.9199 0.0329
vn 0.6284 0.5638 0.5359
vn -0.5192 0.8545 -0.0177
vn -0.9614 0.2744 -0.0213
vn -0.9583 0.2828 -0.0409
vn -0.5134 0.8556 -0.0658
vn 0.1641 0.9833 0.0792
vn -0.0075 0.9998 0.0160
vn 0.0661 0.9951 0.0733
vn 0.1409 0.9879 0.0649
vn -0.3591 0.9328 0.0302
vn -0.2902 0.9167 0.2746
vn -0.6424 0.5387 0.5452
vn -0.5487 0.8322 0.0800
vn -0.1279 0.9918 -0.0018
vn -0.0589 0.9983 -0.0052
vn -0.0585 0.9932 -0.1007
vn -0.1340 0.9849 -0.1097
vn -0.0485 0.3609 -0.9313
vn 0.0576 0.3730 -0.9261
vn -0.0220 0.9342 -0.3560
vn -0.1152 0.9150 -0.3867
vn 0.0290 0.9020 -0.4307
vn 0.0532 0.8834 -0.4655
vn 0.0999 0.9933 0.0576
vn 0.0677 0.9929 0.0982
vn -0.1378 0.9868 0.0845
vn -0.1330 0.9882 0.0763
vn -0.1224 0.9913 0.0490
vn -0.1318 0.9896 0.0573
vn -0.0027 0.9995 0.0308
vn -0.0104 0.9994 0.0316
vn -0.0120 0.9987 0.0490
vn -0.0041 0.9989 0.0468
vn -0.0016 1.0000 0.0004
vn -0.0084 1.0000 0.0011
vn -0.0093 1.0000 0.0026
vn -0.0018 1.0000 0.0022
vn -0.5324 0.8462 0.0211
vn -0.9537 0.3004 0.0146
vn -0.9551 0.2866 0.0749
vn -0.5592 0.8246 0.0850
vn -0.2350 0.9714 -0.0340
vn -0.2934 0.9543 -0.0564
vn -0.3014 0.9502 -0.0790
vn -0.1229 0.9924 0.0070
vn -0.0945 0.9953 0.0200
vn -0.0415 0.9963 0.0752
vn -0.0861 0.9945 0.0588
vn -0.1816 0.9832 -0.0201
vn -0.5912 0.8041 -0.0623
vn -0.9003 0.4352 -0.0098
vn -0.9174 0.3930 0.0627
vn -0.5318 0.8464 0.0290
vn 0.8461 0.5201 0.1167
vn 0.3725 0.9245 0.0805
vn 0.4515 0.8570 0.2485
vn 0.8275 0.4710 0.3057
vn 0.2241 0.9323 0.2840
vn 0.1457 0.9785 0.1462
vn 0.2667 0.9479 0.1740
vn 0.5234 0.7140 0.4651
vn -0.3290 0.9425 -0.0587
vn -0.7378 0.6705 -0.0778
vn -0.8447 0.5127 0.1539
vn -0.3427 0.9374 0.0624
vn -0.0282 0.9984 0.0486
vn 0.0241 0.9990 0.0381
vn 0.0347 0.9993 -0.0113
vn -0.0163 0.9999 -0.0008
vn 0.0165 0.9907 0.1347
vn -0.0266 0.9512 0.3073
vn -0.4443 0.7663 0.4641
vn -0.1546 0.9845 0.0833
vn -0.5083 0.8534 0.1151
vn -0.9661 0.2563 0.0292
vn -0.9657 0.2573 0.0351
vn -0.5021 0.8518 0.1495
vn -0.0519 0.8857 0.4613
vn 0.1303 0.9172 0.3766
vn 0.3929 0.4987 0.7727
vn -0.0467 0.3465 0.9369
vn 0.4462 0.4581 -0.7688
vn 0.2991 0.8520 -0.4297
vn 0.0202 0.9871 -0.1591
vn 0.1694 0.9197 -0.3541
vn -0.3917 0.9170 -0.0754
vn -0.6464 0.5062 -0.5709
vn -0.2313 0.9343 -0.2712
vn -0.1816 0.9827 -0.0376
vn -0.0904 0.9916 0.0928
vn -0.0082 0.9927 0.1201
vn -0.0292 0.9991 0.0314
vn -0.1275 0.9918 0.0008
vn -0.0085 0.3012 -0.9535
vn -0.0126 0.3013 -0.9534
vn -0.0363 0.8579 -0.5126
vn -0.0327 0.8602 -0.5089
vn -0.0300 0.3032 -0.9525
vn -0.0295 0.3038 -0.9523
vn -0.1047 0.8493 -0.5174
vn -0.0994 0.8468 -0.5226
vn -0.0738 0.9858 -0.1507
vn -0.0724 0.9792 -0.1894
vn -0.0614 0.9815 -0.1812
vn -0.0529 0.9897 -0.1330
vn -0.1092 0.9925 0.0541
vn -0.0518 0.9977 0.0444
vn -0.0539 0.9953 0.0804
vn -0.1099 0.9917 0.0668
vn 0.0127 0.9982 0.0587
vn -0.4701 0.8826 -0.0061
vn -0.3300 0.9420 -0.0606
vn 0.0172 0.9910 0.1328
vn -0.5559 0.8123 0.1767
vn -0.8270 0.5580 0.0694
vn -0.7645 0.6376 -0.0951
vn -0.5638 0.8174 0.1183
vn -0.4983 0.8666 -0.0282
vn -0.6877 0.5241 0.5023
vn -0.9539 0.2937 0.0617
vn -0.5522 0.8325 0.0448
vn -0.2670 0.9584 -0.1011
vn -0.2608 0.9440 -0.2021
vn -0.1883 0.9758 -0.1114
vn -0.2043 0.9767 -0.0659
vn -0.1411 0.8710 -0.4705
vn -0.0450 0.8258 -0.5621
vn 0.0383 0.9272 -0.3725
vn -0.0451 0.9506 -0.3072
vn 0.1566 0.2825 -0.9464
vn 0.5348 0.4468 -0.7172
vn 0.2245 0.7555 -0.6154
vn 0.1957 0.7327 -0.6519
vn 0.1823 0.9746 -0.1298
vn 0.2354 0.9586 -0.1600
vn 0.2509 0.9448 -0.2106
vn 0.2080 0.9574 -0.2004
vn 0.1956 0.9806 0.0153
vn 0.1856 0.9826 0.0002
vn 0.2047 0.9760 0.0744
vn 0.2095 0.9740 0.0863
vn 0.4214 0.9068 0.0103
vn -0.0947 0.9926 0.0756
vn 0.0089 0.9920 0.1263
vn 0.4484 0.8690 0.2093
vn 0.5441 0.8244 -0.1560
vn 0.1810 0.9709 -0.1569
vn 0.1204 0.9878 -0.0985
vn 0.5200 0.8439 -0.1322
vn -0.3123 0.9402 -0.1361
vn -0.9338 0.3390 -0.1140
vn -0.9106 0.3962 -0.1180
vn -0.2645 0.9623 -0.0628
vn 0.3860 0.9186 0.0846
vn 0.3338 0.9396 0.0757
vn 0.3384 0.9398 0.0464
vn 0.3910 0.9192 0.0470
vn 0.1966 0.7732 -0.6029
vn 0.1927 0.8027 -0.5644
vn 0.1806 0.9497 -0.2559
vn 0.2468 0.9457 -0.2114
vn 0.1916 0.9495 -0.2483
vn 0.1906 0.9545 -0.2293
vn 0.1830 0.9530 -0.2415
vn 0.1802 0.9483 -0.2613
vn 0.3394 0.9383 -0.0656
vn 0.2940 0.9554 -0.0286
vn 0.2613 0.9628 -0.0692
vn 0.2976 0.9488 -0.1060
vn -0.0337 0.9975 0.0624
vn -0.0533 0.9985 0.0159
vn -0.0043 0.9634 0.2680
vn 0.0127 0.9499 0.3123
vn 0.0524 0.9969 -0.0584
vn -0.1168 0.9887 -0.0939
vn -0.0881 0.9918 0.0922
vn -0.0185 0.9998 0.0103
vn 0.2247 0.9576 -0.1804
vn -0.2852 0.9491 -0.1335
vn -0.3600 0.9236 -0.1319
vn 0.1949 0.9650 -0.1756
vn -0.1730 0.9653 0.1958
vn -0.1655 0.9670 0.1936
vn -0.0629 0.9843 0.1649
vn -0.0349 0.9279 0.3712
vn -0.1063 0.9826 0.1522
vn -0.0640 0.9870 0.1471
vn -0.0672 0.9952 0.0716
vn -0.1103 0.9918 0.0645
vn 0.3929 0.8780 -0.2733
vn 0.2904 0.9501 -0.1137
vn 0.2443 0.9693 0.0273
vn 0.3060 0.9471 0.0973
vn -0.0765 0.9890 0.1263
vn -0.1191 0.9922 0.0372
vn -0.0334 0.9950 -0.0936
vn -0.0899 0.9899 -0.1097
vn 0.2247 0.9038 0.3641
vn 0.1556 0.9746 0.1613
vn 0.6157 0.5373 0.5764
vn 0.1561 0.3179 0.9352
vn -0.1150 0.9925 0.0416
vn 0.0832 0.9930 0.0844
vn 0.0058 0.9948 0.1017
vn -0.1715 0.9852 -0.0045
vn 0.0713 0.3123 -0.9473
vn -0.1451 0.3521 -0.9246
vn -0.1127 0.8469 -0.5197
vn 0.1743 0.8598 -0.4799
vn 0.3555 0.8122 0.4625
vn 0.2819 0.8316 0.4785
vn 0.0884 0.3156 0.9447
vn 0.0517 0.3452 0.9371
vn 0.0607 0.8654 0.4974
vn 0.0790 0.8672 0.4916
vn 0.4421 0.2676 0.8561
vn 0.0865 0.3082 0.9474
vn 0.1487 0.9841 -0.0970
vn 0.2237 0.9696 -0.0988
vn 0.2298 0.9635 -0.1377
vn 0.2562 0.9660 -0.0337
vn 0.0944 0.9885 0.1181
vn 0.1456 0.9849 0.0934
vn 0.1713 0.9847 0.0305
vn 0.1148 0.9921 0.0507
vn 0.0684 0.9967 0.0441
vn 0.0109 0.9717 0.2362
vn -0.5077 0.6293 0.5884
vn -0.1294 0.9859 0.1057
vn 0.9097 0.4016 0.1058
vn 0.4822 0.8731 0.0720
vn 0.7735 0.5403 0.3313
vn 0.7762 0.2538 0.5772
vn 0.2035 0.9780 -0.0454
vn 0.1982 0.9798 0.0277
vn 0.1445 0.9895 -0.0038
vn 0.1294 0.9900 -0.0561
vn 0.1185 0.9926 0.0257
vn 0.1002 0.9913 0.0853
vn -0.1648 0.8864 0.4325
vn -0.0705 0.9833 0.1675
vn -0.2658 0.9634 0.0351
vn -0.2616 0.9623 0.0748
vn -0.2895 0.8288 0.4787
vn -0.2410 0.8288 0.5050
vn 0.4535 0.4344 0.7782
vn 0.3509 0.8071 0.4748
vn 0.7368 0.4391 0.5141
vn 0.6847 0.1633 0.7103
vn 0.3890 0.8240 -0.4119
vn 0.2972 0.9282 -0.2238
vn 0.1471 0.9784 -0.1450
vn 0.2618 0.9323 -0.2494
vn -0.5867 0.8096 0.0164
vn -0.9654 0.2604 0.0120
vn -0.9658 0.2592 0.0027
vn -0.5893 0.8079 -0.0041
vn 0.0436 0.9968 -0.0674
vn 0.0131 0.9982 -0.0586
vn 0.0135 0.9989 -0.0460
vn 0.0363 0.9974 -0.0616
vn 0.6246 0.5201 -0.5826
vn 0.3980 0.9138 -0.0805
vn 0.1930 0.9807 -0.0315
vn 0.2057 0.9416 -0.2665
vn -0.5395 0.8414 -0.0320
vn -0.9533 0.3002 -0.0344
vn -0.9534 0.3017 -0.0026
vn -0.5364 0.8440 -0.0002
vn 0.1620 0.9857 -0.0459
vn 0.1030 0.9942 -0.0316
vn 0.0778 0.9963 -0.0351
vn 0.1490 0.9870 -0.0605
vn 0.1663 0.8390 -0.5182
vn 0.2797 0.8779 -0.3887
vn 0.1225 0.9915 -0.0447
vn 0.1468 0.9884 -0.0386
vn -0.5770 0.8156 -0.0429
vn -0.9598 0.2797 -0.0223
vn -0.9627 0.2685 -0.0331
vn -0.5841 0.8095 -0.0590
vn -0.1246 0.9217 -0.3674
vn 0.0095 0.8809 -0.4733
vn 0.1032 0.9944 -0.0211
vn -0.0000 0.9962 0.0876
vn -0.5680 0.7806 0.2608
vn -0.9123 0.3323 0.2391
vn -0.7877 0.1809 0.5889
vn -0.7966 0.4657 0.3854
vn -0.0456 0.9986 -0.0283
vn -0.3704 0.9215 0.1170
vn -0.5013 0.8627 0.0669
vn -0.0820 0.9964 0.0229
vn 0.0697 0.9975 0.0105
vn -0.0418 0.9984 0.0375
vn -0.0509 0.8111 0.5827
vn 0.0155 0.8150 0.5792
vn 0.4155 0.8751 -0.2480
vn 0.1540 0.9808 -0.1197
vn 0.1548 0.9840 -0.0887
vn 0.2654 0.9483 -0.1739
vn 0.1921 0.9680 -0.1616
vn 0.2405 0.9596 -0.1462
vn 0.2115 0.9624 -0.1703
vn 0.1780 0.9643 -0.1961
vn 0.1567 0.9876 -0.0119
vn 0.2757 0.9612 -0.0080
vn 0.2652 0.9634 -0.0385
vn 0.1725 0.9844 -0.0345
vn 0.3043 0.9503 -0.0662
vn 0.1995 0.9729 -0.1171
vn 0.3114 0.9488 -0.0523
vn 0.3920 0.9197 -0.0203
vn 0.1461 0.9413 0.3042
vn 0.1734 0.9051 0.3883
vn 0.0636 0.9703 0.2335
vn 0.0635 0.9874 0.1450
vn 0.0245 0.4187 -0.9078
vn 0.0006 0.3765 -0.9264
vn 0.1695 0.9629 -0.2099
vn 0.1845 0.9761 -0.1152
vn -0.1464 0.2047 -0.9678
vn -0.1170 0.1965 -0.9735
vn -0.2430 0.8701 -0.4288
vn -0.2570 0.8815 -0.3962
vn -0.2094 0.9241 -0.3198
vn -0.2058 0.9149 -0.3472
vn -0.1983 0.9253 -0.3232
vn -0.1946 0.9369 -0.2903
vn 0.0755 0.9943 -0.0755
vn 0.1087 0.9917 -0.0679
vn 0.1053 0.9904 -0.0891
vn 0.0728 0.9924 -0.0989
vn -0.1036 0.9567 -0.2720
vn 0.0464 0.9048 -0.4232
vn 0.1076 0.9921 0.0640
vn 0.0744 0.9947 0.0711
vn 0.1443 0.8813 -0.4500
vn 0.1671 0.8861 -0.4324
vn 0.1333 0.9904 0.0361
vn 0.1374 0.9897 0.0400
vn 0.1096 0.8852 -0.4521
vn 0.1166 0.8810 -0.4584
vn 0.1406 0.9889 0.0481
vn 0.1312 0.9898 0.0562
vn 0.0096 0.9956 0.0937
vn -0.0811 0.9965 -0.0220
vn 0.0393 0.9963 0.0765
vn 0.0107 0.9968 0.0793
vn 0.0109 0.3126 -0.9498
vn -0.1779 0.3536 -0.9183
vn -0.2011 0.8455 -0.4946
vn 0.0117 0.8934 -0.4490
vn 0.0030 0.9962 -0.0868
vn 0.0372 0.9960 -0.0815
vn 0.0349 0.9937 -0.1063
vn 0.0008 0.9937 -0.1117
vn 0.0106 0.9993 0.0347
vn 0.0420 0.9985 0.0350
vn 0.0410 0.9989 -0.0243
vn 0.0075 0.9996 -0.0281
vn 0.0791 0.9963 0.0332
vn 0.1131 0.9931 0.0301
vn 0.1136 0.9933 -0.0193
vn 0.0794 0.9966 -0.0217
vn 0.4447 0.5277 0.7238
vn 0.3511 0.8341 0.4255
vn 0.3765 0.4108 0.8303
vn 0.6336 0.2617 0.7280
vn 0.3453 0.9042 0.2512
vn 0.3836 0.9207 0.0718
vn 0.5512 0.8127 0.1890
vn 0.6165 0.5437 0.5694
vn -0.1436 0.9602 -0.2396
vn -0.1862 0.9410 -0.2824
vn -0.1662 0.9540 -0.2495
vn -0.1224 0.9709 -0.2060
vn -0.0284 0.2676 -0.9631
vn -0.0399 0.2703 -0.9620
vn -0.1614 0.7444 -0.6479
vn -0.1301 0.7637 -0.6323
vn -0.0445 0.2778 -0.9596
vn -0.0385 0.2922 -0.9556
vn -0.1645 0.7310 -0.6623
vn -0.1745 0.7321 -0.6585
vn -0.1232 0.3080 -0.9434
vn -0.1681 0.2371 -0.9568
vn -0.2009 0.9172 -0.3441
vn -0.0233 0.9609 -0.2758
vn -0.2478 0.9681 0.0378
vn -0.5330 0.6722 -0.5139
vn -0.0432 0.9924 0.1151
vn -0.1215 0.9329 0.3391
vn -0.3663 0.9263 -0.0881
vn -0.9317 0.3505 -0.0957
vn -0.9090 0.3920 -0.1413
vn -0.3355 0.9350 -0.1150
vn -0.2329 0.9531 0.1934
vn -0.0179 0.9681 0.2499
vn -0.0664 0.9952 0.0719
vn -0.2857 0.9583 0.0055
vn -0.1066 0.8902 0.4430
vn 0.0457 0.8816 0.4698
vn 0.0224 0.9137 0.4058
vn -0.1693 0.9193 0.3552
vn 0.2222 0.8659 0.4482
vn 0.2611 0.8749 0.4078
vn 0.2586 0.8386 0.4795
vn 0.2088 0.8755 0.4358
vn 0.4098 0.9120 0.0169
vn 0.4410 0.8974 0.0089
vn 0.4581 0.8888 0.0098
vn 0.3803 0.9248 -0.0144
vn 0.3868 0.9221 0.0110
vn 0.2824 0.9561 -0.0787
vn 0.3788 0.9252 -0.0220
vn 0.4188 0.9076 0.0295
vn 0.1380 0.9781 -0.1560
vn 0.0847 0.9808 -0.1757
vn 0.1046 0.9821 -0.1568
vn 0.2037 0.9724 -0.1135
vn 0.0555 0.9962 -0.0665
vn 0.0550 0.9985 0.0046
vn 0.0784 0.9968 -0.0170
vn -0.0203 0.9998 0.0019
vn 0.3561 0.9344 -0.0067
vn 0.0151 0.9999 0.0009
vn 0.0323 0.9995 0.0075
vn 0.2415 0.9650 -0.1019
vn 0.1557 0.9878 0.0078
vn 0.3209 0.9466 0.0306
vn 0.2978 0.9545 0.0160
vn 0.1480 0.9890 -0.0009
vn 0.0255 0.9877 -0.1542
vn 0.1195 0.9793 -0.1632
vn 0.1218 0.9714 -0.2038
vn 0.0386 0.9801 -0.1945
vn -0.0018 0.9991 -0.0421
vn 0.0982 0.9935 -0.0575
vn 0.1121 0.9875 -0.1106
vn 0.0131 0.9950 -0.0988
vn 0.1872 0.9798 -0.0711
vn 0.2619 0.9622 -0.0754
vn 0.2564 0.9598 -0.1142
vn 0.1950 0.9738 -0.1173
vn 0.6204 0.2554 -0.7416
vn 0.6745 0.5214 -0.5227
vn 0.3942 0.8423 -0.3677
vn 0.4177 0.5739 -0.7044
vn 0.5976 0.7844 -0.1664
vn 0.1549 0.9798 -0.1261
vn 0.1526 0.9804 -0.1249
vn 0.5421 0.8154 -0.2031
vn 0.0202 0.9997 -0.0121
vn 0.0576 0.9983 0.0117
vn -0.0307 0.8264 0.5623
vn -0.1082 0.8759 0.4701
vn 0.0447 0.8590 -0.5101
vn 0.0521 0.8622 -0.5039
vn 0.0475 0.9964 -0.0705
vn 0.0347 0.9984 -0.0439
vn 0.0495 0.8665 -0.4968
vn 0.0752 0.8889 -0.4520
vn -0.0051 0.9946 -0.1035
vn 0.0493 0.9926 -0.1107
vn -0.2281 0.9703 0.0809
vn -0.3469 0.8794 0.3261
vn -0.5983 0.5011 0.6253
vn -0.4596 0.8416 0.2837
vn -0.2376 0.8037 0.5456
vn -0.0900 0.7653 0.6373
vn -0.0779 0.3057 0.9489
vn -0.2360 0.3330 0.9129
vn 0.0077 0.9979 -0.0637
vn -0.0065 0.9985 -0.0542
vn -0.0299 0.9995 -0.0102
vn 0.0037 0.9996 -0.0278
vn -0.0020 0.9967 -0.0807
vn 0.0149 0.9964 -0.0835
vn 0.0082 0.9967 -0.0808
vn 0.0051 0.9965 -0.0830
vn 0.0007 0.9971 -0.0759
vn -0.0532 0.9972 -0.0520
vn -0.1722 0.9839 0.0481
vn -0.0172 0.9978 -0.0647
vn -0.0431 0.9990 0.0109
vn -0.2062 0.9711 0.1200
vn -0.4138 0.9001 0.1364
vn -0.0441 0.9990 -0.0057
vn -0.0078 0.9997 0.0221
vn -0.0592 0.9972 0.0454
vn -0.0912 0.9927 0.0791
vn -0.0267 0.9983 0.0521
vn -0.1951 0.9682 0.1567
vn -0.5807 0.7780 0.2400
vn -0.7811 0.4744 0.4060
vn -0.3906 0.8950 0.2154
vn 0.1375 0.9365 0.3225
vn 0.1710 0.9766 0.1302
vn 0.2472 0.8145 0.5248
vn 0.3948 0.5070 0.7662
vn 0.1494 0.9880 0.0398
vn 0.1844 0.9818 0.0446
vn 0.2084 0.8671 0.4524
vn 0.1530 0.8653 0.4773
vn -0.0260 0.9148 0.4030
vn -0.0630 0.9077 0.4149
vn -0.0287 0.3398 0.9401
vn -0.0159 0.3398 0.9404
vn -0.0746 0.8982 0.4331
vn -0.0156 0.9021 0.4313
vn 0.0617 0.3499 0.9347
vn -0.0316 0.3397 0.9400
vn -0.2185 0.9734 0.0693
vn -0.2899 0.9440 -0.1575
vn -0.1133 0.9808 0.1586
vn -0.1287 0.9772 0.1689
vn -0.2136 0.3782 -0.9008
vn -0.6040 0.2274 -0.7638
vn -0.4986 0.5273 -0.6880
vn -0.2824 0.8590 -0.4271
vn 0.1754 0.9692 -0.1728
vn -0.0597 0.9972 -0.0442
vn -0.0701 0.9969 -0.0361
vn 0.0503 0.9980 -0.0393
vn 0.8168 0.4117 -0.4041
vn 0.3283 0.9289 -0.1715
vn 0.0900 0.9815 -0.1693
vn 0.4358 0.7938 -0.4242
vn -0.5493 0.8355 0.0121
vn -0.9568 0.2848 0.0579
vn -0.9583 0.2848 0.0214
vn -0.5631 0.8264 -0.0092
vn 0.0767 0.8619 -0.5012
vn 0.1010 0.8422 -0.5297
vn 0.1431 0.9896 -0.0173
vn 0.1256 0.9919 0.0166
vn 0.1919 0.9804 -0.0447
vn 0.1883 0.9809 -0.0489
vn 0.1837 0.9801 -0.0749
vn 0.1925 0.9778 -0.0823
vn 0.1583 0.9873 0.0150
vn 0.1669 0.9859 -0.0097
vn 0.1823 0.9830 -0.0226
vn 0.1804 0.9836 -0.0082
vn 0.1582 0.9871 -0.0247
vn 0.1212 0.9922 -0.0283
vn 0.1166 0.9928 -0.0271
vn 0.1643 0.9860 -0.0297
vn 0.4667 0.8844 -0.0064
vn -0.0635 0.9977 -0.0223
vn -0.0506 0.9987 0.0063
vn 0.4614 0.8868 -0.0260
vn 0.4677 0.8805 -0.0776
vn -0.0956 0.9919 -0.0832
vn -0.0758 0.9961 -0.0457
vn 0.4589 0.8876 -0.0389
vn -0.5664 0.8163 -0.1137
vn -0.9560 0.2807 -0.0855
vn -0.9537 0.2946 -0.0610
vn -0.5476 0.8343 -0.0643
vn -0.1161 0.3221 -0.9396
vn 0.0786 0.3216 -0.9436
vn 0.0268 0.9062 -0.4219
vn -0.1175 0.9024 -0.4147
vn 0.7676 0.2121 -0.6048
vn 0.7911 0.4643 -0.3981
vn 0.5392 0.8155 -0.2103
vn 0.9006 0.3463 -0.2625
vn 0.4978 0.8177 0.2890
vn -0.2230 0.9124 0.3431
vn -0.1678 0.4965 0.8517
vn 0.4270 0.4349 0.7928
vn 0.3627 0.9200 0.1484
vn 0.0240 0.9980 0.0590
vn -0.1495 0.9854 0.0810
vn 0.5116 0.8587 0.0301
vn -0.0552 0.9696 0.2383
vn -0.4955 0.8169 0.2951
vn -0.5187 0.3899 0.7609
vn -0.5292 0.6911 0.4922
vn 0.0855 0.9871 -0.1351
vn 0.0802 0.9922 -0.0950
vn 0.0652 0.9928 -0.1009
vn 0.0677 0.9856 -0.1549
vn -0.0863 0.9381 -0.3354
vn 0.0174 0.8725 -0.4883
vn 0.0931 0.9932 -0.0696
vn 0.1039 0.9922 -0.0692
vn -0.1930 0.7993 -0.5691
vn -0.4095 0.4505 -0.7933
vn -0.1494 0.9071 -0.3934
vn -0.0641 0.9813 -0.1813
vn 0.0921 0.9938 -0.0627
vn -0.0781 0.9969 0.0086
vn -0.1009 0.9947 -0.0199
vn 0.0058 0.9981 -0.0621
vn 0.4453 0.8795 -0.1682
vn 0.0146 0.9997 0.0204
vn -0.0448 0.9988 0.0185
vn 0.2442 0.9631 -0.1131
vn -0.5848 0.8104 0.0359
vn -0.9636 0.2673 -0.0055
vn -0.9641 0.2652 0.0159
vn -0.5850 0.8104 0.0316
vn 0.1408 0.7857 -0.6023
vn 0.3109 0.7751 -0.5500
vn 0.2674 0.9025 -0.3376
vn 0.1671 0.9075 -0.3853
vn -0.0294 0.3206 -0.9468
vn 0.2175 0.2842 -0.9338
vn 0.3046 0.5341 -0.7886
vn 0.0663 0.5538 -0.8300
vn 0.6410 0.3360 -0.6900
vn 0.7281 0.5378 -0.4250
vn 0.5202 0.7743 -0.3603
vn 0.5299 0.5791 -0.6195
vn 0.1728 0.9583 -0.2274
vn 0.2262 0.9511 -0.2103
vn 0.2285 0.8878 0.3996
vn 0.1859 0.8881 0.4203
vn 0.1788 0.9705 -0.1617
vn 0.0660 0.9927 -0.1007
vn 0.1266 0.9816 0.1429
vn 0.2667 0.9159 0.3000
vn 0.0171 0.9947 0.1009
vn -0.1413 0.9881 0.0610
vn -0.1100 0.8295 0.5476
vn -0.0686 0.8186 0.5702
vn 0.0309 0.9172 -0.3972
vn -0.0554 0.9277 -0.3691
vn -0.1336 0.9815 -0.1371
vn 0.0242 0.9892 -0.1448
vn -0.0373 0.9634 -0.2656
vn -0.0066 0.9927 -0.1208
vn -0.1553 0.9843 0.0836
vn -0.1931 0.9795 -0.0568
vn 0.1377 0.9903 -0.0163
vn 0.1176 0.9930 -0.0146
vn 0.1043 0.9935 0.0452
vn 0.1548 0.9864 0.0560
vn 0.0930 0.9489 -0.3014
vn 0.1458 0.9319 -0.3321
vn 0.1454 0.9649 -0.2186
vn 0.1246 0.9664 -0.2247
vn 0.2157 0.9109 -0.3519
vn 0.1716 0.9100 -0.3774
vn 0.1655 0.9755 -0.1446
vn 0.1951 0.9639 -0.1811
vn 0.0625 0.9977 0.0278
vn -0.4137 0.9090 0.0512
vn -0.4031 0.9142 0.0419
vn -0.0101 0.9979 0.0635
vn 0.1578 0.9873 0.0179
vn -0.0267 0.9914 0.1279
vn -0.2869 0.9473 0.1426
vn 0.1240 0.9923 0.0052
vn -0.3946 0.8409 0.3704
vn -0.5730 0.3727 0.7299
vn -0.7589 0.0539 0.6490
vn -0.8157 0.4134 0.4047
vn 0.1389 0.9883 -0.0627
vn 0.1457 0.9819 -0.1214
vn 0.0760 0.9901 -0.1183
vn 0.3328 0.9430 -0.0060
vn 0.0831 0.9932 -0.0818
vn 0.2603 0.9637 -0.0592
vn 0.2125 0.9710 -0.1094
vn 0.0618 0.9867 -0.1506
vn 0.2715 0.9583 -0.0894
vn 0.2035 0.9554 -0.2139
vn 0.2658 0.9634 0.0361
vn 0.2850 0.9577 -0.0407
vn 0.7334 0.5423 0.4099
vn 0.2659 0.9604 0.0837
vn 0.4131 0.9048 -0.1036
vn 0.9325 0.3603 0.0263
vn 0.1792 0.9821 0.0576
vn 0.1833 0.9831 0.0048
vn 0.2267 0.9736 -0.0264
vn 0.2147 0.9767 0.0046
vn 0.0514 0.9575 0.2839
vn 0.0356 0.9786 0.2026
vn 0.1156 0.9898 0.0832
vn 0.1255 0.9793 0.1588
vn 0.0413 0.9909 0.1277
vn 0.1089 0.9912 0.0758
vn 0.1391 0.9892 -0.0458
vn 0.1048 0.9945 0.0035
vn -0.0143 0.9895 0.1441
vn 0.0391 0.9900 0.1354
vn 0.0518 0.9965 0.0656
vn -0.0115 0.9973 0.0727
vn 0.0218 0.9282 0.3715
vn 0.0348 0.9182 0.3946
vn 0.0303 0.9654 0.2588
vn -0.0072 0.9667 0.2558
vn 0.0442 0.9204 0.3885
vn 0.0561 0.9351 0.3499
vn 0.1094 0.9710 0.2124
vn 0.0712 0.9671 0.2443
vn 0.9172 0.3845 0.1044
vn 0.4784 0.8778 -0.0229
vn 0.5453 0.8316 0.1049
vn 0.9037 0.3979 0.1584
vn 0.1376 0.9396 0.3135
vn 0.1610 0.9808 0.1102
vn 0.3579 0.9277 0.1058
vn 0.5781 0.5861 0.5677
vn 0.1320 0.9912 -0.0019
vn 0.1928 0.9811 -0.0177
vn 0.2108 0.9757 -0.0598
vn 0.1438 0.9883 -0.0504
vn 0.1542 0.8558 0.4938
vn 0.0697 0.8602 0.5051
vn 0.0224 0.2960 0.9549
vn 0.0452 0.3030 0.9519
vn 0.1752 0.9845 0.0001
vn 0.0827 0.9965 -0.0117
vn 0.0838 0.9965 0.0049
vn 0.1875 0.9822 0.0072
vn 0.0379 0.9992 -0.0115
vn 0.0253 0.9996 -0.0101
vn 0.0218 0.9997 0.0060
vn 0.0353 0.9994 0.0055
vn 0.2007 0.9651 0.1685
vn 0.2791 0.8848 0.3732
vn -0.2495 0.5572 0.7920
vn -0.0620 0.9240 0.3774
vn 0.2508 0.9487 0.1927
vn 0.3495 0.9230 0.1609
vn 0.3998 0.9105 0.1059
vn 0.2659 0.9529 0.1458
vn 0.3745 0.9221 0.0974
vn 0.2982 0.9538 0.0363
vn 0.3332 0.9426 0.0207
vn 0.4286 0.9018 0.0553
vn -0.4339 0.5288 -0.7295
vn 0.0276 0.3209 -0.9467
vn 0.1607 0.8418 -0.5154
vn 0.0103 0.8627 -0.5057
vn -0.0839 0.9939 -0.0710
vn -0.2269 0.9711 -0.0735
vn -0.3137 0.9484 -0.0470
vn 0.1424 0.9842 0.1049
vn 0.0299 0.9766 -0.2130
vn 0.0981 0.9926 -0.0709
vn -0.0681 0.9923 -0.1031
vn -0.0951 0.9602 -0.2625
vn 0.1113 0.9912 0.0713
vn 0.1529 0.9743 0.1654
vn 0.1027 0.9849 0.1393
vn -0.0122 0.9983 0.0566
vn 0.1557 0.9041 0.3979
vn 0.2426 0.8629 0.4433
vn 0.0674 0.3203 0.9449
vn -0.0307 0.3677 0.9294
vn 0.1933 0.9809 0.0207
vn 0.1459 0.9850 -0.0917
vn 0.2449 0.9646 -0.0975
vn 0.2261 0.9725 -0.0567
vn -0.0105 0.9730 -0.2304
vn -0.0591 0.9573 -0.2828
vn -0.0442 0.9507 -0.3070
vn 0.1161 0.9696 -0.2152
vn 0.9078 0.3566 0.2206
vn 0.4139 0.8409 0.3487
vn 0.2565 0.3393 0.9050
vn 0.7026 0.1862 0.6867
vn 0.0856 0.9917 0.0963
vn -0.0048 0.9953 0.0971
vn 0.0322 0.9986 -0.0421
vn 0.1216 0.9914 0.0482
vn 0.0623 0.4661 -0.8825
vn -0.0267 0.4799 -0.8769
vn 0.0178 0.9674 -0.2528
vn 0.1048 0.9525 -0.2860
vn -0.0867 0.4524 -0.8876
vn -0.3026 0.4112 -0.8598
vn -0.2554 0.9130 -0.3180
vn -0.0538 0.9680 -0.2453
vn 0.1816 0.8939 0.4098
vn 0.1944 0.8836 0.4260
vn 0.0844 0.3366 0.9379
vn 0.0734 0.3295 0.9413
vn 0.2365 0.8730 0.4265
vn 0.2654 0.8687 0.4183
vn 0.5590 0.3059 0.7706
vn 0.1765 0.3469 0.9211
vn 0.0395 0.9090 0.4150
vn 0.1106 0.9084 0.4032
vn 0.0306 0.2895 0.9567
vn 0.0031 0.2836 0.9589
vn 0.1503 0.9046 0.3988
vn 0.1688 0.9005 0.4007
vn 0.0623 0.3156 0.9468
vn 0.0500 0.3004 0.9525
vn 0.2411 0.8653 -0.4394
vn 0.2962 0.8630 -0.4093
vn 0.2987 0.9403 0.1630
vn 0.2474 0.9497 0.1921
vn 0.6300 0.1496 -0.7621
vn 0.2584 0.3014 -0.9178
vn 0.3285 0.7594 -0.5617
vn 0.4967 0.4157 -0.7619
vn -0.1546 0.9712 0.1812
vn -0.1368 0.9768 0.1645
vn -0.1379 0.9889 0.0560
vn -0.1515 0.9870 0.0534
vn -0.1748 0.9305 0.3218
vn -0.1758 0.9295 0.3244
vn -0.1547 0.9441 0.2911
vn -0.1663 0.9312 0.3244
vn -0.1261 0.9377 0.3238
vn -0.0415 0.9395 0.3399
vn -0.0602 0.9667 0.2486
vn -0.1175 0.9585 0.2599
vn -0.2012 0.9694 0.1408
vn -0.1767 0.9672 0.1824
vn -0.1414 0.8682 0.4756
vn -0.2293 0.8445 0.4840
vn -0.0179 0.9997 0.0146
vn -0.0545 0.9897 0.1326
vn -0.1310 0.9499 0.2837
vn -0.1235 0.9706 0.2067
vn -0.0964 0.9686 0.2292
vn -0.1379 0.9459 0.2937
vn -0.1584 0.9270 0.3399
vn -0.1479 0.9336 0.3263
vn 0.3038 0.5570 0.7730
vn 0.0702 0.8602 0.5050
vn 0.0944 0.4186 0.9032
vn 0.5425 0.2968 0.7859
vn 0.0509 0.9791 0.1971
vn 0.1065 0.9348 0.3387
vn -0.0525 0.4130 0.9092
vn -0.5242 0.6789 0.5140
vn -0.1531 0.8895 0.4306
vn -0.4769 0.5360 0.6967
vn -0.6027 0.2661 0.7523
vn -0.1925 0.4240 0.8850
vn 0.2571 0.9493 -0.1809
vn 0.2495 0.9499 -0.1884
vn 0.2361 0.9508 -0.2006
vn 0.2590 0.9425 -0.2112
vn 0.2155 0.9741 0.0690
vn 0.2173 0.9757 0.0295
vn 0.2453 0.9611 -0.1269
vn 0.2394 0.9657 -0.1007
vn 0.2007 0.9792 -0.0284
vn 0.1062 0.9943 0.0043
vn -0.1029 0.9945 -0.0216
vn 0.2328 0.9618 -0.1441
vn 0.1593 0.9685 -0.1916
vn 0.1182 0.9851 -0.1246
vn 0.0405 0.9953 -0.0877
vn 0.0849 0.9786 -0.1874
vn 0.2431 0.9482 -0.2046
vn 0.2094 0.9624 -0.1728
vn 0.1705 0.9772 -0.1265
vn 0.2098 0.9613 -0.1787
vn 0.1517 0.9801 -0.1283
vn -0.3677 0.9243 -0.1021
vn -0.2637 0.9528 -0.1505
vn 0.1034 0.9922 -0.0697
vn 0.1563 0.9817 -0.1086
vn 0.0932 0.9950 0.0361
vn 0.0381 0.9427 0.3315
vn 0.0489 0.9443 0.3253
vn 0.5426 0.2867 -0.7895
vn 0.0933 0.4079 -0.9083
vn 0.1443 0.8732 -0.4655
vn 0.3547 0.6091 -0.7093
vn -0.0572 0.3334 -0.9410
vn -0.0163 0.3090 -0.9509
vn -0.0579 0.8520 -0.5203
vn -0.0762 0.8722 -0.4832
vn -0.1628 0.9673 -0.1944
vn -0.7388 0.4807 -0.4724
vn -0.4172 0.8497 -0.3224
vn 0.0876 0.9821 -0.1665
vn -0.3742 0.9273 0.0035
vn -0.9629 0.2694 -0.0122
vn -0.9482 0.2910 -0.1278
vn -0.3357 0.9400 -0.0611
vn 0.5189 0.8528 -0.0585
vn 0.3441 0.9330 -0.1052
vn 0.2980 0.9426 -0.1506
vn 0.4481 0.8542 -0.2638
vn 0.3610 0.9325 -0.0113
vn 0.3945 0.9189 -0.0038
vn 0.3772 0.9243 -0.0575
vn 0.4263 0.9046 0.0058
vn 0.3878 0.9217 0.0034
vn 0.3347 0.9423 0.0098
vn 0.3210 0.9470 -0.0087
vn 0.3714 0.9279 -0.0328
vn 0.1086 0.9454 -0.3074
vn 0.1653 0.9469 -0.2758
vn 0.1502 0.9457 -0.2882
vn 0.0921 0.9437 -0.3176
vn 0.2663 0.9135 -0.3076
vn 0.2476 0.9486 -0.1974
vn 0.2016 0.9491 -0.2421
vn 0.1489 0.9481 -0.2810
vn 0.2553 0.9539 -0.1577
vn 0.2317 0.9642 -0.1291
vn 0.2082 0.9595 -0.1895
vn 0.2193 0.9527 -0.2104
vn -0.1965 0.8518 -0.4857
vn -0.7897 0.5441 -0.2833
vn -0.8470 0.5249 -0.0844
vn -0.2698 0.9304 -0.2482
vn 0.1005 0.2944 -0.9504
vn -0.4651 0.2852 -0.8381
vn -0.6324 0.4664 -0.6185
vn -0.0331 0.6304 -0.7756
vn 0.0537 0.8632 -0.5019
vn 0.1361 0.7977 -0.5875
vn 0.2508 0.9570 -0.1457
vn 0.2210 0.9740 -0.0498
vn -0.1735 0.3050 -0.9364
vn -0.0266 0.2946 -0.9552
vn 0.0255 0.4564 -0.8894
vn -0.1142 0.5088 -0.8533
vn 0.0982 0.2766 -0.9560
vn 0.2037 0.2616 -0.9435
vn 0.2376 0.4891 -0.8393
vn 0.1489 0.4481 -0.8815
vn 0.3561 0.9273 0.1151
vn 0.3876 0.9166 0.0980
vn 0.3971 0.9163 0.0516
vn 0.3645 0.9294 0.0580
vn 0.3006 0.9443 0.1342
vn 0.3230 0.9433 0.0759
vn 0.3651 0.9234 0.1182
vn 0.3371 0.9295 0.1499
vn 0.3121 0.9500 0.0060
vn 0.2412 0.9674 -0.0775
vn 0.3049 0.9519 0.0312
vn 0.3644 0.9278 0.0797
vn 0.2499 0.9616 -0.1139
vn 0.2817 0.9552 -0.0908
vn 0.2738 0.9618 -0.0026
vn 0.2081 0.9774 -0.0361
vn 0.2818 0.9456 -0.1628
vn 0.2366 0.9537 -0.1856
vn 0.2705 0.9492 -0.1607
vn 0.2740 0.9488 -0.1569
vn -0.4037 0.8859 -0.2286
vn -0.9449 0.3107 -0.1034
vn -0.9430 0.3148 -0.1080
vn -0.3548 0.9128 -0.2023
vn 0.4474 0.8941 -0.0200
vn 0.2280 0.9589 -0.1690
vn 0.2144 0.9603 -0.1787
vn 0.5402 0.8326 -0.1227
vn 0.4841 0.8716 -0.0772
vn 0.0379 0.9992 -0.0105
vn -0.0423 0.9969 0.0668
vn 0.4475 0.8942 -0.0132
vn 0.4965 0.8664 0.0536
vn 0.1330 0.9906 0.0304
vn 0.1496 0.9843 0.0937
vn 0.5168 0.8511 0.0926
vn 0.3966 0.9173 0.0360
vn -0.0152 0.9969 -0.0766
vn 0.0742 0.9913 -0.1090
vn 0.4638 0.8859 -0.0126
vn 0.0645 0.9838 -0.1673
vn 0.0882 0.9650 -0.2472
vn 0.1508 0.9671 -0.2048
vn 0.1488 0.9747 -0.1670
vn 0.2931 0.8498 0.4380
vn -0.3100 0.8190 0.4829
vn -0.0885 0.3093 0.9468
vn 0.1471 0.3558 0.9229
vn -0.4206 0.8024 0.4234
vn -0.4420 0.8157 0.3732
vn -0.1858 0.3609 0.9139
vn -0.1432 0.3527 0.9247
vn 0.2968 0.9511 0.0859
vn 0.0987 0.9906 -0.0951
vn 0.1318 0.9746 -0.1809
vn 0.4637 0.8817 -0.0872
vn -0.0280 0.9874 0.1556
vn 0.0259 0.9881 0.1516
vn 0.0580 0.9982 0.0127
vn 0.0699 0.9882 0.1361
vn 0.1077 0.9862 0.1258
vn 0.1763 0.9795 0.0973
vn 0.2050 0.9765 -0.0668
vn 0.1433 0.9893 -0.0271
vn -0.2781 0.8876 0.3672
vn 0.0148 0.9572 0.2891
vn 0.3106 0.5720 0.7592
vn -0.0713 0.3912 0.9175
vn 0.0737 0.9867 0.1447
vn -0.0230 0.9930 0.1158
vn 0.0698 0.9449 0.3198
vn 0.1697 0.8729 0.4575
vn -0.0737 0.3041 -0.9498
vn 0.0609 0.2868 -0.9560
vn 0.1104 0.7590 -0.6416
vn 0.0029 0.8075 -0.5898
vn -0.2021 0.9306 -0.3051
vn -0.1570 0.9085 -0.3872
vn -0.0836 0.9698 -0.2293
vn -0.1310 0.9777 -0.1642
vn -0.5036 0.6934 -0.5153
vn -0.3883 0.5879 -0.7097
vn -0.2478 0.7781 -0.5772
vn -0.3239 0.8315 -0.4513
vn -0.3725 0.4768 -0.7962
vn -0.2721 0.3688 -0.8888
vn -0.1685 0.6145 -0.7707
vn -0.2545 0.7059 -0.6610
vn -0.1744 0.9843 0.0268
vn -0.2271 0.9736 -0.0230
vn -0.1764 0.9840 -0.0232
vn -0.1423 0.9898 0.0111
vn -0.2117 0.9740 0.0813
vn -0.3347 0.9399 0.0673
vn -0.2897 0.9571 0.0027
vn -0.2051 0.9774 0.0515
vn -0.4961 0.8676 -0.0336
vn -0.5858 0.7697 -0.2537
vn -0.3968 0.8771 -0.2708
vn -0.3721 0.9223 -0.1041
vn -0.1337 0.8949 0.4259
vn -0.3198 0.8207 0.4734
vn -0.2547 0.3758 0.8910
vn -0.1244 0.3523 0.9276
vn -0.1216 0.9925 -0.0089
vn -0.1497 0.9885 -0.0217
vn -0.2459 0.9670 0.0670
vn -0.1127 0.9928 -0.0403
vn -0.1947 0.9807 -0.0173
vn -0.1785 0.9839 0.0058
vn -0.2475 0.8360 0.4898
vn -0.3576 0.8888 0.2867
vn -0.0005 0.9824 -0.1868
vn 0.0681 0.9842 -0.1636
vn 0.0377 0.9260 0.3756
vn -0.0817 0.9450 0.3167
vn 0.1284 0.9812 -0.1440
vn 0.1685 0.9775 -0.1271
vn 0.1389 0.9012 0.4106
vn 0.0986 0.9137 0.3942
vn -0.0785 0.9946 -0.0675
vn -0.1699 0.9762 -0.1351
vn -0.1024 0.9935 0.0488
vn -0.0399 0.9959 0.0811
vn -0.2065 0.9327 -0.2956
vn -0.2118 0.9327 -0.2918
vn -0.2117 0.9190 -0.3327
vn -0.1480 0.9460 -0.2885
vn -0.1616 0.9530 -0.2563
vn -0.0787 0.9731 -0.2167
vn -0.2948 0.9523 0.0786
vn -0.3126 0.9246 -0.2177
vn -0.1156 0.9924 0.0426
vn -0.2347 0.9627 0.1346
vn -0.3225 0.9365 0.1378
vn -0.1761 0.9802 0.0909
vn -0.0461 0.9985 0.0304
vn -0.0718 0.9966 0.0401
vn -0.1228 0.9909 0.0543
vn -0.0705 0.9975 -0.0100
vn -0.5346 0.8449 0.0171
vn -0.9430 0.3252 -0.0706
vn -0.9079 0.4132 -0.0701
vn -0.5205 0.8505 0.0754
vn -0.0548 0.9985 -0.0048
vn -0.1267 0.9912 0.0378
vn -0.1420 0.8862 0.4411
vn -0.0653 0.8873 0.4566
vn -0.5673 0.8222 0.0457
vn -0.9555 0.2938 -0.0262
vn -0.9065 0.3765 0.1912
vn -0.4738 0.8056 0.3558
vn 0.1811 0.9773 -0.1103
vn 0.1681 0.9816 -0.0909
vn 0.1822 0.9153 0.3591
vn 0.2011 0.8978 0.3917
vn 0.1276 0.9895 -0.0684
vn 0.0475 0.9980 -0.0411
vn -0.0153 0.9004 0.4349
vn 0.0569 0.9224 0.3820
vn 0.0151 0.9989 0.0437
vn 0.0391 0.9978 0.0542
vn 0.0189 0.9921 0.1242
vn -0.0009 0.9950 0.1001
vn 0.0431 0.9977 -0.0515
vn 0.0677 0.9970 -0.0363
vn 0.0559 0.9974 -0.0446
vn 0.0249 0.9979 -0.0596
vn 0.0054 0.9992 -0.0399
vn -0.3924 0.9143 0.1010
vn -0.4896 0.8719 0.0067
vn 0.0120 0.9993 -0.0353
vn -0.0872 0.9953 0.0430
vn -0.1159 0.9917 0.0565
vn -0.1291 0.9903 0.0504
vn -0.1116 0.9933 0.0297
vn -0.1038 0.9938 -0.0403
vn -0.1520 0.9861 -0.0678
vn -0.1261 0.9918 -0.0211
vn -0.0813 0.9967 -0.0015
vn -0.1420 0.9864 -0.0822
vn -0.0537 0.9959 -0.0732
vn -0.0607 0.9962 -0.0629
vn -0.1281 0.9906 -0.0472
vn -0.0444 0.9978 -0.0496
vn -0.0640 0.9931 -0.0978
vn -0.0392 0.9961 -0.0786
vn -0.0248 0.9990 -0.0371
vn -0.1165 0.9929 -0.0235
vn -0.1357 0.9902 -0.0329
vn -0.1104 0.9888 -0.1002
vn -0.0870 0.9945 -0.0580
vn -0.1186 0.9924 -0.0337
vn -0.0725 0.9972 -0.0201
vn -0.0833 0.9855 -0.1478
vn -0.1077 0.9849 -0.1354
vn -0.0179 0.3017 -0.9532
vn -0.0244 0.3023 -0.9529
vn -0.0767 0.8483 -0.5240
vn -0.0515 0.8530 -0.5194
vn -0.0785 0.3159 -0.9455
vn -0.0056 0.3011 -0.9536
vn -0.0321 0.8600 -0.5092
vn -0.0569 0.8637 -0.5007
vn -0.1151 0.9932 0.0157
vn -0.1319 0.9900 0.0500
vn -0.1592 0.9870 -0.0212
vn -0.1243 0.9920 -0.0236
vn -0.0495 0.9987 -0.0068
vn -0.0533 0.9985 0.0152
vn -0.0877 0.9940 0.0649
vn -0.0815 0.9964 0.0249
vn -0.0400 0.9988 0.0288
vn -0.0268 0.9994 0.0205
vn -0.0089 0.9943 0.1067
vn -0.0556 0.9934 0.1004
vn 0.0259 0.9937 -0.1094
vn -0.0635 0.9953 0.0730
vn -0.1160 0.9926 0.0373
vn -0.1559 0.9875 -0.0221
vn 0.4630 0.8845 0.0570
vn -0.0246 0.9970 0.0736
vn -0.0341 0.9958 0.0849
vn 0.3305 0.9358 -0.1231
vn -0.5393 0.8399 0.0610
vn -0.9606 0.2776 0.0120
vn -0.9521 0.2967 -0.0738
vn -0.5118 0.8584 0.0341
vn -0.0141 0.3014 -0.9534
vn 0.0933 0.3021 -0.9487
vn 0.0500 0.8769 -0.4780
vn -0.0674 0.8576 -0.5099
vn -0.2512 0.9655 0.0684
vn -0.2696 0.9159 0.2973
vn -0.5346 0.4923 0.6869
vn -0.4660 0.8332 0.2976
vn -0.1104 0.9938 -0.0149
vn -0.0245 0.9994 0.0262
vn -0.0781 0.9967 0.0202
vn -0.1388 0.9901 -0.0207
vn 0.0223 0.9986 0.0485
vn -0.0638 0.9977 0.0244
vn -0.0261 0.9963 0.0822
vn -0.0007 0.9973 0.0735
vn 0.5171 0.8444 0.1398
vn 0.0438 0.9883 0.1460
vn 0.0381 0.9818 0.1862
vn 0.5054 0.8457 0.1713
vn 0.5620 0.8210 0.1005
vn 0.0697 0.9919 0.1058
vn 0.0541 0.9901 0.1296
vn 0.5372 0.8346 0.1215
vn -0.4859 0.8664 0.1150
vn -0.9489 0.3010 0.0952
vn -0.9639 0.2616 0.0498
vn -0.5092 0.8534 0.1117
vn 0.0717 0.9969 0.0317
vn 0.0901 0.9950 0.0432
vn 0.0704 0.9973 -0.0202
vn 0.0787 0.9967 -0.0214
vn 0.0535 0.9895 0.1344
vn 0.0960 0.9882 0.1195
vn 0.1024 0.9915 0.0797
vn 0.0651 0.9943 0.0848
vn 0.1187 0.9870 0.1087
vn 0.1273 0.9864 0.1044
vn 0.1082 0.9862 0.1252
vn 0.1082 0.9898 0.0929
vn -0.1128 0.9913 0.0681
vn -0.0767 0.9953 0.0589
vn -0.0638 0.9979 0.0121
vn -0.0964 0.9949 0.0311
vn -0.1208 0.9781 0.1694
vn -0.0916 0.9816 0.1675
vn -0.0856 0.9895 0.1167
vn -0.1192 0.9853 0.1225
vn -0.0500 0.9858 0.1603
vn 0.0007 0.9889 0.1488
vn 0.0128 0.9953 0.0957
vn -0.0398 0.9934 0.1073
vn -0.0488 0.9956 0.0794
vn -0.0233 0.9997 0.0119
vn 0.0405 0.8636 0.5026
vn -0.0314 0.8357 0.5483
vn 0.0002 0.9995 -0.0305
vn 0.0495 0.9976 -0.0487
vn 0.2250 0.9347 0.2752
vn 0.0726 0.8948 0.4406
vn 0.0457 0.9971 0.0609
vn -0.0484 0.9988 -0.0022
vn 0.0222 0.9988 0.0444
vn 0.0764 0.9934 0.0854
vn 0.0198 0.9938 0.1093
vn -0.0810 0.9820 0.1705
vn -0.1039 0.9937 0.0410
vn 0.0158 0.9976 0.0667
vn -0.2905 0.9039 0.3138
vn -0.5935 0.6083 0.5270
vn -0.7839 0.6208 -0.0001
vn -0.3689 0.9295 -0.0001
vn 0.0761 0.9011 0.4268
vn 0.1886 0.8932 0.4081
vn 0.1954 0.5426 0.8170
vn -0.0449 0.5608 0.8268
vn 0.1308 0.9862 0.1017
vn 0.1241 0.9876 0.0959
vn 0.1402 0.9809 0.1347
vn 0.1293 0.9808 0.1462
vn 0.1027 0.9907 0.0897
vn 0.0703 0.9934 0.0903
vn 0.0766 0.9935 0.0844
vn 0.1186 0.9871 0.1071
vn 0.8009 0.5789 0.1530
vn 0.3423 0.9325 0.1153
vn 0.3583 0.9291 0.0917
vn 0.8264 0.5546 0.0969
vn -0.0552 0.9949 0.0847
vn -0.2044 0.9786 0.0238
vn -0.1230 0.9896 0.0744
vn -0.0585 0.9936 0.0972
vn -0.0840 0.9944 0.0645
vn -0.3395 0.9394 0.0487
vn -0.2929 0.9561 0.0139
vn -0.0716 0.9950 0.0699
vn -0.7027 0.7114 0.0078
vn -0.8831 0.4692 -0.0010
vn -0.8874 0.4607 -0.0166
vn -0.6565 0.7518 -0.0626
vn -0.1091 0.9848 -0.1351
vn -0.1493 0.9864 -0.0688
vn -0.2222 0.9702 -0.0965
vn -0.0973 0.9896 -0.1063
vn -0.0332 0.9993 0.0167
vn -0.0242 0.9989 0.0405
vn -0.0685 0.9977 0.0002
vn -0.0718 0.9958 -0.0559
vn -0.0111 0.9983 0.0580
vn -0.0145 0.9978 0.0652
vn -0.0210 0.9969 0.0759
vn -0.0359 0.9980 0.0518
vn 0.1796 0.9685 0.1723
vn -0.0064 0.9966 0.0821
vn 0.1098 0.9860 0.1252
vn 0.1790 0.9714 0.1559
vn -0.0163 0.9995 0.0259
vn -0.2228 0.9736 -0.0507
vn -0.1376 0.9903 0.0207
vn 0.1003 0.9855 0.1369
vn -0.2584 0.9650 -0.0439
vn -0.1554 0.9874 0.0283
vn -0.2340 0.9722 -0.0128
vn -0.2834 0.9578 -0.0492
vn -0.0242 0.9997 0.0034
vn -0.0477 0.9988 0.0088
vn -0.0732 0.9969 0.0284
vn -0.0275 0.9996 0.0045
vn -0.0169 0.9998 0.0039
vn -0.0337 0.9994 0.0095
vn -0.0404 0.9991 0.0094
vn -0.0205 0.9998 0.0038
vn -0.5071 0.8609 0.0400
vn -0.9460 0.3154 0.0751
vn -0.9541 0.2996 0.0004
vn -0.5229 0.8523 0.0108
vn -0.0001 1.0000 0.0001
vn -0.0002 1.0000 0.0002
vn -0.0004 1.0000 0.0019
vn -0.0005 1.0000 0.0013
vn -0.0000 1.0000 -0.0000
vn -0.0001 1.0000 -0.0000
vn -0.0010 1.0000 0.0003
vn -0.0057 1.0000 0.0012
vn -0.0071 1.0000 0.0011
vn -0.0013 1.0000 0.0002
vn -0.0076 0.9996 0.0261
vn -0.0049 0.9996 0.0293
vn -0.0093 0.9991 0.0425
vn -0.0147 0.9993 0.0352
vn -0.0016 1.0000 0.0054
vn -0.0013 1.0000 0.0067
vn -0.0027 0.9999 0.0159
vn -0.0038 0.9999 0.0137
vn -0.0020 1.0000 0.0074
vn -0.0097 0.9999 0.0076
vn -0.0099 0.9998 0.0171
vn -0.0023 0.9999 0.0169
vn 0.4413 0.8839 0.1545
vn -0.1105 0.9879 0.1087
vn -0.0676 0.9942 0.0840
vn 0.4968 0.8563 0.1408
vn 0.3966 0.9026 0.1675
vn -0.1290 0.9804 0.1486
vn -0.1321 0.9829 0.1285
vn 0.4150 0.8989 0.1404
vn -0.1368 0.9777 0.1593
vn -0.1355 0.9767 0.1663
vn -0.1374 0.9826 0.1252
vn -0.1414 0.9819 0.1258
vn 0.4160 0.5430 -0.7294
vn 0.2220 0.8646 -0.4508
vn 0.1390 0.9901 0.0197
vn 0.1442 0.9687 -0.2021
vn -0.1452 0.3582 -0.9223
vn -0.0589 0.3549 -0.9331
vn -0.1535 0.9056 -0.3953
vn -0.2094 0.8974 -0.3884
vn -0.2200 0.9755 -0.0078
vn -0.1845 0.9828 -0.0033
vn -0.1950 0.9726 -0.1263
vn -0.2251 0.9641 -0.1406
vn -0.2034 0.9738 0.1016
vn -0.1726 0.9786 0.1119
vn -0.1799 0.9814 0.0671
vn -0.2135 0.9750 0.0619
vn -0.1252 0.9849 0.1195
vn -0.0667 0.9904 0.1213
vn -0.0637 0.9957 0.0666
vn -0.1281 0.9893 0.0692
vn -0.2928 0.9525 -0.0832
vn -0.3785 0.9192 -0.1088
vn -0.3779 0.9246 -0.0475
vn -0.2170 0.9761 0.0119
vn -0.3445 0.9339 -0.0953
vn -0.2691 0.9624 -0.0360
vn -0.3358 0.9375 -0.0915
vn -0.3451 0.9319 -0.1116
vn -0.1721 0.9847 0.0275
vn -0.1204 0.9911 0.0560
vn -0.1378 0.9903 0.0153
vn -0.2184 0.9755 -0.0273
vn -0.0158 0.9999 -0.0047
vn 0.0991 0.9939 0.0489
vn 0.0377 0.9992 0.0089
vn -0.0490 0.9983 -0.0316
vn 0.1191 0.9868 0.1101
vn 0.1653 0.9768 0.1363
vn 0.1524 0.9829 0.1034
vn 0.0429 0.9979 0.0488
vn 0.0134 0.9982 0.0580
vn -0.2412 0.9685 -0.0628
vn -0.1289 0.9913 -0.0257
vn 0.1208 0.9889 0.0861
vn -0.0657 0.9973 -0.0316
vn -0.0143 0.9999 -0.0033
vn -0.0849 0.8808 0.4658
vn -0.2591 0.9162 0.3056
vn 0.0723 0.9955 0.0620
vn 0.0607 0.9898 0.1291
vn 0.0071 0.8261 0.5635
vn 0.0047 0.8509 0.5254
vn 0.0823 0.9966 -0.0039
vn 0.0272 0.9996 -0.0076
vn 0.0216 0.9970 -0.0750
vn 0.0683 0.9932 -0.0946
vn 0.0735 0.9952 0.0641
vn 0.0074 0.9985 0.0543
vn 0.0187 0.9993 0.0316
vn 0.0802 0.9959 0.0409
vn -0.5307 0.8465 0.0424
vn -0.9620 0.2720 0.0226
vn -0.9624 0.2717 0.0027
vn -0.5253 0.8507 0.0180
vn -0.1276 0.8913 0.4350
vn 0.0097 0.8935 0.4490
vn 0.0467 0.3751 0.9258
vn -0.1261 0.3806 0.9161
vn -0.0786 0.9947 0.0660
vn -0.0201 0.9973 0.0707
vn -0.0234 0.9989 0.0415
vn -0.0859 0.9957 0.0334
vn 0.0469 0.9963 0.0721
vn 0.0882 0.9936 0.0699
vn 0.0910 0.9948 0.0448
vn 0.0469 0.9979 0.0449
vn 0.9465 0.3218 -0.0222
vn 0.4946 0.8470 -0.1948
vn 0.5790 0.8127 0.0651
vn 0.9366 0.3212 0.1401
vn 0.0686 0.8942 0.4423
vn 0.0718 0.9035 0.4224
vn 0.0177 0.3347 0.9422
vn 0.0210 0.3343 0.9422
vn 0.0587 0.9114 0.4074
vn 0.0209 0.9162 0.4003
vn 0.0012 0.3391 0.9408
vn 0.0144 0.3371 0.9414
vn 0.0260 0.7640 0.6447
vn 0.1048 0.7973 0.5944
vn 0.0726 0.2950 0.9527
vn 0.0119 0.2934 0.9559
vn 0.1137 0.8431 0.5257
vn 0.0838 0.8777 0.4719
vn 0.0443 0.3278 0.9437
vn 0.0766 0.3124 0.9469
vn 0.4681 0.8771 0.1074
vn 0.1581 0.9813 0.1100
vn 0.1961 0.9795 0.0467
vn 0.3821 0.9230 -0.0465
vn 0.2576 0.4890 -0.8334
vn 0.0381 0.4120 -0.9104
vn 0.1189 0.9286 -0.3514
vn 0.4057 0.8801 -0.2467
vn 0.0773 0.3924 -0.9165
vn 0.0992 0.3738 -0.9222
vn 0.2283 0.8881 -0.3990
vn 0.1937 0.9052 -0.3782
vn 0.0352 0.9839 0.1751
vn 0.0552 0.9827 0.1765
vn 0.0533 0.9925 0.1096
vn 0.0302 0.9942 0.1035
vn 0.0360 0.9657 0.2572
vn 0.0484 0.9660 0.2541
vn 0.0526 0.9727 0.2261
vn 0.0368 0.9730 0.2279
vn 0.0558 0.9673 0.2476
vn 0.0601 0.9695 0.2377
vn 0.0705 0.9748 0.2117
vn 0.0643 0.9733 0.2203
vn -0.0987 0.9845 0.1448
vn -0.0722 0.9856 0.1531
vn -0.0776 0.9934 0.0845
vn -0.1003 0.9912 0.0862
vn -0.0733 0.9684 0.2385
vn -0.0517 0.9666 0.2509
vn -0.0617 0.9748 0.2146
vn -0.0875 0.9754 0.2025
vn -0.0191 0.9662 0.2571
vn 0.0135 0.9660 0.2583
vn 0.0125 0.9739 0.2267
vn -0.0234 0.9746 0.2227
vn -0.0485 0.9978 0.0445
vn -0.0264 0.9996 0.0139
vn 0.0344 0.9931 0.1125
vn -0.0128 0.9846 0.1743
vn -0.0904 0.9949 0.0451
vn -0.0724 0.9969 0.0320
vn -0.0555 0.9984 0.0066
vn -0.0723 0.9970 0.0278
vn -0.0402 0.9989 0.0248
vn -0.0052 0.9997 0.0247
vn -0.0023 0.9997 -0.0239
vn -0.0305 0.9995 -0.0121
vn 0.0781 0.9803 0.1814
vn 0.1009 0.9778 0.1834
vn 0.0993 0.9803 0.1710
vn 0.0728 0.9834 0.1660
vn 0.0767 0.9762 0.2029
vn 0.0948 0.9760 0.1960
vn 0.0999 0.9764 0.1912
vn 0.0792 0.9779 0.1933
vn 0.1144 0.9758 0.1863
vn 0.1237 0.9756 0.1812
vn 0.1346 0.9740 0.1823
vn 0.1237 0.9747 0.1860
vn 0.0739 0.9826 0.1702
vn 0.0662 0.9830 0.1710
vn 0.0609 0.9887 0.1367
vn 0.0705 0.9893 0.1278
vn 0.0605 0.9721 0.2268
vn 0.0594 0.9742 0.2178
vn 0.0649 0.9781 0.1980
vn 0.0694 0.9766 0.2034
vn 0.0604 0.9755 0.2116
vn 0.0655 0.9761 0.2072
vn 0.0677 0.9786 0.1942
vn 0.0635 0.9787 0.1954
vn 0.0119 0.9981 -0.0609
vn -0.0079 0.9995 -0.0301
vn -0.0426 0.9949 -0.0909
vn -0.0110 0.9929 -0.1188
vn 0.0581 0.9954 0.0766
vn 0.0471 0.9944 0.0950
vn 0.0237 0.9989 0.0399
vn 0.0370 0.9992 0.0126
vn 0.0413 0.9926 0.1140
vn 0.0459 0.9902 0.1321
vn 0.0258 0.9950 0.0960
vn 0.0176 0.9974 0.0692
vn 0.3788 0.9224 -0.0757
vn -0.0418 0.9968 -0.0677
vn -0.0253 0.9971 -0.0719
vn 0.3762 0.9242 -0.0660
vn 0.9367 0.3108 0.1613
vn 0.4466 0.8685 0.2149
vn 0.4589 0.8686 0.1870
vn 0.9489 0.3068 0.0735
vn -0.0539 0.9883 0.1430
vn -0.0737 0.9876 0.1389
vn -0.0704 0.9921 0.1036
vn -0.0483 0.9929 0.1091
vn -0.0567 0.9796 0.1927
vn -0.0675 0.9778 0.1982
vn -0.0729 0.9820 0.1742
vn -0.0574 0.9831 0.1738
vn -0.0760 0.9750 0.2086
vn -0.0800 0.9715 0.2230
vn -0.0941 0.9773 0.1897
vn -0.0865 0.9799 0.1796
vn -0.0550 0.9814 0.1839
vn -0.0308 0.9843 0.1738
vn -0.0156 0.9898 0.1413
vn -0.0445 0.9871 0.1540
vn -0.0593 0.9794 0.1930
vn -0.0474 0.9797 0.1947
vn -0.0422 0.9803 0.1928
vn -0.0602 0.9786 0.1969
vn -0.0425 0.9803 0.1927
vn -0.0466 0.9804 0.1912
vn -0.0435 0.9831 0.1777
vn -0.0368 0.9821 0.1848
vn -0.0169 0.9999 0.0020
vn 0.0151 0.9999 -0.0018
vn 0.0165 0.9984 -0.0547
vn -0.0102 0.9987 -0.0508
vn -0.0327 0.9931 0.1122
vn -0.0008 0.9949 0.1012
vn 0.0098 0.9985 0.0539
vn -0.0235 0.9979 0.0607
vn -0.0004 0.9960 0.0898
vn -0.0192 0.9965 0.0813
vn -0.0151 0.9989 0.0435
vn 0.0084 0.9988 0.0474
vn -0.0790 0.2025 -0.9761
vn -0.2061 0.2469 -0.9469
vn -0.3267 0.8114 -0.4847
vn -0.1900 0.8705 -0.4541
vn 0.1096 0.9115 0.3964
vn 0.0583 0.9488 0.3105
vn 0.1536 0.9564 0.2482
vn 0.1807 0.9359 0.3024
vn -0.1235 0.9914 0.0432
vn -0.1859 0.9789 -0.0844
vn -0.0324 0.9915 0.1257
vn -0.0081 0.9754 0.2201
vn -0.2285 0.9331 -0.2776
vn -0.1006 0.9083 -0.4061
vn -0.0485 0.9970 0.0610
vn -0.0788 0.9938 0.0787
vn 0.0293 0.9994 -0.0156
vn 0.1618 0.9829 -0.0882
vn 0.2305 0.9592 -0.1639
vn 0.0912 0.9909 -0.0994
vn 0.1443 0.9588 -0.2447
vn 0.1904 0.9817 -0.0009
vn 0.1014 0.9943 0.0322
vn -0.0118 0.9975 0.0696
vn 0.1720 0.9802 0.0977
vn 0.1343 0.9882 0.0733
vn 0.1194 0.9928 0.0039
vn 0.1965 0.9805 -0.0045
vn -0.0412 0.9963 0.0756
vn -0.0886 0.9946 0.0539
vn -0.0674 0.9973 -0.0306
vn -0.0107 0.9999 0.0045
vn -0.0485 0.9049 -0.4228
vn -0.0842 0.9009 -0.4259
vn -0.1005 0.9891 0.1079
vn -0.0530 0.9924 0.1114
vn -0.0926 0.9006 -0.4246
vn -0.0261 0.9170 -0.3980
vn -0.0816 0.9925 0.0905
vn -0.1103 0.9888 0.1008
vn 0.0015 0.9978 -0.0659
vn -0.0505 0.9966 -0.0652
vn -0.0056 0.8984 0.4392
vn -0.0233 0.9077 0.4190
vn -0.0814 0.9933 -0.0816
vn -0.0286 0.9941 -0.1047
vn 0.0545 0.9063 0.4191
vn 0.0109 0.9018 0.4320
vn 0.8863 0.4509 -0.1058
vn 0.5144 0.8449 -0.1465
vn 0.4768 0.8753 -0.0806
vn 0.9132 0.4024 -0.0647
vn -0.2917 0.9480 0.1275
vn -0.6606 0.6910 0.2934
vn -0.7984 0.3940 0.4553
vn -0.5105 0.8326 0.2148
vn -0.0554 0.9952 0.0802
vn -0.5429 0.8289 0.1345
vn -0.6103 0.7795 0.1414
vn -0.1198 0.9894 0.0825
vn -0.6504 0.7450 0.1486
vn -0.9560 0.2570 0.1413
vn -0.9119 0.3002 0.2799
vn -0.5718 0.6680 0.4762
vn -0.0116 0.9893 -0.1458
vn -0.3400 0.9130 -0.2254
vn -0.3035 0.9508 -0.0627
vn 0.0393 0.9940 -0.1017
vn -0.0716 0.9924 -0.0998
vn -0.4733 0.8799 -0.0416
vn -0.4480 0.8772 -0.1726
vn -0.0632 0.9885 -0.1373
vn -0.8263 0.5621 0.0350
vn -0.9425 0.3190 0.0995
vn -0.9562 0.2860 -0.0627
vn -0.8169 0.5554 -0.1555
vn 0.2695 0.9624 0.0342
vn -0.2820 0.9554 0.0877
vn -0.1003 0.8967 0.4312
vn 0.3250 0.8243 0.4636
vn 0.0917 0.9940 -0.0592
vn -0.3594 0.9301 0.0755
vn -0.3530 0.9330 0.0697
vn 0.1723 0.9850 -0.0045
vn -0.0595 0.9750 0.2139
vn -0.0692 0.9192 0.3876
vn -0.1604 0.3884 0.9074
vn -0.5875 0.6336 0.5034
vn 0.1790 0.9838 -0.0103
vn 0.0827 0.9961 0.0295
vn 0.0354 0.9993 -0.0106
vn 0.1425 0.9882 -0.0566
vn -0.0232 0.9968 0.0762
vn -0.1086 0.9871 0.1175
vn -0.1436 0.9865 0.0781
vn -0.0710 0.9967 0.0383
vn 0.1999 0.9662 -0.1629
vn 0.2539 0.9514 -0.1744
vn 0.2460 0.9452 -0.2148
vn 0.2178 0.9519 -0.2157
vn 0.2299 0.9693 -0.0870
vn 0.2270 0.9735 -0.0281
vn 0.2467 0.9633 -0.1055
vn 0.1729 0.9812 -0.0855
vn 0.2628 0.9640 -0.0411
vn 0.2440 0.9691 -0.0352
vn 0.2240 0.9704 -0.0905
vn 0.2626 0.9589 -0.1075
vn 0.0923 0.9919 -0.0875
vn -0.1711 0.9795 0.1059
vn -0.3796 0.9217 0.0796
vn -0.0114 0.9974 -0.0710
vn 0.2191 0.9501 -0.2221
vn 0.2045 0.9613 -0.1846
vn 0.0635 0.9975 -0.0323
vn 0.1819 0.9691 -0.1668
vn 0.1016 0.9927 -0.0649
vn -0.3583 0.9284 0.0986
vn -0.5204 0.7370 0.4314
vn -0.1756 0.9557 0.2363
vn -0.0283 0.9979 0.0579
vn 0.0884 0.9930 0.0778
vn 0.0854 0.9952 -0.0468
vn -0.0418 0.9986 -0.0331
vn 0.0975 0.9945 0.0391
vn 0.0921 0.9943 0.0544
vn 0.0960 0.9816 0.1649
vn 0.0359 0.9920 0.1212
vn 0.1412 0.9899 0.0160
vn 0.1559 0.9876 -0.0175
vn 0.2345 0.9672 0.0979
vn 0.2098 0.9689 0.1315
vn -0.0508 0.9859 0.1593
vn -0.0109 0.9990 0.0442
vn 0.0093 0.9998 0.0149
vn 0.1722 0.9698 0.1729
vn -0.1417 0.9800 0.1399
vn -0.0767 0.9891 0.1255
vn -0.0402 0.9956 0.0845
vn -0.1502 0.9839 0.0973
vn 0.0871 0.9939 0.0677
vn 0.1602 0.9868 0.0225
vn 0.1458 0.9879 0.0530
vn 0.1408 0.9888 0.0487
vn 0.3490 0.9371 0.0087
vn 0.0121 0.9999 -0.0041
vn 0.0082 1.0000 -0.0038
vn 0.3628 0.9316 0.0230
vn 0.3226 0.9452 0.0495
vn 0.0197 0.9998 0.0001
vn 0.0194 0.9998 -0.0036
vn 0.3479 0.9375 0.0005
vn 0.2075 0.9782 -0.0046
vn 0.1456 0.9886 -0.0393
vn 0.2137 0.9763 -0.0354
vn 0.2142 0.9768 0.0036
vn 0.5068 0.8562 -0.1004
vn -0.0083 0.9998 -0.0175
vn -0.1622 0.9762 0.1438
vn 0.4464 0.8943 -0.0298
vn 0.5500 0.8325 -0.0672
vn 0.0841 0.9886 -0.1251
vn 0.0664 0.9742 -0.2159
vn 0.5429 0.8202 -0.1804
vn 0.1056 0.9885 -0.1079
vn 0.1311 0.9887 -0.0727
vn 0.0783 0.9911 -0.1076
vn 0.0542 0.9840 -0.1700
vn 0.4029 0.9149 -0.0264
vn -0.0184 0.9998 -0.0011
vn -0.0301 0.9913 -0.1283
vn 0.3731 0.9127 -0.1667
vn 0.4338 0.8916 0.1301
vn -0.0004 0.9871 0.1598
vn -0.0094 0.9961 0.0873
vn 0.4199 0.9055 0.0622
vn 0.0982 0.9818 0.1624
vn 0.0373 0.9982 0.0480
vn 0.1654 0.9820 0.0917
vn 0.0965 0.9912 0.0910
vn 0.1498 0.9873 0.0539
vn 0.1338 0.9878 0.0791
vn 0.1083 0.9935 0.0359
vn 0.1208 0.9927 -0.0018
vn 0.1649 0.8943 -0.4159
vn 0.1490 0.9008 -0.4078
vn 0.1480 0.9847 0.0919
vn 0.1646 0.9827 0.0843
vn 0.0924 0.9088 -0.4068
vn 0.0143 0.9100 -0.4143
vn 0.0218 0.9939 0.1083
vn 0.0991 0.9900 0.1005
vn 0.1955 0.9806 0.0144
vn 0.2026 0.9791 0.0172
vn 0.1938 0.9786 -0.0695
vn 0.1837 0.9792 -0.0862
vn 0.0038 0.9758 -0.2187
vn 0.1249 0.9186 -0.3750
vn 0.2003 0.9758 0.0881
vn 0.1969 0.9762 0.0911
vn 0.1597 0.8978 -0.4104
vn 0.1594 0.8941 -0.4185
vn 0.1740 0.9814 0.0807
vn 0.1889 0.9785 0.0830
vn -0.2501 0.9532 -0.1702
vn -0.5834 0.6803 0.4437
vn -0.9345 0.3559 -0.0010
vn -0.3502 0.9347 -0.0608
vn 0.1513 0.9556 -0.2530
vn 0.1645 0.9629 -0.2139
vn -0.0415 0.9991 0.0065
vn -0.0066 0.9535 -0.3013
vn 0.1641 0.9689 -0.1854
vn 0.1387 0.9742 -0.1782
vn 0.1153 0.9638 0.2406
vn 0.0904 0.9729 0.2130
vn 0.2662 0.9395 -0.2154
vn -0.0968 0.9953 0.0085
vn -0.1275 0.9904 0.0544
vn 0.0225 0.9940 -0.1067
vn 0.4580 0.8760 -0.1512
vn -0.0244 0.9939 -0.1075
vn -0.0627 0.9968 -0.0503
vn 0.4181 0.8950 -0.1552
vn -0.0246 0.9985 -0.0493
vn -0.0456 0.9986 0.0251
vn -0.1077 0.9916 0.0721
vn -0.0796 0.9968 0.0038
vn -0.1345 0.2936 -0.9464
vn -0.0351 0.2782 -0.9599
vn -0.0622 0.8697 -0.4896
vn -0.1176 0.8883 -0.4439
vn -0.0717 0.9965 -0.0418
vn -0.0547 0.9983 -0.0224
vn -0.0760 0.9005 0.4281
vn -0.1130 0.9056 0.4088
vn -0.0587 0.9968 0.0543
vn -0.0583 0.9974 0.0430
vn -0.0518 0.9983 0.0251
vn -0.0556 0.9982 0.0238
vn -0.0607 0.9975 0.0350
vn -0.0760 0.9965 0.0349
vn -0.0780 0.9967 0.0223
vn -0.0568 0.9981 0.0226
vn -0.0295 0.9740 0.2245
vn 0.0119 0.9891 0.1465
vn 0.0881 0.9729 0.2137
vn -0.0120 0.9728 0.2314
vn -0.0596 0.6631 -0.7462
vn -0.2333 0.5605 -0.7946
vn -0.1528 0.9455 -0.2874
vn -0.0570 0.9865 -0.1535
vn -0.3909 0.3973 -0.8302
vn -0.3417 0.3174 -0.8846
vn -0.2816 0.6135 -0.7378
vn -0.3075 0.8022 -0.5118
vn -0.1846 0.9683 0.1684
vn -0.1911 0.9583 0.2125
vn -0.2176 0.9528 0.2117
vn -0.2204 0.9586 0.1804
vn -0.0787 0.9918 0.1010
vn -0.3091 0.9500 0.0446
vn -0.2107 0.9683 0.1344
vn -0.1371 0.9805 0.1406
vn -0.5240 0.7664 -0.3716
vn -0.0938 0.6916 -0.7161
vn -0.1237 0.9886 -0.0863
vn -0.2319 0.9724 0.0242
vn -0.3024 0.9519 0.0490
vn -0.2799 0.9567 0.0804
vn -0.2757 0.8466 0.4554
vn -0.3072 0.8508 0.4263
vn -0.2485 0.9523 0.1768
vn -0.2377 0.9499 0.2031
vn -0.2571 0.9526 0.1626
vn -0.2757 0.9519 0.1339
vn -0.1918 0.9566 0.2194
vn -0.1120 0.9675 0.2265
vn -0.1143 0.9747 0.1919
vn -0.2017 0.9624 0.1819
vn 0.0314 0.9953 0.0911
vn 0.0069 0.9958 0.0910
vn 0.0039 0.9975 0.0709
vn 0.0293 0.9974 0.0654
vn -0.0169 0.8956 -0.4446
vn -0.2362 0.8224 -0.5175
vn -0.1128 0.9929 -0.0374
vn 0.0256 0.9962 0.0826
vn -0.4204 0.4709 -0.7756
vn -0.0827 0.3148 -0.9456
vn -0.0478 0.9041 -0.4247
vn -0.1764 0.9443 -0.2778
vn 0.1653 0.9835 0.0740
vn 0.1326 0.9870 0.0913
vn 0.1244 0.9913 0.0435
vn 0.1400 0.9898 0.0277
vn 0.1869 0.9372 -0.2945
vn 0.1232 0.9400 -0.3181
vn 0.1360 0.9844 0.1112
vn 0.1976 0.9760 0.0918
vn 0.0552 0.9361 -0.3473
vn 0.0052 0.9185 -0.3954
vn 0.0554 0.9940 0.0939
vn 0.0916 0.9901 0.1063
vn 0.0806 0.9818 -0.1721
vn 0.0774 0.9848 -0.1554
vn 0.0699 0.9818 -0.1765
vn 0.0721 0.9785 -0.1931
vn 0.1194 0.9920 -0.0419
vn 0.1108 0.9935 -0.0251
vn 0.0938 0.9907 -0.0986
vn 0.0994 0.9883 -0.1158
vn 0.0857 0.9963 -0.0113
vn 0.0534 0.9986 -0.0001
vn 0.0420 0.9966 -0.0711
vn 0.0720 0.9939 -0.0838
vn 0.4028 0.8351 0.3747
vn 0.1085 0.8649 0.4901
vn 0.0031 0.2965 0.9550
vn 0.1984 0.3685 0.9082
vn 0.5359 0.8432 -0.0427
vn 0.1338 0.9853 -0.1062
vn 0.1583 0.9847 -0.0728
vn 0.5171 0.8533 -0.0666
vn 0.1101 0.9748 -0.1940
vn 0.0288 0.9658 -0.2575
vn 0.0686 0.9843 -0.1627
vn 0.1933 0.9764 -0.0966
vn 0.1083 0.9941 0.0035
vn 0.0933 0.9956 0.0095
vn 0.0915 0.9956 -0.0202
vn 0.2107 0.9736 0.0881
vn -0.0565 0.9463 -0.3183
vn 0.0312 0.8933 -0.4484
vn 0.0932 0.9950 0.0368
vn 0.1181 0.9924 0.0338
vn 0.0941 0.8834 -0.4590
vn 0.1211 0.8886 -0.4424
vn 0.0794 0.9964 0.0307
vn 0.0809 0.9962 0.0334
vn 0.0980 0.9949 -0.0228
vn -0.0657 0.9894 -0.1298
vn -0.0767 0.8938 0.4419
vn 0.2492 0.8364 0.4883
vn 0.0414 0.9771 -0.2089
vn 0.1187 0.9891 -0.0877
vn 0.0062 0.9939 -0.1103
vn -0.0336 0.9837 -0.1767
vn 0.1573 0.9875 0.0079
vn 0.0270 0.9964 -0.0801
vn 0.1306 0.9913 0.0173
vn 0.0937 0.9952 -0.0289
vn 0.4181 0.9008 0.1169
vn 0.0890 0.9951 -0.0421
vn 0.0884 0.8777 0.4710
vn 0.4385 0.7916 0.4255
vn 0.0861 0.9955 -0.0403
vn 0.0859 0.9955 -0.0395
vn 0.1444 0.8860 0.4407
vn 0.1170 0.8823 0.4560
vn 0.0007 0.9932 -0.1161
vn -0.0213 0.9941 -0.1059
vn -0.0252 0.9914 -0.1282
vn -0.0043 0.9905 -0.1374
vn 0.0219 0.9997 0.0096
vn -0.0031 0.9998 0.0186
vn -0.0124 0.9987 -0.0490
vn 0.0114 0.9982 -0.0596
vn -0.0144 0.9996 0.0262
vn -0.0092 0.9995 0.0318
vn -0.0143 0.9993 -0.0334
vn -0.0216 0.9990 -0.0402
vn -0.0084 0.9903 0.1387
vn 0.1076 0.9839 0.1429
vn 0.2054 0.9641 0.1686
vn 0.1366 0.9202 0.3669
vn -0.0061 0.9738 0.2271
vn 0.1032 0.9694 0.2228
vn 0.1072 0.9748 0.1958
vn -0.0049 0.9806 0.1959
vn 0.1910 0.9589 0.2100
vn 0.2550 0.9498 0.1810
vn 0.2815 0.9436 0.1743
vn 0.2039 0.9605 0.1895
vn -0.1225 0.9923 -0.0190
vn -0.1842 0.9828 -0.0145
vn -0.1811 0.8948 0.4081
vn -0.1211 0.8981 0.4228
vn -0.1090 0.9930 0.0462
vn -0.1549 0.9854 0.0703
vn -0.1755 0.9835 0.0438
vn -0.1200 0.9924 0.0286
vn -0.2002 0.9742 0.1047
vn -0.2332 0.9619 0.1425
vn -0.2634 0.9595 0.1002
vn -0.2280 0.9713 0.0683
vn 0.4699 0.8705 -0.1465
vn -0.0394 0.9889 -0.1430
vn -0.0312 0.9924 -0.1193
vn 0.4580 0.8751 -0.1564
vn 0.2334 0.3162 -0.9195
vn -0.0037 0.2688 -0.9632
vn -0.0378 0.8069 -0.5895
vn 0.4030 0.7710 -0.4931
vn -0.0071 0.2677 -0.9635
vn -0.0158 0.2671 -0.9635
vn -0.0911 0.7832 -0.6151
vn -0.0579 0.7977 -0.6003
vn 0.1026 0.9793 -0.1743
vn 0.0831 0.9846 -0.1537
vn 0.0229 0.9696 0.2438
vn 0.0662 0.9711 0.2292
vn 0.0706 0.9901 -0.1216
vn 0.0443 0.9950 -0.0890
vn -0.0248 0.9322 0.3611
vn -0.0060 0.9560 0.2933
vn 0.4479 0.8852 -0.1258
vn 0.0176 0.9769 -0.2132
vn 0.0657 0.9978 -0.0003
vn 0.5045 0.8619 0.0509
vn 0.3461 0.8770 -0.3335
vn -0.0410 0.9495 -0.3111
vn -0.0292 0.9109 -0.4115
vn 0.3820 0.8541 -0.3530
vn 0.0559 0.9509 -0.3045
vn 0.1204 0.9510 -0.2849
vn 0.0917 0.8981 -0.4302
vn 0.0462 0.9003 -0.4329
vn 0.3406 0.9399 -0.0234
vn -0.4550 0.8897 -0.0373
vn -0.4129 0.9108 0.0022
vn 0.3547 0.9349 0.0119
vn 0.3760 0.9251 -0.0533
vn -0.3328 0.9400 0.0748
vn -0.4358 0.8998 -0.0229
vn 0.3357 0.9405 -0.0532
vn -0.2430 0.9409 0.2357
vn -0.1665 0.9150 0.3675
vn -0.2947 0.9213 0.2536
vn -0.4009 0.9106 0.1000
vn 0.1850 0.9779 -0.0975
vn 0.1117 0.9768 -0.1827
vn 0.1816 0.9730 -0.1421
vn 0.3033 0.9521 -0.0393
vn -0.0062 0.9952 -0.0978
vn 0.0855 0.9881 -0.1279
vn 0.0864 0.9805 -0.1767
vn 0.0718 0.9897 -0.1240
vn 0.2535 0.9603 -0.1166
vn 0.3111 0.9445 -0.1057
vn 0.2808 0.9503 -0.1344
vn 0.2187 0.9630 -0.1576
vn 0.9112 0.4112 0.0250
vn 0.3998 0.9164 -0.0160
vn 0.4196 0.9047 -0.0732
vn 0.9208 0.3900 -0.0012
vn 0.5492 0.8197 -0.1628
vn 0.1713 0.9622 -0.2117
vn 0.1906 0.9622 -0.1945
vn 0.5819 0.7963 -0.1652
vn 0.1459 0.9801 -0.1342
vn 0.2564 0.9553 -0.1470
vn 0.1863 0.8927 0.4104
vn 0.1713 0.8975 0.4065
vn 0.0872 0.9927 -0.0832
vn -0.2068 0.9774 0.0433
vn -0.2510 0.8199 0.5146
vn -0.0271 0.8949 0.4453
vn 0.0996 0.9949 0.0143
vn 0.1428 0.9890 -0.0395
vn 0.1666 0.9813 -0.0961
vn 0.1652 0.9846 -0.0571
vn 0.0140 0.8984 -0.4390
vn 0.0625 0.8878 -0.4560
vn 0.1108 0.9937 0.0165
vn 0.0535 0.9976 0.0435
vn 0.0588 0.8737 -0.4828
vn 0.0422 0.8621 -0.5049
vn 0.0598 0.9977 -0.0319
vn 0.0996 0.9949 -0.0126
vn -0.0552 0.9984 0.0116
vn -0.0836 0.9959 0.0335
vn -0.1421 0.9880 0.0612
vn -0.0897 0.9959 -0.0086
vn -0.0439 0.9961 0.0766
vn -0.0667 0.9951 0.0735
vn -0.0678 0.9965 0.0490
vn -0.0443 0.9980 0.0446
vn -0.0831 0.9942 0.0685
vn -0.0923 0.9940 0.0588
vn -0.0800 0.9958 0.0441
vn -0.0790 0.9956 0.0508
vn 0.7969 0.4939 -0.3479
vn 0.3033 0.9517 -0.0485
vn 0.0484 0.9973 -0.0547
vn 0.4988 0.8452 -0.1921
vn 0.9066 0.3419 -0.2473
vn 0.5344 0.8255 -0.1816
vn 0.3981 0.9161 -0.0475
vn 0.6150 0.5402 -0.5744
vn 0.4438 0.8961 -0.0001
vn 0.0137 0.9997 0.0186
vn 0.0236 0.9986 0.0465
vn 0.3568 0.9300 -0.0877
vn 0.0354 0.9971 0.0676
vn 0.0929 0.9923 0.0818
vn 0.0833 0.9956 0.0429
vn 0.0129 0.9997 0.0201
vn 0.0637 0.9872 0.1463
vn 0.0973 0.9834 0.1528
vn 0.0961 0.9877 0.1237
vn 0.0515 0.9920 0.1154
vn 0.1406 0.9785 0.1508
vn 0.1625 0.9756 0.1479
vn 0.1747 0.9775 0.1180
vn 0.1489 0.9814 0.1214
vn 0.0322 0.9975 -0.0627
vn 0.0461 0.9960 -0.0771
vn 0.0665 0.9928 -0.0992
vn 0.0566 0.9959 -0.0702
vn 0.0237 0.9993 0.0292
vn 0.0467 0.9982 0.0365
vn 0.0412 0.9987 -0.0297
vn 0.0222 0.9993 -0.0295
vn 0.0624 0.9970 0.0465
vn 0.0658 0.9960 0.0600
vn 0.0491 0.9987 -0.0093
vn 0.0517 0.9984 -0.0235
vn 0.2219 0.9726 0.0689
vn 0.1557 0.9838 0.0888
vn 0.1237 0.9903 0.0641
vn 0.2059 0.9780 0.0330
vn 0.1001 0.3583 -0.9282
vn 0.0832 0.3481 -0.9338
vn 0.1692 0.8939 -0.4151
vn 0.2179 0.8849 -0.4116
vn 0.0530 0.3446 -0.9373
vn 0.0136 0.3464 -0.9380
vn -0.0024 0.9190 -0.3943
vn 0.0917 0.9082 -0.4083
vn 0.3737 0.8642 0.3369
vn 0.0555 0.9980 0.0288
vn 0.3097 0.9463 0.0922
vn 0.8042 0.4377 0.4020
vn 0.0274 0.9782 -0.2059
vn -0.0112 0.9879 -0.1547
vn -0.0542 0.9839 -0.1704
vn 0.1076 0.9908 -0.0821
vn -0.5192 0.8488 -0.0998
vn -0.9547 0.2960 -0.0299
vn -0.9572 0.2894 0.0039
vn -0.5375 0.8380 -0.0942
vn -0.1541 0.9798 0.1277
vn -0.3253 0.9437 0.0602
vn -0.2219 0.8107 0.5417
vn -0.1073 0.8182 0.5648
vn -0.6265 0.7783 0.0414
vn -0.9436 0.3199 0.0856
vn -0.9051 0.3434 0.2506
vn -0.5300 0.7324 0.4274
vn 0.0128 0.9999 -0.0116
vn 0.0801 0.9966 -0.0188
vn 0.0812 0.9924 -0.0924
vn 0.0141 0.9952 -0.0966
vn -0.0050 0.9933 0.1151
vn 0.0524 0.9937 0.0995
vn 0.0694 0.9965 0.0468
vn 0.0049 0.9982 0.0591
vn 0.1002 0.9921 0.0752
vn 0.1359 0.9897 0.0453
vn 0.1606 0.9870 0.0107
vn 0.1229 0.9920 0.0300
vn 0.5449 0.8362 -0.0623
vn -0.1054 0.9937 -0.0385
vn -0.1186 0.9878 -0.1006
vn 0.5017 0.8596 -0.0973
vn 0.5438 0.8347 0.0868
vn -0.0372 0.9978 0.0545
vn -0.0559 0.9980 0.0279
vn 0.5618 0.8272 0.0139
vn -0.1534 0.9858 0.0686
vn -0.1254 0.9868 0.1029
vn -0.2884 0.8530 0.4351
vn -0.3007 0.9375 0.1750
vn -0.0604 0.9973 0.0413
vn -0.3156 0.9474 0.0529
vn -0.3335 0.9397 0.0753
vn -0.0775 0.9953 0.0582
vn -0.0335 0.9994 0.0122
vn -0.1600 0.9835 0.0850
vn -0.2678 0.9603 0.0775
vn -0.0447 0.9987 0.0240
vn -0.6352 0.7517 0.1774
vn -0.9624 0.2510 0.1040
vn -0.9564 0.2704 -0.1100
vn -0.7551 0.6505 0.0823
vn -0.2139 0.9768 0.0098
vn -0.1433 0.9867 0.0771
vn -0.1990 0.9796 0.0265
vn -0.2922 0.9551 -0.0500
vn -0.0877 0.9921 0.0901
vn -0.0934 0.9893 0.1117
vn -0.1077 0.9884 0.1072
vn -0.1403 0.9882 0.0611
vn -0.5222 0.8452 0.1138
vn -0.9335 0.3415 0.1094
vn -0.9496 0.3133 -0.0097
vn -0.5208 0.8501 0.0779
vn 0.0706 0.9957 0.0604
vn 0.0850 0.9946 0.0593
vn 0.0914 0.9956 0.0194
vn 0.1635 0.9795 0.1173
vn 0.0821 0.9917 0.0987
vn 0.0661 0.9938 0.0892
vn 0.0808 0.9925 0.0913
vn 0.0753 0.9931 0.0896
vn -0.4019 0.9065 0.1292
vn -0.9148 0.3658 0.1713
vn -0.9600 0.2799 0.0061
vn -0.4465 0.8922 0.0678
vn 0.4583 0.8841 0.0917
vn 0.0932 0.9917 -0.0885
vn 0.0846 0.9963 0.0146
vn 0.5561 0.8280 0.0718
vn 0.0988 0.9925 -0.0713
vn 0.0734 0.9925 -0.0981
vn 0.0896 0.9880 -0.1260
vn 0.2399 0.9707 0.0172
vn -0.2674 0.9601 -0.0815
vn -0.7981 0.6019 0.0263
vn -0.8338 0.5514 -0.0292
vn -0.3162 0.9416 -0.1156
vn 0.4626 0.8621 0.2066
vn 0.0170 0.9700 0.2423
vn 0.0085 0.9768 0.2139
vn 0.4477 0.8758 0.1801
vn 0.4933 0.8470 0.1982
vn 0.0325 0.9739 0.2246
vn 0.0252 0.9692 0.2448
vn 0.4784 0.8524 0.2111
vn -0.4948 0.8492 0.1844
vn -0.9639 0.2625 0.0455
vn -0.9591 0.2819 -0.0276
vn -0.4685 0.8672 0.1689
vn 0.0341 0.9901 0.1364
vn -0.1198 0.9919 -0.0414
vn -0.0348 0.9033 0.4277
vn 0.1999 0.8337 0.5147
vn -0.1735 0.9848 -0.0079
vn -0.1666 0.9860 0.0035
vn -0.1734 0.9848 -0.0115
vn -0.1332 0.9905 0.0350
vn -0.0955 0.9946 0.0409
vn -0.0622 0.9963 0.0592
vn -0.0737 0.9972 0.0104
vn -0.1246 0.9921 -0.0126
vn 0.0407 0.9931 0.1096
vn 0.0107 0.9979 0.0633
vn 0.0551 0.9979 0.0339
vn 0.0558 0.9973 0.0479
vn -0.0403 0.9992 -0.0060
vn -0.0804 0.9962 -0.0326
vn -0.0443 0.9987 0.0263
vn 0.0002 0.9971 0.0762
vn -0.1207 0.9917 -0.0444
vn -0.1380 0.9897 -0.0392
vn -0.1426 0.9893 -0.0296
vn -0.1057 0.9943 -0.0138
vn -0.0683 0.9758 -0.2077
vn -0.0537 0.9762 -0.2100
vn -0.0563 0.9713 -0.2313
vn -0.0659 0.9745 -0.2143
vn -0.0318 0.9995 0.0093
vn -0.0093 0.9990 0.0444
vn -0.0383 0.9929 -0.1122
vn -0.0603 0.9888 -0.1362
vn 0.0172 0.9978 0.0642
vn -0.0620 0.9960 -0.0646
vn 0.0650 0.9950 -0.0756
vn 0.0048 0.9959 -0.0899
vn 0.3609 0.3395 -0.8686
vn 0.0147 0.2986 -0.9543
vn 0.0450 0.8796 -0.4736
vn 0.4813 0.7129 -0.5101
vn -0.0892 0.9960 0.0036
vn -0.0082 0.9987 -0.0510
vn 0.0508 0.8417 0.5375
vn -0.0696 0.8267 0.5584
vn 0.0439 0.9898 -0.1355
vn 0.0934 0.9746 -0.2034
vn 0.1420 0.8890 0.4353
vn 0.1137 0.8679 0.4836
vn 0.2925 0.8159 -0.4987
vn 0.0899 0.9329 -0.3486
vn 0.0254 0.9056 -0.4235
vn 0.1108 0.8422 -0.5277
vn 0.5060 0.8382 -0.2037
vn 0.1471 0.9595 -0.2401
vn 0.1350 0.9497 -0.2826
vn 0.4630 0.8240 -0.3266
vn 0.2122 0.9475 -0.2391
vn 0.2447 0.9427 -0.2267
vn 0.2175 0.9503 -0.2226
vn 0.1930 0.9470 -0.2567
vn 0.2337 0.9288 -0.2876
vn -0.1505 0.9108 -0.3845
vn -0.0919 0.9953 0.0318
vn 0.3273 0.9407 0.0895
vn 0.4796 0.8585 -0.1817
vn 0.0641 0.9847 -0.1620
vn 0.0183 0.9886 -0.1495
vn 0.4674 0.8655 -0.1804
vn 0.5149 0.8569 -0.0266
vn 0.1392 0.9899 -0.0277
vn 0.1076 0.9855 -0.1309
vn 0.4964 0.8569 -0.1391
vn 0.1990 0.9799 -0.0136
vn 0.2004 0.9797 0.0037
vn 0.1613 0.9860 -0.0425
vn 0.1593 0.9830 -0.0908
vn 0.1021 0.9899 0.0981
vn 0.2819 0.9544 0.0980
vn 0.2826 0.9590 0.0227
vn 0.0940 0.9954 0.0161
vn 0.1583 0.9859 0.0539
vn 0.2667 0.9605 0.0794
vn 0.2712 0.9549 0.1210
vn 0.1201 0.9863 0.1130
vn -0.2082 0.9780 0.0139
vn -0.8830 0.4620 -0.0827
vn -0.8625 0.5059 -0.0161
vn -0.1585 0.9847 0.0729
vn -0.3529 0.9284 0.1168
vn -0.9502 0.2799 0.1372
vn -0.9645 0.2596 0.0482
vn -0.3786 0.9239 0.0559
vn -0.2878 0.9532 -0.0921
vn -0.8770 0.4782 0.0458
vn -0.9115 0.3834 0.1488
vn -0.3132 0.9479 0.0577
vn 0.1681 0.9613 -0.2181
vn 0.1266 0.9694 -0.2103
vn 0.1232 0.9680 -0.2185
vn 0.1633 0.9597 -0.2287
vn 0.1893 0.9754 -0.1129
vn -0.2038 0.9407 -0.2713
vn 0.0277 0.9602 -0.2779
vn 0.1778 0.9677 -0.1786
vn -0.7257 0.4880 -0.4850
vn -0.7592 0.1938 -0.6213
vn -0.8821 0.3401 -0.3259
vn -0.4379 0.8120 -0.3857
vn -0.0567 0.9983 -0.0092
vn -0.0353 0.9994 -0.0008
vn -0.0283 0.9869 0.1586
vn -0.0217 0.9775 0.2100
vn 0.0372 0.2974 -0.9540
vn 0.0904 0.3074 -0.9473
vn 0.0414 0.8649 -0.5002
vn -0.0161 0.8492 -0.5278
vn 0.1339 0.3418 -0.9302
vn 0.1322 0.4051 -0.9047
vn 0.1278 0.9271 -0.3524
vn 0.0943 0.8949 -0.4362
vn -0.2325 0.9415 -0.2438
vn -0.1671 0.9278 -0.3335
vn -0.1678 0.9634 0.2091
vn -0.1520 0.9761 0.1552
vn -0.1243 0.8825 0.4536
vn -0.1098 0.8826 0.4572
vn -0.0265 0.3709 0.9283
vn -0.0536 0.3741 0.9258
vn -0.0811 0.8833 0.4617
vn -0.0022 0.8981 0.4398
vn 0.1041 0.3882 0.9157
vn -0.0019 0.3724 0.9281
vn 0.0077 0.9866 -0.1628
vn -0.0907 0.9153 -0.3925
vn 0.0799 0.9962 -0.0341
vn 0.1512 0.9883 -0.0183
vn -0.1457 0.3277 -0.9335
vn -0.5984 0.1995 -0.7759
vn -0.3796 0.4505 -0.8081
vn -0.1378 0.8008 -0.5829
vn -0.0464 0.9700 -0.2386
vn 0.1433 0.8936 -0.4255
vn 0.2014 0.9789 0.0358
vn 0.1196 0.9923 -0.0328
vn 0.4855 0.8740 0.0185
vn -0.1019 0.9877 -0.1186
vn 0.0391 0.9912 -0.1265
vn 0.5281 0.8491 -0.0103
vn 0.3311 0.9425 0.0452
vn -0.3140 0.9477 -0.0578
vn -0.2362 0.9676 -0.0890
vn 0.4234 0.9055 0.0266
vn -0.1867 0.9788 -0.0843
vn -0.2167 0.9738 0.0683
vn -0.3702 0.9110 -0.1816
vn -0.1642 0.9706 -0.1760
vn 0.2739 0.9559 -0.1063
vn 0.2086 0.9718 -0.1101
vn 0.2091 0.9656 -0.1545
vn 0.2804 0.9498 -0.1387
vn 0.2405 0.9699 -0.0381
vn 0.2402 0.9695 -0.0494
vn 0.2276 0.9708 -0.0758
vn 0.2604 0.9626 -0.0746
vn -0.3067 0.9516 0.0179
vn -0.9149 0.3919 0.0968
vn -0.9360 0.3519 -0.0004
vn -0.3899 0.9199 -0.0424
vn 0.4130 0.8761 -0.2488
vn -0.0259 0.9756 -0.2178
vn -0.0314 0.9711 -0.2367
vn 0.3826 0.8784 -0.2866
vn 0.4343 0.8929 -0.1187
vn 0.0219 0.9910 -0.1319
vn -0.0102 0.9849 -0.1729
vn 0.4403 0.8787 -0.1843
vn 0.0776 0.9925 -0.0943
vn 0.1088 0.9920 -0.0636
vn 0.0843 0.9873 -0.1344
vn 0.0466 0.9870 -0.1538
vn 0.0824 0.9718 0.2208
vn -0.0685 0.9959 0.0584
vn -0.0337 0.9976 0.0601
vn 0.3415 0.9089 0.2394
vn -0.0438 0.9978 -0.0498
vn -0.1192 0.9926 -0.0213
vn -0.1096 0.9936 0.0287
vn -0.0588 0.9970 0.0503
vn -0.5888 0.8082 -0.0091
vn -0.9657 0.2597 0.0003
vn -0.9652 0.2613 0.0026
vn -0.5797 0.8148 0.0077
vn 0.0036 0.9980 -0.0626
vn 0.0019 0.9976 -0.0699
vn 0.0051 0.9986 -0.0529
vn 0.0071 0.9989 -0.0471
vn -0.0903 0.2939 -0.9516
vn -0.0038 0.2848 -0.9586
vn -0.0036 0.8366 -0.5478
vn -0.0452 0.8528 -0.5203
vn -0.0055 0.2822 -0.9593
vn -0.2523 0.3236 -0.9119
vn -0.4273 0.7740 -0.4673
vn -0.0070 0.8336 -0.5523
vn 0.0540 0.9953 0.0809
vn -0.0134 0.9974 0.0707
vn -0.0034 0.9977 0.0677
vn 0.0649 0.9949 0.0771
vn 0.3570 0.9264 -0.1198
vn -0.0367 0.9987 0.0360
vn -0.0241 0.9979 0.0595
vn 0.1553 0.9867 -0.0488
vn -0.5353 0.8440 0.0318
vn -0.9545 0.2969 0.0275
vn -0.9561 0.2894 0.0458
vn -0.5353 0.8428 0.0558
vn 0.0156 0.9999 -0.0063
vn -0.0739 0.9971 0.0169
vn -0.0952 0.9946 0.0418
vn -0.0171 0.9999 0.0029
vn 0.0433 0.9988 -0.0246
vn -0.0684 0.9973 -0.0263
vn -0.0663 0.9978 -0.0102
vn 0.0348 0.9993 -0.0166
vn -0.5890 0.8068 -0.0451
vn -0.9682 0.2502 -0.0077
vn -0.9732 0.2294 0.0181
vn -0.5935 0.8047 -0.0121
vn 0.0430 0.8495 -0.5258
vn 0.0607 0.8354 -0.5463
vn 0.0773 0.9896 -0.1215
vn 0.0946 0.9909 -0.0957
vn -0.1112 0.9874 0.1129
vn 0.0047 0.9831 0.1831
vn -0.0638 0.7981 0.5992
vn -0.1391 0.7884 0.5992
vn 0.1759 0.9338 -0.3114
vn 0.2145 0.9685 -0.1264
vn 0.0906 0.9942 0.0575
vn -0.0026 0.9997 -0.0256
vn 0.1811 0.9831 -0.0285
vn 0.1608 0.9867 -0.0253
vn 0.1871 0.9799 0.0698
vn 0.1655 0.9819 0.0920
vn 0.2730 0.9553 -0.1135
vn 0.3017 0.9519 -0.0534
vn 0.2411 0.9672 -0.0797
vn 0.2303 0.9644 -0.1298
vn 0.3461 0.9366 -0.0547
vn 0.4330 0.9014 -0.0085
vn 0.3738 0.9271 -0.0282
vn 0.3113 0.9460 -0.0901
vn 0.4238 0.9055 0.0211
vn 0.3766 0.9261 0.0248
vn 0.3755 0.9234 0.0794
vn 0.3910 0.9192 0.0468
vn 0.0954 0.8734 0.4776
vn 0.0476 0.8537 0.5186
vn 0.0257 0.9398 0.3406
vn 0.0152 0.9514 0.3075
vn 0.1002 0.9228 0.3721
vn -0.0884 0.9453 0.3140
vn 0.0193 0.8531 0.5214
vn 0.1447 0.8377 0.5266
vn -0.1634 0.9605 0.2253
vn -0.1614 0.9785 0.1281
vn -0.0142 0.9401 0.3407
vn -0.0168 0.8916 0.4526
vn -0.1740 0.9155 -0.3627
vn -0.1188 0.9232 -0.3654
vn -0.1261 0.9259 -0.3562
vn -0.1744 0.9220 -0.3456
vn -0.0320 0.3121 -0.9495
vn 0.0390 0.3421 -0.9388
vn -0.0572 0.7707 -0.6347
vn -0.1317 0.7415 -0.6579
vn 0.3807 0.4918 -0.7831
vn 0.3633 0.7838 -0.5036
vn 0.1450 0.9115 -0.3848
vn 0.0898 0.8341 -0.5442
vn 0.1309 0.9897 -0.0586
vn 0.1394 0.9891 -0.0481
vn 0.1348 0.9889 -0.0631
vn 0.1267 0.9890 -0.0768
vn 0.1368 0.9902 0.0268
vn 0.1462 0.9890 0.0238
vn 0.1458 0.9892 -0.0126
vn 0.1368 0.9905 -0.0163
vn 0.1438 0.9894 0.0208
vn 0.1404 0.9899 0.0193
vn 0.1408 0.9900 -0.0074
vn 0.1437 0.9896 -0.0090
vn 0.6367 0.2419 -0.7322
vn 0.7132 0.5214 -0.4685
vn 0.1414 0.4394 -0.8871
vn -0.9237 0.3411 0.1746
vn -0.7825 0.1940 0.5916
vn -0.9402 0.3326 0.0740
vn -0.0240 0.3565 -0.9340
vn -0.0002 0.3456 -0.9384
vn 0.0230 0.3386 -0.9406
vn 0.9451 0.3168 -0.0797
vn -0.0790 0.2714 0.9592
vn -0.0305 0.2398 0.9703
vn -0.1162 0.2980 0.9475
vn -0.1399 0.2065 0.9684
vn 0.9330 0.3598 -0.0016
vn 0.9330 0.3460 -0.0984
vn 0.9160 0.3534 -0.1896
vn 0.7649 0.3109 -0.5642
vn -0.5916 0.2074 -0.7791
vn -0.3829 0.4839 -0.7869
vn 0.9451 0.3047 0.1178
vn 0.9592 0.2785 0.0487
vn 0.9579 0.2839 0.0429
vn 0.9529 0.3021 0.0266
vn -0.6570 0.2108 -0.7238
vn -0.4791 0.5320 -0.6981
vn -0.0741 0.2702 -0.9600
vn -0.9214 0.3822 -0.0701
vn -0.5947 0.5987 -0.5365
vn -0.9220 0.3853 -0.0387
vn -0.1096 0.4167 -0.9024
vn -0.8819 0.3395 -0.3271
vn 0.9352 0.3541 -0.0065
vn 0.9332 0.3535 -0.0640
vn 0.9344 0.3526 0.0501
vn 0.9336 0.3463 -0.0918
vn 0.9359 0.3377 -0.1001
vn 0.8366 0.5164 -0.1829
vn 0.8864 0.4559 0.0796
vn 0.6519 0.3638 -0.6653
vn 0.1396 0.4858 -0.8628
vn -0.1146 0.3909 -0.9133
vn 0.9346 0.3476 -0.0747
vn 0.9120 0.3318 -0.2412
vn 0.9184 0.3884 0.0751
vn -0.0379 0.2957 0.9545
vn -0.2038 0.3119 0.9280
vn 0.0309 0.2953 0.9549
vn -0.8959 0.3998 -0.1935
vn -0.7200 0.5452 -0.4292
vn -0.8941 0.3005 -0.3322
vn 0.6507 0.1967 -0.7334
vn 0.8077 0.3391 -0.4823
vn 0.9438 0.3196 0.0844
vn 0.9403 0.3302 0.0821
vn 0.9464 0.3119 0.0835
vn 0.9365 0.3423 0.0756
vn 0.9331 0.3541 0.0618
vn 0.6277 0.5099 0.5883
vn 0.9416 0.3070 0.1382
vn 0.9550 0.2891 0.0666
vn 0.9593 0.2814 0.0216
vn 0.9468 0.3065 0.0977
vn 0.9584 0.2845 -0.0245
vn 0.9537 0.2963 -0.0508
vn -0.0423 0.3018 0.9524
vn -0.0162 0.3032 0.9528
vn -0.0687 0.3053 0.9498
vn 0.6895 0.4210 0.5894
vn 0.6918 0.1348 0.7094
vn 0.9329 0.3587 -0.0330
vn 0.7990 0.4879 -0.3514
vn 0.9179 0.3944 0.0446
vn 0.7905 0.2028 -0.5779
vn 0.7821 0.2082 -0.5874
vn 0.9191 0.3458 -0.1889
vn 0.0062 0.3135 -0.9496
vn 0.0178 0.2999 -0.9538
vn 0.0351 0.2915 -0.9559
vn -0.1138 0.3483 -0.9304
vn -0.0199 0.3313 -0.9433
vn 0.0431 0.4115 0.9104
vn 0.0460 0.4218 0.9055
vn -0.0010 0.3949 0.9187
vn 0.9460 0.3197 -0.0542
vn 0.9536 0.2932 -0.0685
vn 0.9022 0.3779 -0.2078
vn -0.8810 0.4443 0.1625
vn -0.8443 0.3910 0.3664
vn -0.7552 0.2726 0.5960
vn 0.9664 0.2519 -0.0515
vn 0.9655 0.2589 -0.0281
vn 0.9648 0.2564 -0.0585
vn 0.9647 0.2600 -0.0426
vn 0.9552 0.2901 -0.0588
vn 0.8795 0.4236 -0.2170
vn 0.8985 0.4136 -0.1472
vn 0.8978 0.4104 -0.1600
vn 0.9279 0.3724 0.0178
vn 0.9422 0.3228 0.0904
vn 0.0353 0.5407 0.8405
vn 0.0768 0.5276 0.8460
vn -0.0120 0.5387 0.8424
vn 0.6961 0.1902 -0.6923
vn 0.8960 0.3326 -0.2942
vn 0.9443 0.3082 -0.1153
vn 0.8386 0.2699 -0.4732
vn 0.6370 0.4943 0.5915
vn 0.8957 0.3279 0.3002
vn 0.3045 0.3437 0.8883
vn 0.7091 0.1989 0.6764
vn 0.0474 0.3060 0.9509
vn 0.0629 0.2985 0.9523
vn -0.0277 0.2958 0.9549
vn 0.2425 0.3244 0.9143
vn 0.6351 0.1661 0.7544
vn -0.0737 0.3150 -0.9462
vn 0.0904 0.3213 -0.9426
vn 0.4650 0.2850 -0.8382
vn -0.9620 0.2705 -0.0358
vn -0.9610 0.2746 0.0322
vn -0.0604 0.3890 -0.9193
vn -0.0165 0.4382 -0.8987
vn -0.1056 0.2351 -0.9662
vn -0.1555 0.2275 -0.9613
vn -0.0708 0.4890 0.8694
vn -0.0485 0.4635 0.8848
vn -0.1139 0.5565 0.8230
vn -0.1140 0.5604 0.8203
vn 0.6816 0.1766 -0.7100
vn 0.8964 0.3353 -0.2900
vn -0.6038 0.1892 -0.7743
vn -0.2052 0.3265 -0.9227
vn 0.4533 0.4390 0.7758
vn 0.6191 0.1764 0.7653
vn -0.0146 0.2611 -0.9652
vn 0.0656 0.2762 -0.9589
vn 0.9476 0.3194 0.0046
vn 0.9451 0.3263 -0.0194
vn 0.8985 0.3863 0.2086
vn 0.6705 0.2769 0.6883
vn 0.0519 0.4720 -0.8801
vn 0.0506 0.4981 -0.8657
vn -0.2106 0.3248 -0.9221
vn -0.6050 0.1861 -0.7742
vn 0.0158 0.4689 -0.8831
vn -0.0554 0.4439 -0.8944
vn -0.0176 0.3526 -0.9356
vn 0.0572 0.3819 -0.9224
vn -0.0587 0.3206 -0.9454
vn -0.8971 0.4226 -0.1289
vn 0.7229 0.2539 0.6426
vn 0.7180 0.5327 0.4481
vn 0.7629 0.1715 0.6234
vn 0.7016 0.3047 0.6442
vn -0.0186 0.3326 0.9429
vn -0.2454 0.3820 0.8910
vn -0.4742 0.4784 -0.7391
vn -0.5153 0.1187 -0.8487
vn -0.1448 0.2553 -0.9560
vn -0.6699 0.2788 -0.6881
vn -0.1937 0.4055 -0.8933
vn -0.0627 0.3332 -0.9408
vn -0.4037 0.5024 -0.7646
vn -0.6012 0.2104 -0.7709
vn -0.1555 0.3403 -0.9274
vn -0.0177 0.2922 -0.9562
vn -0.1081 0.2948 -0.9494
vn 0.9024 0.2507 0.3506
vn 0.9465 0.3223 0.0172
vn 0.9479 0.3166 0.0348
vn -0.9474 0.3163 -0.0499
vn -0.9480 0.3129 -0.0577
vn -0.0174 0.2941 -0.9556
vn -0.9531 0.3010 0.0326
vn -0.9536 0.3003 0.0237
vn 0.9458 0.3248 0.0040
vn 0.9198 0.3535 -0.1701
vn 0.9506 0.3094 0.0252
vn -0.9772 0.2102 0.0297
vn -0.8139 0.1670 -0.5565
vn 0.9390 0.3299 -0.0970
vn 0.9272 0.3262 -0.1842
vn -0.7217 0.2020 -0.6620
vn -0.7948 0.1827 -0.5788
vn -0.6295 0.4276 -0.6488
vn 0.4752 0.2883 -0.8313
vn 0.1122 0.3291 -0.9376
vn 0.2734 0.3426 -0.8988
vn 0.7056 0.1874 -0.6833
vn 0.7817 0.2093 0.5875
vn 0.2930 0.1995 0.9351
vn 0.8004 0.3345 0.4975
vn -0.6955 0.1913 -0.6926
vn -0.9019 0.3315 -0.2768
vn 0.5274 0.2824 -0.8013
vn 0.7292 0.1703 -0.6627
vn -0.6632 0.2059 0.7196
vn -0.7468 0.1832 0.6393
vn -0.9466 0.3066 -0.0997
vn -0.8509 0.2671 -0.4525
vn 0.0353 0.3194 -0.9470
vn 0.0337 0.3223 -0.9460
vn 0.0265 0.3034 -0.9525
vn 0.0257 0.3034 -0.9525
vn -0.1605 0.3587 0.9196
vn -0.2704 0.4069 0.8725
vn -0.0406 0.3670 0.9293
vn -0.0543 0.3644 0.9297
vn -0.0422 0.3731 0.9268
vn -0.4592 0.5528 -0.6954
vn -0.6204 0.1958 -0.7595
vn -0.0796 0.3628 0.9285
vn -0.0798 0.3644 0.9278
vn -0.0089 0.3195 0.9475
vn -0.0031 0.3452 0.9385
vn 0.6715 0.2760 0.6877
vn 0.1376 0.4021 0.9052
vn -0.7505 0.1695 -0.6387
vn -0.7445 0.1325 -0.6544
vn -0.7123 0.3963 -0.5793
vn 0.9406 0.3110 0.1364
vn 0.9553 0.2682 0.1246
vn -0.1555 0.4090 0.8992
vn -0.0939 0.4017 0.9110
vn -0.1990 0.3960 0.8964
vn -0.0355 0.3955 0.9178
vn -0.0948 0.4388 0.8936
vn -0.0570 0.3855 0.9210
vn 0.0671 0.3002 0.9515
vn 0.0798 0.3026 0.9498
vn 0.0065 0.3122 0.9500
vn -0.0057 0.3396 0.9405
vn -0.0907 0.3159 0.9444
vn -0.0256 0.2997 0.9537
vn 0.5192 0.2006 -0.8308
vn -0.0498 0.3634 -0.9303
vn 0.0501 0.3419 -0.9384
vn 0.0646 0.3314 -0.9413
vn 0.0749 0.3527 -0.9327
vn 0.0321 0.3575 -0.9333
vn -0.0126 0.3379 -0.9411
vn 0.0833 0.3376 -0.9376
vn -0.0286 0.3655 0.9304
vn -0.8667 0.3084 -0.3920
vn -0.0016 0.2898 0.9571
vn 0.0506 0.2617 0.9638
vn 0.0010 0.3013 0.9535
vn -0.0005 0.3036 0.9528
vn 0.8927 0.4396 0.0992
vn 0.8725 0.4363 0.2201
vn 0.6619 0.2856 0.6931
vn 0.0173 0.3054 0.9521
vn 0.5762 0.5246 0.6268
vn -0.0064 0.3080 0.9514
vn -0.0130 0.3130 0.9497
vn 0.1022 0.0263 0.9944
vn 0.8171 0.2717 0.5084
vn 0.6769 0.1569 0.7191
vn 0.2668 0.2781 0.9228
vn -0.8300 0.4165 0.3709
vn -0.8607 0.4719 0.1911
vn -0.9686 0.2392 0.0681
vn -0.9553 0.2014 0.2165
vn 0.6067 0.5553 -0.5688
vn 0.7707 0.3374 -0.5406
vn -0.9952 0.0390 -0.0893
vn -0.9950 0.0377 0.0928
vn -0.9301 0.3184 0.1833
vn -0.9130 0.3328 -0.2358
vn 0.9465 0.3165 0.0629
vn -0.6733 0.2405 -0.6992
vn -0.1890 0.3763 -0.9070
vn -0.0966 0.0443 0.9943
vn -0.0033 0.0517 0.9987
vn -0.0075 0.2875 0.9578
vn -0.2515 0.3340 0.9084
vn 0.0256 0.3406 -0.9399
vn 0.0285 0.3266 -0.9447
vn -0.5150 0.3896 -0.7636
vn -0.4049 0.4308 -0.8065
vn -0.8198 0.2584 0.5111
vn -0.9123 0.4074 -0.0421
vn -0.8079 0.4967 0.3171
vn 0.9301 0.3653 0.0382
vn 0.9263 0.3769 0.0026
vn 0.9181 0.3918 -0.0598
vn -0.9486 0.2555 -0.1867
vn -0.8815 0.3075 -0.3584
vn -0.9373 0.1835 0.2962
vn -0.9509 0.2039 0.2329
vn 0.0145 0.3587 -0.9333
vn -0.4858 0.4385 -0.7561
vn 0.1256 0.4202 0.8987
vn -0.9167 0.3943 -0.0645
vn -0.8988 0.4347 -0.0563
vn -0.9178 0.3221 -0.2323
vn -0.8259 0.2518 -0.5045
vn -0.7036 0.6359 -0.3172
vn -0.8302 0.4547 -0.3225
vn -0.1391 0.2699 -0.9528
vn -0.6343 0.4464 -0.6311
vn -0.9181 0.3737 -0.1323
vn -0.8889 0.4137 -0.1965
vn -0.0481 0.2694 -0.9618
vn -0.5989 0.6217 0.5048
vn -0.6535 0.2417 0.7173
vn -0.5874 0.4657 0.6619
vn -0.7646 0.2144 0.6078
vn 0.0250 0.3172 -0.9480
vn 0.0145 0.3129 -0.9497
vn -0.1045 0.0477 -0.9934
vn -0.6107 0.2647 -0.7463
vn -0.5999 0.1775 -0.7802
vn -0.2106 0.3207 -0.9235
vn -0.9534 0.3018 0.0047
vn -0.9535 0.3011 0.0123
vn 0.7682 0.3422 -0.5411
vn 0.9027 0.4279 0.0456
vn 0.7343 0.6221 -0.2717
vn -0.9306 0.3464 0.1184
vn -0.9409 0.2900 0.1749
vn 0.1950 0.3708 0.9080
vn 0.0209 0.3547 0.9347
vn 0.0041 0.3264 0.9452
vn 0.0749 0.3455 0.9354
vn 0.9543 0.2971 0.0312
vn 0.9587 0.2834 -0.0258
vn 0.9620 0.2692 -0.0460
vn 0.8941 0.4478 0.0044
vn 0.8884 0.4585 0.0240
vn 0.8906 0.4524 0.0470
vn 0.7486 0.5892 -0.3040
vn -0.8160 0.4990 0.2919
vn -0.8878 0.4223 0.1830
vn 0.8967 0.4395 -0.0523
vn -0.1405 0.2426 -0.9599
vn 0.5953 0.2325 0.7691
vn 0.3855 0.5124 0.7673
vn 0.1939 0.2622 -0.9453
vn 0.3371 0.2303 -0.9129
vn 0.6328 0.1250 -0.7642
vn -0.6532 0.1958 -0.7314
vn -0.3003 0.3597 -0.8834
vn -0.2705 0.3083 -0.9120
vn -0.5275 0.4712 -0.7069
vn 0.1224 0.2454 -0.9617
vn 0.1155 0.2332 -0.9655
vn 0.1346 0.2084 -0.9687
vn 0.1746 0.2087 -0.9623
vn -0.9611 0.2419 0.1329
vn -0.9674 0.2502 0.0399
vn -0.0265 0.3626 0.9316
vn -0.0390 0.3243 0.9452
vn -0.0107 0.3143 0.9493
vn -0.8980 0.3247 -0.2969
vn -0.6873 0.2539 -0.6805
vn 0.0545 0.2689 -0.9616
vn -0.1327 0.2879 -0.9484
vn 0.6607 0.2028 -0.7227
vn 0.8728 0.3637 -0.3253
vn -0.3491 0.3150 0.8826
vn -0.1647 0.3128 0.9354
vn -0.6963 0.1831 0.6940
vn -0.9450 0.3013 0.1270
vn -0.9590 0.2734 0.0741
vn 0.9484 0.3092 0.0703
vn 0.9416 0.3077 0.1365
vn 0.9677 0.2521 -0.0059
vn 0.9622 0.2705 0.0306
vn 0.5155 0.3981 -0.7588
vn 0.1295 0.2605 -0.9567
vn 0.1963 0.2919 -0.9361
vn 0.6056 0.1470 -0.7821
vn 0.0794 0.3895 -0.9176
vn 0.1447 0.2398 -0.9600
vn 0.2328 0.2451 -0.9411
vn 0.1291 0.3224 0.9378
vn 0.0846 0.3151 0.9453
vn 0.9496 0.3097 -0.0477
vn 0.9538 0.2978 -0.0411
vn 0.9479 0.3159 0.0403
vn 0.9439 0.3290 0.0296
vn 0.1410 0.3715 -0.9177
vn 0.5817 0.2389 -0.7775
vn -0.6796 0.2635 0.6846
vn -0.8799 0.3629 0.3066
vn -0.9453 0.2735 -0.1777
vn 0.0194 0.2692 -0.9629
vn 0.0015 0.2887 -0.9574
vn -0.0814 0.2831 -0.9556
vn -0.0405 0.2761 -0.9603
vn 0.0102 0.4481 0.8939
vn -0.0217 0.3146 -0.9490
vn -0.0192 0.3194 -0.9474
vn 0.0775 0.3328 -0.9398
vn -0.0249 0.3157 -0.9485
vn 0.0441 0.3025 0.9521
vn 0.0890 0.2965 0.9509
vn 0.9570 0.2880 -0.0347
vn 0.9575 0.2862 -0.0370
vn 0.9570 0.2888 -0.0264
vn 0.9539 0.2991 0.0244
vn 0.5871 0.2404 -0.7730
vn 0.3505 0.4985 -0.7929
vn 0.6800 0.2919 0.6726
vn 0.4273 0.4713 0.7716
vn -0.9325 0.3612 0.0063
vn -0.9352 0.3541 -0.0038
vn 0.9944 0.0425 -0.0964
vn 0.9142 0.3184 -0.2509
vn 0.9206 0.3900 -0.0219
vn 0.9285 0.3714 0.0033
vn -0.5105 0.5123 -0.6906
vn -0.6938 0.4884 -0.5292
vn -0.5962 0.4963 -0.6310
vn 0.0129 0.2931 0.9560
vn 0.0119 0.2961 0.9551
vn -0.9446 0.3157 -0.0904
vn -0.9478 0.3108 0.0714
vn -0.9243 0.3395 0.1745
vn -0.9049 0.3464 -0.2474
vn 0.9022 0.4015 -0.1576
vn 0.8779 0.4189 -0.2321
vn 0.3509 0.3905 0.8511
vn 0.1223 0.3530 0.9276
vn -0.6070 0.5290 -0.5930
vn -0.6912 0.2078 -0.6921
vn -0.9531 0.3000 0.0413
vn -0.9403 0.3403 -0.0030
vn -0.7023 0.2529 0.6655
vn -0.9030 0.3772 0.2056
vn -0.7776 0.1622 0.6075
vn -0.9211 0.2967 0.2521
vn 0.1561 0.3420 0.9267
vn 0.1580 0.3291 0.9310
vn -0.0484 0.9802 0.1918
vn -0.0439 0.9803 0.1926
vn -0.0469 0.9799 0.1938
vn 0.4283 0.8724 0.2355
vn -0.0576 0.9806 0.1875
vn -0.0638 0.9765 0.2058
vn -0.0700 0.9735 0.2177
vn -0.0725 0.9698 0.2330
vn -0.0552 0.9787 0.1978
vn -0.1248 0.3357 0.9337
vn -0.2745 0.3709 0.8872
vn 0.9382 0.3441 0.0380
vn 0.9455 0.3220 -0.0489
vn 0.9417 0.3360 0.0154
vn 0.9131 0.3672 0.1774
vn -0.7797 0.4695 0.4143
vn -0.7067 0.2048 0.6773
vn -0.6472 0.4749 0.5963
vn -0.7806 0.2109 0.5884
vn -0.9440 0.2493 0.2160
vn -0.9440 0.2573 0.2067
vn -0.9538 0.2949 0.0571
vn -0.9539 0.2971 0.0425
vn -0.9531 0.2867 0.0968
vn -0.7859 0.1447 -0.6012
vn -0.9397 0.2722 -0.2073
vn -0.9649 0.2626 0.0047
vn -0.9642 0.2653 -0.0033
vn -0.0443 0.2598 -0.9647
vn -0.3054 0.3445 0.8877
vn -0.6891 0.2090 0.6938
vn -0.6288 0.4510 0.6335
vn -0.1534 0.3099 0.9383
vn -0.6840 0.4557 0.5696
vn -0.2766 0.3086 0.9101
vn -0.0541 0.3099 0.9492
vn -0.0434 0.3079 0.9504
vn -0.7378 0.2674 0.6198
vn -0.9747 0.2161 0.0572
vn -0.3643 0.5868 0.7231
vn -0.4525 0.3181 0.8331
vn -0.3912 0.1427 0.9092
vn -0.6188 0.1206 0.7763
vn -0.9656 0.2562 -0.0439
vn -0.9078 0.1927 0.3726
vn -0.0702 0.2557 -0.9642
vn -0.2321 0.3063 0.9232
vn -0.1406 0.3701 -0.9183
vn -0.1971 0.3643 -0.9102
vn -0.0134 0.3410 -0.9400
vn -0.6807 0.2622 0.6840
vn -0.0300 0.3075 0.9511
vn -0.6624 0.4180 0.6217
vn -0.8555 0.4402 0.2727
vn -0.9681 0.2504 0.0049
vn -0.9664 0.2566 -0.0108
vn -0.2081 0.2286 -0.9510
vn -0.1668 0.0929 -0.9816
vn 0.0825 0.3883 -0.9178
vn -0.4609 0.3898 -0.7973
vn -0.9477 0.3112 0.0709
vn -0.9472 0.3116 0.0755
vn 0.9454 0.3257 0.0128
vn 0.9293 0.3627 0.0689
vn 0.9318 0.3589 0.0548
vn 0.9365 0.3470 0.0506
vn 0.9337 0.3374 0.1196
vn 0.5865 0.2406 0.7734
vn -0.0365 0.4220 0.9059
vn -0.6641 0.1734 -0.7273
vn 0.1743 0.4859 -0.8564
vn -0.9716 0.2140 0.1006
vn -0.9742 0.2258 0.0041
vn -0.2697 0.3673 -0.8901
vn -0.0271 0.3312 -0.9432
vn 0.9414 0.3354 -0.0350
vn 0.9377 0.3472 -0.0158
vn 0.1754 0.3519 0.9195
vn 0.0018 0.3146 0.9492
vn -0.9457 0.2773 0.1693
vn -0.7818 0.1716 0.5994
vn 0.9291 0.2962 0.2214
vn 0.9187 0.3515 0.1800
vn -0.5211 0.3079 -0.7960
vn -0.7094 0.2019 -0.6753
vn -0.0365 0.2600 -0.9649
vn 0.0039 0.2682 -0.9634
vn 0.0002 0.3074 0.9516
vn 0.0003 0.3025 0.9531
vn 0.9008 0.4271 -0.0781
vn 0.8990 0.4356 -0.0458
vn 0.9210 0.3801 -0.0850
vn -0.1201 -0.0229 -0.9925
vn -0.0517 -0.0066 -0.9986
vn 0.8813 0.4628 -0.0956
vn 0.9094 0.4149 0.0292
vn 0.8803 0.4689 -0.0717
vn 0.8990 0.4378 0.0135
vn 0.7440 0.1881 -0.6411
vn 0.5535 0.5954 -0.5823
vn 0.7486 0.2549 -0.6121
vn -0.2113 -0.0265 -0.9771
vn 0.0560 0.9724 0.2263
vn 0.0583 0.9740 0.2188
vn 0.0638 0.9749 0.2132
vn 0.0548 0.9674 0.2473
vn 0.0557 0.9701 0.2363
vn 0.0911 0.9760 0.1978
vn 0.1088 0.9763 0.1869
vn 0.1183 0.9763 0.1814
vn 0.0747 0.9754 0.2073
vn -0.0474 0.9640 0.2615
vn -0.0178 0.9634 0.2676
vn 0.0134 0.9633 0.2682
vn -0.0664 0.9662 0.2490
vn 0.0463 0.9637 0.2628
vn 0.0517 0.9651 0.2567
vn 0.0352 0.9633 0.2663
vn 0.9471 0.3137 -0.0680
vn 0.9449 0.3232 -0.0523
vn 0.6941 0.3501 -0.6289
vn 0.9566 0.2738 -0.0995
vn 0.6385 0.3854 -0.6662
vn -0.7621 0.5160 0.3911
vn -0.7004 0.2420 0.6715
vn -0.6063 0.4833 0.6315
vn -0.7624 0.2175 0.6094
vn -0.1158 0.3499 0.9296
vn -0.0004 0.3384 0.9410
vn -0.0195 0.3115 0.9500
vn -0.2819 0.3554 0.8912
vn -0.7560 0.1593 0.6349
vn -0.7314 0.4218 0.5358
vn -0.7529 0.1632 0.6376
vn -0.6971 0.2121 0.6849
vn 0.9487 0.3127 -0.0464
vn 0.9423 0.3339 -0.0230
vn 0.9336 0.3579 -0.0151
vn 0.7716 0.2071 -0.6015
vn -0.9099 0.3523 0.2192
vn 0.6633 0.1976 -0.7218
vn 0.8763 0.3535 -0.3273
vn 0.9271 0.3740 -0.0229
vn 0.8119 0.1811 -0.5549
vn 0.9641 0.2584 -0.0603
vn -0.0043 0.3113 -0.9503
vn -0.0066 0.3298 -0.9440
vn -0.0582 0.3043 -0.9508
vn -0.0786 0.2925 -0.9530
vn 0.8557 0.2701 0.4414
vn 0.8034 0.4705 0.3650
vn -0.8871 0.2543 -0.3851
vn -0.9594 0.2565 -0.1176
vn 0.1734 0.3787 -0.9091
vn 0.0350 0.3248 -0.9451
vn -0.8758 0.4805 0.0464
vn -0.0778 0.9963 -0.0371
vn -0.3545 0.9158 0.1885
vn -0.0733 0.9964 -0.0421
vn -0.6208 0.6229 0.4760
vn -0.5201 0.4384 0.7330
vn -0.7145 0.1725 0.6780
vn -0.7543 0.2473 0.6081
vn -0.1057 0.3156 0.9430
vn 0.0598 0.9953 0.0760
vn -0.0158 0.9998 0.0154
vn 0.1540 0.9779 0.1417
vn -0.0575 0.9980 -0.0256
vn -0.2141 0.9720 0.0964
vn -0.2253 0.9725 0.0591
vn -0.2425 0.8981 -0.3668
vn -0.2319 0.9727 -0.0100
vn -0.2318 0.9618 -0.1460
vn -0.7939 0.1762 0.5819
vn -0.2150 0.5384 -0.8148
vn -0.0717 0.5750 -0.8150
vn 0.1129 0.3330 0.9361
vn 0.6701 0.2204 0.7088
vn 0.2103 0.3439 0.9151
vn -0.5942 0.2008 -0.7789
vn -0.1728 0.3366 -0.9257
vn -0.3870 0.4399 -0.8104
vn -0.9941 0.0453 -0.0983
vn -0.9953 0.0474 0.0841
vn -0.9125 0.3422 0.2239
vn -0.9068 0.3379 -0.2519
vn 0.0414 0.3130 0.9488
vn 0.0023 0.3073 0.9516
vn -0.4339 0.3732 0.8200
vn 0.9559 0.2739 -0.1062
vn 0.8528 0.4447 -0.2738
vn -0.6035 0.1901 -0.7744
vn -0.1898 0.3315 -0.9242
vn -0.1056 0.3062 -0.9461
vn -0.4362 0.4620 -0.7722
vn -0.0983 0.0354 -0.9945
vn -0.6863 0.1749 -0.7060
vn -0.2560 0.3065 -0.9168
vn 0.2077 0.3313 0.9204
vn 0.9389 0.3402 -0.0530
vn 0.9660 0.2215 -0.1330
vn 0.9634 0.2450 -0.1086
vn 0.9987 0.0505 0.0061
vn 0.9953 0.0451 -0.0860
vn 0.9148 0.3271 -0.2370
vn 0.9607 0.2774 0.0088
vn -0.9554 0.2930 -0.0366
vn -0.9581 0.2622 -0.1157
vn 0.7664 0.2661 0.5846
vn 0.8301 0.5169 0.2092
vn 0.8530 0.4145 0.3171
vn 0.7855 0.5926 0.1784
vn 0.0620 0.5711 -0.8185
vn -0.8781 0.4602 0.1307
vn -0.8967 0.3883 0.2125
vn -0.9170 0.3936 0.0651
vn 0.9448 0.3273 0.0149
vn -0.9640 0.2461 -0.1011
vn -0.9687 0.2475 0.0187
vn -0.7849 0.5265 0.3267
vn -0.9017 0.4154 0.1200
vn -0.8728 0.3208 0.3678
vn -0.7273 0.2881 0.6229
vn -0.9741 0.2258 -0.0066
vn -0.7405 0.3635 0.5653
vn -0.9051 0.3072 -0.2940
vn -0.7008 0.1796 -0.6903
vn -0.9141 0.2950 0.2783
vn -0.9473 0.2804 0.1549
vn -0.1233 0.9799 0.1567
vn -0.1327 0.9762 0.1713
vn -0.1332 0.9742 0.1819
vn 0.9257 0.3518 0.1391
vn 0.9375 0.3394 0.0766
vn 0.8053 0.3046 0.5086
vn 0.3794 0.9043 0.1956
vn 0.9404 0.3253 0.0989
vn -0.0016 1.0000 0.0047
vn -0.0040 0.9999 0.0125
vn -0.0005 1.0000 0.0011
vn -0.0083 0.9997 0.0242
vn -0.0163 0.9994 0.0311
vn -0.0008 1.0000 0.0002
vn -0.0050 1.0000 0.0011
vn -0.0305 0.9995 0.0091
vn -0.4960 0.8657 0.0683
vn -0.8559 0.2723 0.4397
vn -0.0152 0.9999 0.0036
vn 0.1081 0.9911 0.0782
vn 0.2043 0.9605 0.1889
vn 0.0058 0.9959 -0.0900
vn 0.2208 0.9566 0.1904
vn -0.0346 0.9994 0.0045
vn -0.0600 0.9950 -0.0799
vn -0.0544 0.9870 -0.1514
vn 0.0779 0.2663 -0.9607
vn 0.0586 0.2502 -0.9664
vn 0.0151 0.2719 0.9622
vn 0.1247 0.2682 0.9553
vn 0.4898 0.2818 0.8250
vn 0.9956 0.0423 0.0839
vn 0.9228 0.3186 0.2165
vn 0.7177 0.1877 0.6706
vn -0.9685 0.2407 0.0637
vn -0.9670 0.2447 -0.0705
vn -0.0362 0.3581 0.9330
vn -0.0159 0.3515 0.9360
vn -0.9423 0.3206 0.0969
vn 0.1208 0.9884 0.0923
vn 0.1005 0.9911 0.0878
vn 0.0724 0.9928 0.0951
vn 0.1272 0.9859 0.1089
vn 0.1294 0.9865 0.1003
vn -0.0437 0.9699 0.2394
vn -0.1890 0.8639 0.4668
vn 0.0322 0.9907 0.1323
vn -0.9534 0.3016 0.0114
vn -0.9542 0.2962 -0.0420
vn -0.0753 0.2989 0.9513
vn -0.0939 0.9776 0.1884
vn -0.0546 0.9816 0.1828
vn -0.0053 0.9851 0.1720
vn -0.1206 0.9747 0.1880
vn 0.0901 0.9863 0.1379
vn 0.1160 0.9859 0.1207
vn 0.0468 0.9866 0.1565
vn -0.9139 0.2590 -0.3126
vn 0.9516 0.3014 0.0597
vn -0.0247 0.3504 0.9363
vn -0.7630 0.4755 0.4379
vn 0.7578 0.3329 -0.5612
vn 0.9088 0.4167 -0.0208
vn 0.7423 0.5733 -0.3470
vn 0.6953 0.1928 0.6923
vn 0.2761 0.3270 0.9038
vn 0.9664 0.2516 -0.0523
vn 0.0940 0.3513 -0.9315
vn 0.1725 0.2492 -0.9530
vn 0.9093 0.4094 0.0747
vn -0.9292 0.3058 0.2077
vn 0.7832 0.2510 0.5689
vn 0.7867 0.5311 0.3148
vn -0.1852 0.3832 0.9049
vn -0.1075 0.3712 0.9223
vn -0.9391 0.3436 0.0005
vn -0.7515 0.1817 -0.6342
vn -0.6959 0.4706 -0.5425
vn -0.9573 0.2312 -0.1737
vn -0.9622 0.2223 -0.1572
vn 0.9112 0.4067 -0.0656
vn 0.9508 0.3019 0.0701
vn 0.9494 0.3049 0.0756
vn 0.9482 0.3076 0.0798
vn 0.9197 0.3815 0.0929
vn 0.0588 0.3079 0.9496
vn 0.1531 0.3102 0.9383
vn 0.7612 0.2689 -0.5902
vn 0.9326 0.3603 0.0222
vn 0.7981 0.5570 -0.2300
vn 0.9316 0.3601 0.0495
vn -0.8631 0.3394 -0.3739
vn 0.6760 0.4853 0.5546
vn 0.7785 0.1936 0.5970
vn 0.6141 0.4578 0.6429
vn 0.9538 0.3003 0.0101
vn 0.7346 0.4690 -0.4902
vn -0.0433 0.9989 -0.0173
vn -0.0701 0.9975 0.0073
vn -0.0813 0.8664 -0.4927
vn -0.0958 0.9954 0.0032
vn -0.0977 0.9950 -0.0200
vn 0.9534 0.3003 0.0283
vn 0.9448 0.3211 0.0654
vn -0.5027 0.3036 0.8094
vn -0.7109 0.2110 0.6709
vn -0.9337 0.3397 -0.1129
vn -0.9627 0.2698 -0.0195
vn 0.9586 0.2729 -0.0814
vn 0.9586 0.2612 -0.1137
vn 0.9561 0.2629 -0.1296
vn 0.9583 0.2848 -0.0255
vn -0.1474 0.5138 -0.8451
vn 0.1752 0.5225 -0.8345
vn -0.4387 0.2721 -0.8564
vn -0.9230 0.2920 0.2506
vn -0.9373 0.2915 0.1908
vn -0.1186 0.3652 0.9233
vn -0.2177 0.3196 0.9222
vn -0.0000 0.2893 -0.9573
vn 0.0402 0.2804 -0.9590
vn 0.7030 0.1845 0.6869
vn 0.2631 0.3353 0.9046
vn -0.9313 0.3357 0.1415
vn -0.1450 0.3566 0.9230
vn -0.1596 0.3343 0.9289
vn -0.9334 0.2977 -0.2005
vn -0.1000 0.9948 -0.0174
vn -0.0710 0.9968 -0.0378
vn -0.0968 0.9951 0.0190
vn -0.0351 0.9989 -0.0303
vn -0.0182 0.9996 -0.0200
vn -0.0748 0.9969 -0.0259
vn -0.0569 0.9984 0.0046
vn -0.0703 0.9970 0.0325
vn -0.0367 0.3467 0.9372
vn -0.0425 0.3380 0.9402
vn -0.9483 0.3109 0.0643
vn 0.6766 0.2645 0.6872
vn 0.2600 0.3846 0.8857
vn 0.9498 0.2652 0.1659
vn 0.9508 0.2873 0.1158
vn 0.9355 0.3523 0.0266
vn 0.0725 0.2817 -0.9568
vn 0.1942 0.2604 -0.9458
vn 0.7697 0.3075 -0.5595
vn -0.6099 0.2200 0.7613
vn -0.9543 0.2889 -0.0765
vn -0.9597 0.2794 -0.0300
vn 0.1467 0.3225 0.9351
vn 0.0454 0.3256 0.9444
vn 0.2741 0.5320 0.8012
vn -0.9640 0.2154 -0.1558
vn -0.0040 0.3598 0.9330
vn -0.0482 0.3412 0.9387
vn -0.0782 0.4037 0.9116
vn -0.0423 0.9989 0.0211
vn -0.0647 0.9976 -0.0230
vn -0.0167 0.9963 0.0841
vn -0.0885 0.9960 0.0138
vn -0.1313 0.9893 0.0643
vn -0.1897 0.9393 -0.2857
vn -0.1015 0.9618 -0.2541
vn -0.0293 0.9991 -0.0315
vn 0.5636 0.4703 0.6791
vn -0.1151 0.9933 -0.0030
vn -0.1095 0.9932 -0.0388
vn -0.1290 0.9913 0.0241
vn -0.1599 0.8967 0.4127
vn -0.1644 0.9834 0.0772
vn -0.1673 0.9838 0.0645
vn -0.1503 0.9876 0.0442
vn -0.0377 0.2981 -0.9538
vn 0.5953 0.3328 -0.7314
vn 0.9415 0.3266 0.0834
vn 0.9407 0.3272 0.0893
vn 0.9457 0.3013 -0.1220
vn 0.5793 0.4937 -0.6486
vn 0.9966 0.0565 0.0608
vn 0.9244 0.3396 0.1737
vn 0.7365 0.2211 0.6393
vn 0.9349 0.3543 0.0209
vn 0.9394 0.3410 0.0360
vn -0.7584 0.4497 0.4719
vn 0.8911 0.4528 -0.0308
vn 0.8949 0.4311 -0.1152
vn 0.9242 0.3790 0.0471
vn 0.7056 0.1297 -0.6966
vn 0.7481 0.4672 -0.4712
vn -0.0512 0.2497 -0.9670
vn 0.5377 0.6249 0.5660
vn 0.6871 0.1963 0.6995
vn 0.2400 0.3587 0.9021
vn -0.0609 0.0268 0.9978
vn -0.1405 0.2667 0.9535
vn -0.4920 0.1384 0.8595
vn 0.0487 0.4371 0.8981
vn -0.0244 0.4714 0.8816
vn -0.0311 0.5174 0.8552
vn -0.0328 0.3500 0.9362
vn 0.7685 0.3527 -0.5338
vn 0.2648 0.2532 -0.9305
vn 0.1899 0.2818 -0.9405
vn 0.0873 0.3005 0.9498
vn 0.1427 0.2932 0.9453
vn 0.1883 0.3125 0.9311
vn 0.0171 0.2976 0.9545
vn -0.0783 0.5453 0.8346
vn -0.2284 0.3796 0.8965
vn 0.8847 0.3354 -0.3237
vn 0.8955 0.3444 0.2820
vn 0.9553 0.2848 0.0797
vn -0.7585 0.2507 0.6015
vn 0.1798 0.3473 0.9204
vn -0.0772 0.4418 0.8938
vn -0.1178 0.3880 0.9141
vn 0.0411 0.3879 0.9208
vn 0.8887 0.3907 0.2400
vn 0.6728 0.2605 0.6925
vn 0.1646 0.3327 -0.9286
vn 0.5925 0.1906 -0.7827
vn 0.5858 0.2293 0.7774
vn 0.1935 0.3625 0.9117
vn 0.1068 0.3447 0.9326
vn 0.4076 0.4938 0.7681
vn 0.0037 0.2528 0.9675
vn 0.0761 0.2609 0.9624
vn 0.9434 0.3309 -0.0210
vn 0.9487 0.3163 0.0021
vn 0.1301 0.3634 0.9225
vn 0.0831 0.3908 0.9167
vn 0.6782 0.1812 -0.7121
vn 0.5885 0.4578 -0.6664
vn 0.9365 0.3286 0.1225
vn 0.9236 0.3690 0.1040
vn -0.8638 0.1256 0.4880
vn -0.9514 0.1636 0.2607
vn -0.0974 0.3063 0.9469
vn 0.8836 0.3853 0.2660
vn 0.6758 0.2810 0.6814
vn 0.2821 0.4697 0.8365
vn -0.2235 0.4984 0.8376
vn 0.5835 0.2275 0.7796
vn -0.6580 0.3151 0.6839
vn -0.6511 0.2775 0.7064
vn -0.0727 0.1999 0.9771
vn -0.5555 0.4969 0.6668
vn -0.9496 0.2934 -0.1103
vn -0.9036 0.3290 -0.2744
vn 0.8989 0.3173 0.3021
vn -0.6993 0.2829 0.6565
vn 0.9410 0.3147 0.1245
vn 0.8909 0.2649 0.3689
vn 0.9092 0.4043 0.0989
vn 0.0178 0.3150 -0.9489
vn -0.0812 0.3123 -0.9465
vn 0.9525 0.3038 0.0230
vn -0.6130 0.3759 0.6949
vn -0.6698 0.5625 0.4847
vn -0.6218 0.4854 -0.6146
vn 0.7917 0.5166 0.3261
vn 0.0292 0.2882 -0.9571
vn -0.0560 0.3009 -0.9520
vn 0.7722 0.2602 0.5797
vn 0.7747 0.2449 0.5829
vn 0.7533 0.5232 0.3984
vn 0.0186 0.3723 0.9279
vn 0.3743 0.5041 0.7783
vn -0.1586 0.3195 -0.9342
vn -0.0890 0.3146 -0.9450
vn -0.2608 0.3446 -0.9018
vn -0.9126 0.3760 0.1603
vn -0.9503 0.3074 0.0486
vn -0.9344 0.3558 -0.0158
vn -0.8770 0.4126 -0.2463
vn -0.2003 0.3391 0.9192
vn -0.6026 0.1981 0.7731
vn 0.9983 0.0584 0.0076
vn 0.9955 0.0442 -0.0839
vn 0.9188 0.3402 -0.2004
vn 0.9590 0.2826 0.0227
vn -0.0334 0.3103 0.9501
vn 0.7041 0.1917 -0.6837
vn 0.9199 0.3678 0.1359
vn -0.9207 0.2650 0.2866
vn -0.8752 0.3419 -0.3422
vn 0.0038 0.0281 0.9996
vn 0.0096 0.0293 0.9995
vn 0.0225 0.2384 0.9709
vn 0.0011 0.2411 0.9705
vn -0.7855 0.1884 0.5895
vn -0.5510 0.5070 0.6629
vn -0.7796 0.2646 0.5676
vn -0.9241 0.3591 0.1307
vn 0.9443 0.3289 -0.0010
vn -0.0589 0.2497 0.9665
vn -0.0995 0.2740 0.9566
vn -0.0353 0.2578 0.9655
vn -0.0102 0.3033 -0.9528
vn -0.0162 0.3029 -0.9529
vn -0.1953 0.3190 0.9274
vn -0.6395 0.4589 0.6168
vn -0.6028 0.2132 -0.7688
vn -0.3627 0.4591 -0.8110
vn 0.0171 0.3264 -0.9451
vn -0.1336 0.3228 -0.9370
vn -0.0051 0.3038 -0.9527
vn 0.0683 0.3604 0.9303
vn 0.0092 0.3240 0.9460
vn 0.6112 0.1919 0.7679
vn 0.2079 0.3275 0.9217
vn -0.0279 0.2780 0.9602
vn 0.1336 0.3501 -0.9271
vn 0.0142 0.3470 -0.9378
vn 0.2724 0.3812 -0.8834
vn -0.9063 0.4227 0.0015
vn 0.0124 0.3012 0.9535
vn 0.0289 0.3795 0.9247
vn -0.0028 0.3459 -0.9383
vn -0.0844 0.3309 0.9399
vn 0.4917 0.3264 0.8073
vn 0.3502 0.4562 0.8180
vn -0.5384 0.0897 -0.8379
vn 0.0295 0.0713 -0.9970
vn -0.2186 0.3021 -0.9279
vn -0.0256 0.3034 -0.9525
vn -0.0240 0.3040 -0.9524
vn 0.4573 0.5089 -0.7293
vn 0.9383 0.3388 0.0690
vn 0.9432 0.3289 0.0475
vn 0.0800 0.0470 -0.9957
vn 0.2025 0.3318 -0.9214
vn 0.8961 0.3211 0.3064
vn -0.6855 0.1933 0.7019
vn -0.9033 0.3481 0.2507
vn -0.2412 0.2995 -0.9231
vn -0.4133 0.2833 -0.8654
vn -0.0247 0.3027 -0.9528
vn 0.9273 0.3735 0.0248
vn 0.9232 0.3797 0.0590
vn -0.9626 0.2691 0.0324
vn -0.1399 0.2717 -0.9522
vn -0.3825 0.4356 -0.8149
vn -0.6403 0.0465 0.7667
vn -0.8127 0.3640 0.4549
vn -0.8819 0.3710 -0.2910
vn -0.0515 0.5178 0.8539
vn -0.0789 0.5598 0.8249
vn -0.7803 0.4339 0.4503
vn -0.7392 0.3018 0.6021
vn -0.0325 0.5599 0.8279
vn -0.9391 0.2962 0.1745
vn -0.9366 0.2284 0.2658
vn -0.9441 0.2255 0.2406
vn -0.9500 0.3107 -0.0313
vn -0.9650 0.2422 -0.1008
vn 0.9379 0.3358 -0.0871
vn -0.9585 0.2838 0.0281
vn -0.7333 0.2277 0.6406
vn -0.9384 0.3038 0.1649
vn -0.8877 0.3940 0.2382
vn -0.2910 0.2938 -0.9105
vn -0.0394 0.2617 -0.9644
vn -0.2557 0.3871 0.8859
vn -0.1939 0.3240 -0.9260
vn 0.0152 0.2919 0.9563
vn 0.8593 0.3819 -0.3402
vn -0.5953 0.2030 0.7774
vn 0.9732 0.2130 0.0866
vn 0.0413 0.3403 -0.9394
vn 0.1572 0.3684 -0.9163
vn -0.0834 0.3219 -0.9431
vn -0.4090 0.4856 -0.7726
vn 0.0480 0.3358 -0.9407
vn -0.9569 0.2877 0.0398
vn -0.9647 0.2629 0.0126
vn -0.9652 0.2614 0.0072
vn 0.9423 0.3275 0.0693
vn -0.0013 0.3129 -0.9498
vn -0.3936 0.4997 -0.7716
vn -0.6736 0.1848 -0.7157
vn 0.2357 0.2769 -0.9315
vn 0.6965 0.6156 -0.3686
vn 0.7685 0.3068 -0.5615
vn 0.9258 0.3464 0.1511
vn 0.7877 0.2258 0.5732
vn 0.0559 0.3598 0.9313
vn 0.6010 0.2967 0.7421
vn 0.1546 0.4545 0.8772
vn 0.5356 0.2555 -0.8049
vn 0.0850 0.0468 0.9953
vn 0.2251 0.3380 0.9138
vn -0.9495 0.3132 0.0170
vn -0.9489 0.3113 0.0524
vn 0.5135 0.6334 0.5789
vn 0.9422 0.3020 0.1453
vn -0.9651 0.2543 0.0620
vn -0.9687 0.2253 0.1037
vn 0.9386 0.3442 -0.0251
vn 0.9288 0.3655 0.0615
vn 0.9350 0.3547 0.0059
vn -0.1256 0.5403 0.8321
vn -0.5529 0.1975 0.8095
vn 0.8732 0.3603 0.3282
vn 0.0259 0.2727 -0.9618
vn 0.2611 0.3145 -0.9126
vn 0.9706 0.2402 0.0160
vn 0.9542 0.2411 -0.1769
vn -0.4167 0.3406 0.8428
vn -0.2682 0.4375 0.8583
vn -0.3468 0.4477 0.8242
vn -0.2069 0.2568 0.9441
vn 0.9137 0.3974 0.0845
vn 0.8444 0.2509 -0.4734
vn -0.1952 0.3783 0.9048
vn -0.1585 0.3629 0.9183
vn -0.1866 0.4167 0.8897
vn -0.2128 0.4021 0.8905
vn -0.9408 0.3383 -0.0197
vn -0.8675 0.0645 0.4932
vn -0.9532 0.2739 -0.1280
vn 0.9379 0.3466 -0.0134
vn -0.6768 0.3971 -0.6199
vn 0.9524 0.3016 0.0441
vn 0.4451 0.2634 -0.8559
vn 0.7099 0.1888 -0.6785
vn 0.1237 0.3206 0.9391
vn 0.3068 0.3451 0.8870
vn -0.8320 0.3277 -0.4477
vn 0.9371 0.3433 -0.0625
vn 0.8520 0.4178 0.3156
vn 0.6680 0.3813 0.6390
vn 0.9939 0.0529 0.0966
vn 0.9943 0.0526 -0.0931
vn 0.9095 0.3479 -0.2275
vn 0.9087 0.3464 0.2331
vn -0.9134 0.4065 -0.0237
vn -0.6429 0.1520 -0.7507
vn 0.2654 0.3451 -0.9003
vn 0.9762 0.2138 -0.0374
vn 0.9706 0.2177 -0.1029
vn -0.1003 0.3518 0.9307
vn -0.1157 0.4234 0.8985
vn 0.0888 0.0348 -0.9954
vn 0.2295 0.3088 -0.9230
vn 0.8998 0.4363 -0.0012
vn 0.9763 0.2136 0.0353
vn 0.0938 0.3724 0.9233
vn 0.9939 0.0438 0.1009
vn 0.9111 0.3226 0.2566
vn -0.9467 0.3222 -0.0018
vn 0.7672 0.1968 -0.6105
vn 0.9287 0.3621 0.0806
vn -0.9185 0.2599 -0.2980
vn 0.0246 0.3320 0.9430
vn -0.0035 0.3070 0.9517
vn 0.0806 0.3027 -0.9497
vn 0.0725 0.2845 -0.9559
vn -0.0115 0.2757 -0.9612
vn -0.9155 0.3962 0.0696
vn -0.9579 0.2082 -0.1977
vn 0.5693 0.3591 -0.7396
vn -0.2385 0.3367 -0.9109
vn -0.9602 0.2756 -0.0448
vn 0.9457 0.2787 -0.1673
vn 0.9032 0.3354 -0.2678
vn -0.0774 0.2515 -0.9648
vn -0.1151 0.4335 -0.8938
vn -0.2754 0.3757 -0.8849
vn -0.0049 0.2441 -0.9697
vn 0.5894 0.1770 0.7882
vn 0.8622 0.3826 0.3320
vn -0.0705 0.4134 0.9078
vn -0.2111 0.4804 -0.8513
vn 0.0132 0.2950 -0.9554
vn 0.0201 0.3107 -0.9503
vn -0.5549 0.4794 0.6799
vn -0.2781 0.3911 0.8773
vn -0.6408 0.2224 0.7348
vn 0.9171 0.3028 0.2595
vn -0.0034 0.2770 -0.9609
vn 0.0059 0.2831 -0.9591
vn -0.9506 0.3075 0.0434
vn 0.0749 0.2370 -0.9686
vn -0.2830 0.2623 -0.9226
vn 0.0311 0.2193 -0.9752
vn -0.4249 0.3586 -0.8312
vn -0.6212 0.2314 0.7487
vn -0.4850 0.4942 0.7215
vn 0.0320 0.3262 -0.9447
vn 0.6859 0.1971 -0.7005
vn 0.0222 0.5539 0.8323
vn 0.0793 0.5438 0.8355
vn 0.0045 0.3099 -0.9507
vn -0.6000 0.2053 -0.7732
vn 0.0853 0.4192 -0.9039
vn -0.1218 0.4307 0.8942
vn -0.2552 0.0081 -0.9669
vn 0.6830 0.1309 0.7186
vn -0.4010 0.4669 -0.7881
vn 0.6209 0.3982 0.6752
vn 0.0320 0.3567 0.9337
vn -0.0289 0.3661 0.9301
vn 0.9278 0.3728 0.0131
vn 0.9201 0.3912 -0.0189
vn -0.0800 0.3688 0.9261
vn 0.4931 0.3075 0.8138
vn 0.7057 0.2110 0.6764
vn 0.2772 0.3159 -0.9074
vn 0.7830 0.2349 0.5760
vn 0.8425 0.4759 0.2522
vn -0.8921 0.4469 -0.0662
vn 0.1215 0.3464 0.9302
vn 0.6703 0.2067 0.7127
vn 0.0650 0.2922 -0.9542
vn -0.7959 0.5061 0.3323
vn -0.6410 0.3560 -0.6800
vn 0.9400 0.3282 0.0931
vn 0.9419 0.3319 0.0520
vn 0.2391 0.4422 0.8645
vn 0.3562 0.3934 0.8476
vn -0.7613 0.2020 -0.6162
vn -0.5999 0.4525 -0.6598
vn 0.5216 0.3101 -0.7948
vn 0.7077 0.2150 -0.6730
vn 0.5804 0.2808 0.7644
vn 0.4156 0.5053 0.7563
vn 0.5656 0.6797 -0.4671
vn -0.0214 0.3026 -0.9529
vn -0.2884 0.4307 0.8552
vn -0.6279 0.2362 0.7416
vn -0.6420 0.2573 0.7222
vn 0.0050 0.0234 -0.9997
vn 0.9560 0.2874 0.0593
vn 0.9582 0.2501 -0.1391
vn 0.1575 0.2677 -0.9505
vn -0.7017 0.1951 -0.6852
vn 0.9564 0.2917 -0.0122
vn 0.8954 0.4188 -0.1512
vn 0.2138 0.3612 0.9076
vn 0.0455 0.3116 0.9491
vn 0.0381 0.4319 -0.9011
vn -0.0485 0.4040 -0.9135
vn 0.9341 0.3123 0.1730
vn -0.2491 0.3501 -0.9030
vn 0.0150 0.2735 0.9618
vn -0.8797 0.2096 -0.4268
vn -0.7026 0.2191 -0.6770
vn -0.9036 0.3273 0.2764
vn -0.9180 0.2042 0.3399
vn 0.9332 0.2360 -0.2709
vn -0.0129 0.3811 -0.9244
vn 0.0587 0.2886 -0.9556
vn -0.6036 0.2235 -0.7653
vn 0.5815 0.2588 0.7713
vn -0.9388 0.2683 0.2161
vn 0.8579 0.2234 -0.4628
vn -0.9131 0.4071 0.0210
vn 0.2116 0.3540 -0.9110
vn 0.6775 0.2269 -0.6997
vn 0.8866 0.3670 0.2815
vn 0.8627 0.3649 -0.3501
vn 0.9238 0.3755 0.0747
vn 0.2268 0.2803 0.9327
vn 0.1541 0.2643 0.9521
vn 0.7662 0.1515 0.6245
vn 0.6643 0.4305 0.6110
vn -0.5996 0.1865 -0.7783
vn 0.0165 0.2902 0.9568
vn -0.8980 0.4020 0.1787
vn 0.6656 0.1876 -0.7224
vn -0.0121 0.3084 0.9512
vn -0.2987 0.3488 -0.8883
vn 0.1681 0.3341 0.9274
vn 0.2228 0.3068 -0.9253
vn 0.8023 0.2224 -0.5539
vn -0.6185 0.1981 -0.7604
vn 0.0046 0.2251 0.9743
vn -0.2510 0.2340 0.9393
vn -0.7450 0.4268 -0.5126
vn -0.7835 0.4598 -0.4179
vn 0.7544 0.5006 -0.4245
vn 0.8782 0.3101 -0.3641
vn -0.1947 0.3250 0.9255
vn -0.3514 0.3477 0.8692
vn -0.0182 0.3078 0.9513
vn 0.0196 0.2366 0.9714
vn -0.9285 0.3599 0.0920
vn 0.8772 0.3894 0.2809
vn -0.0107 0.5228 0.8524
vn -0.1193 0.3141 0.9419
vn -0.0597 0.3773 0.9242
vn -0.6910 0.3164 0.6499
vn 0.5169 0.2736 -0.8111
vn 0.1762 0.4747 -0.8623
vn -0.0893 0.3215 -0.9427
vn -0.1964 0.5568 0.8071
vn -0.0205 0.3034 -0.9526
vn 0.2719 0.3740 0.8867
vn -0.1194 0.3050 -0.9449
vn -0.0335 0.3338 -0.9420
vn 0.5552 0.2622 0.7893
vn -0.1769 0.3364 -0.9249
vn 0.4366 0.8978 -0.0576
vn -0.0442 0.7964 -0.6031
vn -0.1427 0.7747 -0.6161
vn -0.3059 0.9235 -0.2315
vn -0.1968 0.9768 -0.0846
vn -0.3498 0.8180 -0.4566
vn -0.4456 0.6656 -0.5987
vn 0.4462 0.7934 -0.4140
vn -0.0189 0.8824 0.4700
vn 0.4223 0.7867 0.4503
vn 0.4024 0.9143 0.0456
vn -0.2356 0.9480 -0.2139
vn -0.6150 0.7321 0.2929
vn -0.0660 0.9832 0.1701
vn 0.0397 0.9936 -0.1061
vn -0.5764 0.8172 -0.0059
vn -0.0640 0.8777 0.4749
vn -0.0824 0.8849 0.4584
vn -0.5511 0.7243 -0.4144
vn -0.3243 0.9151 -0.2396
vn -0.4530 0.7405 -0.4965
vn -0.6125 0.5385 -0.5787
vn -0.4052 0.8562 0.3205
vn -0.2303 0.8610 0.4534
vn -0.3599 0.7908 0.4951
vn -0.3021 0.7776 0.5514
vn 0.3467 0.9354 0.0693
vn 0.4080 0.9074 0.1006
vn -0.2248 0.9559 0.1890
vn -0.2496 0.9513 0.1808
vn -0.1262 0.9019 -0.4131
vn -0.0373 0.9803 -0.1942
vn -0.1611 0.7761 -0.6097
vn 0.4822 0.7876 0.3837
vn 0.4524 0.8871 0.0916
vn 0.1909 0.9703 0.1485
vn 0.0837 0.9390 -0.3335
vn -0.2684 0.5744 -0.7733
vn -0.3104 0.6192 -0.7213
vn 0.4338 0.9010 0.0030
vn 0.2892 0.9534 0.0858
vn 0.3996 0.7852 -0.4731
vn -0.0857 0.9962 0.0122
vn -0.0990 0.9950 0.0161
vn 0.0773 0.9235 -0.3758
vn 0.0391 0.9895 -0.1393
vn -0.0741 0.9926 0.0963
vn -0.0919 0.9931 0.0723
vn -0.0431 0.8784 -0.4759
vn -0.0610 0.8695 -0.4902
vn -0.1556 0.9789 0.1321
vn -0.4671 0.8737 0.1356
vn 0.5371 0.7930 0.2877
vn 0.5226 0.8383 0.1553
vn 0.4060 0.8880 -0.2160
vn 0.4380 0.8464 -0.3031
vn 0.5698 0.8009 -0.1840
vn 0.6064 0.7186 -0.3404
vn 0.4734 0.8617 0.1827
vn 0.4889 0.8526 0.1844
vn -0.5579 0.8111 0.1759
vn -0.5592 0.8037 0.2037
vn -0.3828 0.8856 0.2628
vn 0.0556 0.9914 0.1188
vn 0.0990 0.9898 -0.1025
vn -0.2296 0.9730 0.0243
vn -0.4599 0.8111 0.3615
vn -0.2889 0.8341 0.4698
vn 0.0218 0.9432 0.3315
vn -0.0068 0.9655 0.2603
vn -0.1961 0.6786 -0.7079
vn -0.1654 0.8227 -0.5438
vn 0.0018 0.8453 -0.5343
vn 0.0249 0.9973 0.0691
vn 0.2313 0.9725 -0.0286
vn 0.3665 0.9240 -0.1088
vn 0.0896 0.9959 0.0090
vn -0.0466 0.9370 0.3461
vn 0.0730 0.9460 0.3157
vn 0.1109 0.9326 0.3435
vn -0.0517 0.9391 0.3398
vn 0.1010 0.7676 -0.6329
vn 0.4553 0.6985 -0.5521
vn 0.1963 0.9787 -0.0603
vn 0.5472 0.8368 -0.0170
vn 0.4821 0.8754 -0.0349
vn 0.1795 0.9754 -0.1278
vn -0.0993 0.8728 0.4779
vn -0.0544 0.8658 0.4974
vn -0.0434 0.8927 -0.4485
vn -0.1046 0.8971 -0.4293
vn 0.0145 0.8634 0.5043
vn 0.0204 0.8611 0.5080
vn 0.0255 0.8738 -0.4856
vn 0.0253 0.8747 -0.4841
vn 0.4645 0.8424 0.2731
vn -0.0951 0.8651 0.4924
vn -0.0630 0.8665 0.4951
vn 0.2927 0.9560 -0.0195
vn 0.1935 0.9776 -0.0831
vn 0.4580 0.8844 0.0905
vn 0.4401 0.8912 0.1097
vn 0.3531 0.7911 0.4995
vn 0.3302 0.9439 0.0003
vn 0.3235 0.9454 -0.0385
vn 0.3577 0.9190 0.1659
vn 0.3549 0.9232 0.1474
vn 0.2536 0.8977 -0.3603
vn -0.1867 0.7134 0.6754
vn -0.4283 0.6446 0.6332
vn -0.1625 0.5853 0.7944
vn -0.0143 0.8583 0.5130
vn -0.0556 0.8716 0.4871
vn -0.3107 0.8240 0.4737
vn 0.4929 0.7781 0.3892
vn 0.7441 0.6653 -0.0609
vn 0.7004 0.7116 0.0550
vn 0.1153 0.9569 0.2667
vn 0.1343 0.8436 0.5200
vn 0.0139 0.9910 -0.1333
vn 0.0407 0.9991 -0.0130
vn -0.0549 0.8383 0.5424
vn -0.1727 0.8273 0.5346
vn -0.2049 0.9743 0.0937
vn -0.1329 0.9909 0.0235
vn 0.4922 0.8700 -0.0309
vn 0.4971 0.8643 -0.0761
vn 0.4710 0.8797 0.0648
vn 0.4778 0.8780 0.0285
vn -0.8943 0.4297 -0.1246
vn -0.6003 0.7946 -0.0911
vn -0.6115 0.7830 0.1143
vn -0.8989 0.4192 0.1272
vn -0.1856 0.8324 -0.5222
vn -0.4046 0.7644 -0.5020
vn -0.2812 0.9555 -0.0892
vn -0.0019 0.9977 -0.0674
vn -0.0579 0.8201 -0.5694
vn -0.2646 0.7892 -0.5542
vn 0.5785 0.8155 0.0147
vn 0.2219 0.9721 -0.0754
vn 0.3414 0.7898 -0.5095
vn 0.5678 0.6703 -0.4777
vn -0.2069 0.9028 0.3770
vn -0.4027 0.8948 0.1927
vn -0.1517 0.9464 -0.2851
vn -0.1370 0.9816 -0.1333
vn 0.1599 0.9115 0.3789
vn -0.0106 0.8861 0.4634
vn 0.0897 0.9279 -0.3620
vn 0.0450 0.9604 -0.2751
vn 0.3905 0.8634 0.3194
vn 0.4242 0.8508 0.3100
vn 0.4018 0.7103 -0.5780
vn 0.5075 0.7273 -0.4621
vn 0.4972 0.8026 0.3297
vn 0.4651 0.8787 -0.1072
vn -0.5074 0.8562 -0.0975
vn -0.5720 0.8203 -0.0065
vn -0.6256 0.6812 -0.3802
vn -0.4920 0.7105 -0.5032
vn 0.1041 0.9341 0.3414
vn 0.1706 0.8907 0.4214
vn 0.2100 0.9656 -0.1536
vn -0.0313 0.9923 -0.1199
vn 0.4506 0.8921 0.0341
vn 0.4504 0.8921 0.0361
vn 0.3597 0.7919 -0.4934
vn -0.7194 0.6654 -0.1994
vn -0.4889 0.5722 -0.6584
vn -0.0941 0.8761 -0.4728
vn -0.2165 0.9179 -0.3325
vn -0.0550 0.9985 0.0045
vn -0.0517 0.9986 0.0094
vn -0.0952 0.8730 -0.4784
vn -0.0512 0.8616 -0.5049
vn -0.0328 0.7926 -0.6088
vn 0.0713 0.8009 -0.5946
vn 0.5566 0.8086 0.1904
vn 0.4903 0.8569 0.1592
vn -0.8390 0.3615 0.4068
vn -0.7844 0.4923 0.3773
vn 0.3122 0.9349 0.1687
vn 0.4418 0.8857 -0.1429
vn 0.0158 0.8605 0.5092
vn 0.2140 0.8107 0.5450
vn 0.1187 0.9867 0.1113
vn -0.0926 0.9902 -0.1048
vn 0.4374 0.8078 0.3952
vn -0.2640 0.7938 0.5480
vn -0.1594 0.8706 0.4655
vn 0.0417 0.9898 -0.1361
vn -0.0430 0.9775 0.2066
vn 0.1697 0.5257 -0.8336
vn 0.3121 0.3917 -0.8655
vn -0.0871 0.9677 -0.2367
vn 0.0862 0.9702 -0.2265
vn 0.0473 0.7973 -0.6017
vn 0.0029 0.8274 -0.5617
vn 0.0992 0.8375 -0.5374
vn 0.0968 0.8435 -0.5284
vn 0.4679 0.7668 -0.4394
vn -0.1313 0.7983 -0.5878
vn 0.2434 0.9689 -0.0445
vn 0.4556 0.8862 0.0837
vn 0.3226 0.7463 -0.5822
vn 0.0810 0.7764 -0.6250
vn -0.1173 0.9930 -0.0122
vn -0.1222 0.9842 -0.1281
vn -0.0227 0.8552 -0.5178
vn -0.0340 0.8742 -0.4843
vn -0.2432 0.9220 0.3014
vn -0.2474 0.8939 0.3739
vn 0.1642 0.9391 0.3020
vn -0.1670 0.9488 0.2683
vn -0.4359 0.7811 -0.4471
vn -0.3965 0.8226 -0.4075
vn -0.3921 0.5043 -0.7694
vn -0.4496 0.4801 -0.7532
vn -0.3143 0.8685 -0.3833
vn -0.2428 0.8964 -0.3709
vn -0.1866 0.5848 -0.7895
vn -0.2787 0.5489 -0.7881
vn -0.5833 0.7041 -0.4049
vn -0.3235 0.8196 -0.4728
vn -0.3236 0.5639 -0.7598
vn -0.4474 0.6407 -0.6240
vn 0.6267 0.6433 -0.4397
vn 0.6155 0.4244 -0.6642
vn 0.1169 0.7978 -0.5915
vn 0.1395 0.6713 -0.7279
vn -0.3122 0.9439 -0.1076
vn -0.2988 0.9192 -0.2565
vn -0.1086 0.9085 -0.4035
vn -0.1070 0.9836 -0.1453
vn -0.1053 0.9318 -0.3474
vn 0.1738 0.8858 -0.4302
vn 0.2722 0.6471 -0.7121
vn 0.0236 0.7978 -0.6024
vn -0.5231 0.7839 0.3346
vn 0.0875 0.8917 0.4442
vn 0.1703 0.9329 0.3172
vn 0.0180 0.8598 0.5103
vn 0.0155 0.8598 0.5104
vn -0.1394 0.9352 -0.3256
vn -0.0248 0.8880 -0.4592
vn -0.2097 0.8173 -0.5367
vn 0.0005 0.8736 -0.4866
vn -0.2496 0.8190 -0.5166
vn -0.1392 0.8357 -0.5313
vn 0.3443 0.8006 -0.4903
vn -0.8391 0.4526 0.3018
vn -0.5835 0.7643 0.2746
vn -0.3241 0.9384 0.1198
vn -0.7661 0.5478 0.3361
vn -0.7796 0.6260 0.0162
vn -0.7168 0.6672 0.2027
vn -0.8815 0.4239 0.2081
vn 0.1646 0.9864 -0.0021
vn 0.2237 0.9656 0.1328
vn -0.6607 0.7024 0.2647
vn 0.1184 0.9924 -0.0333
vn 0.2796 0.8604 -0.4261
vn -0.5218 0.7926 -0.3156
vn -0.5638 0.8204 0.0953
vn 0.0321 0.9882 0.1501
vn -0.0329 0.9992 -0.0206
vn -0.5730 0.8194 -0.0151
vn -0.4259 0.6753 0.6021
vn 0.4047 0.5934 0.6958
vn 0.2047 0.8422 0.4988
vn -0.4965 0.7940 0.3508
vn 0.6553 0.5529 0.5147
vn -0.2506 0.7374 -0.6272
vn -0.5630 0.8227 -0.0783
vn -0.0652 0.9935 -0.0929
vn -0.1791 0.9454 -0.2723
vn -0.5843 0.7528 -0.3032
vn 0.2051 0.9741 0.0954
vn 0.4883 0.7677 0.4149
vn 0.1929 0.9812 -0.0049
vn -0.0079 0.9885 -0.1507
vn -0.1720 0.9786 -0.1129
vn -0.0611 0.9981 -0.0011
vn -0.0551 0.8607 -0.5061
vn -0.2614 0.7959 -0.5460
vn -0.0409 0.8725 0.4869
vn -0.0116 0.8904 0.4550
vn -0.0499 0.8682 0.4938
vn -0.0420 0.8677 0.4954
vn -0.4366 0.7967 -0.4179
vn -0.5595 0.8039 0.2018
vn -0.0396 0.8045 0.5926
vn 0.0952 0.9417 0.3226
vn -0.0553 0.9748 0.2160
vn 0.1927 0.8192 0.5402
vn -0.0449 0.8710 0.4892
vn 0.1278 0.9289 -0.3475
vn 0.4860 0.8380 -0.2480
vn 0.3339 0.9389 -0.0836
vn -0.0154 0.9254 -0.3787
vn 0.4824 0.8626 -0.1523
vn 0.5922 0.8039 -0.0554
vn 0.2693 0.9244 -0.2700
vn -0.2555 0.7660 -0.5899
vn -0.2672 0.8878 -0.3748
vn 0.0620 0.9936 -0.0944
vn -0.1669 0.9497 -0.2651
vn -0.4884 0.7827 -0.3857
vn 0.4866 0.8715 0.0608
vn 0.4329 0.8857 -0.1676
vn -0.4779 0.8588 -0.1844
vn -0.1935 0.8093 0.5545
vn 0.0188 0.8571 0.5148
vn -0.0290 0.8894 -0.4562
vn -0.1110 0.9133 -0.3919
vn -0.5361 0.8439 0.0207
vn -0.1111 0.9931 0.0386
vn -0.1122 0.9921 0.0554
vn -0.5442 0.8377 0.0468
vn -0.4319 0.8008 0.4149
vn -0.0670 0.8582 0.5089
vn -0.0961 0.9936 0.0587
vn -0.5202 0.8534 0.0321
vn 0.3866 0.8075 0.4456
vn 0.4527 0.8894 0.0635
vn -0.4962 0.8662 0.0589
vn -0.2035 0.9638 0.1723
vn -0.3871 0.9119 -0.1362
vn -0.6290 0.7446 -0.2235
vn -0.2876 0.9195 0.2681
vn 0.3735 0.8552 0.3593
vn 0.0984 0.9067 0.4101
vn -0.4082 0.8925 0.1918
vn -0.1263 0.9793 -0.1580
vn -0.3392 0.9265 -0.1628
vn -0.3013 0.7748 -0.5558
vn -0.0394 0.8315 -0.5541
vn -0.3264 0.8870 0.3267
vn -0.1043 0.9211 0.3750
vn -0.5469 0.8050 0.2299
vn -0.5416 0.8283 0.1433
vn -0.5511 0.8125 0.1902
vn 0.3792 0.8664 0.3250
vn 0.2561 0.8925 0.3713
vn 0.0049 0.9156 -0.4020
vn 0.2508 0.7765 -0.5780
vn 0.2398 0.8829 0.4037
vn 0.3165 0.8802 0.3538
vn 0.4584 0.8347 -0.3050
vn 0.3318 0.9236 -0.1923
vn 0.3368 0.7225 -0.6038
vn 0.4919 0.6258 -0.6053
vn -0.0658 0.9976 0.0235
vn 0.1158 0.9767 0.1807
vn -0.0505 0.9561 -0.2887
vn -0.1785 0.9160 -0.3593
vn 0.2449 0.7914 0.5601
vn 0.0286 0.8462 0.5321
vn -0.4410 0.8290 0.3441
vn -0.4982 0.8637 -0.0757
vn 0.3709 0.9283 -0.0275
vn 0.6296 0.7767 0.0182
vn 0.4919 0.7005 -0.5170
vn 0.2309 0.7952 -0.5607
vn 0.5640 0.6514 0.5076
vn 0.3762 0.7613 0.5281
vn 0.1298 0.8996 0.4170
vn 0.4583 0.7473 0.4811
vn -0.4675 0.8839 -0.0148
vn -0.4072 0.9072 -0.1059
vn -0.3374 0.7714 -0.5395
vn -0.2359 0.8435 -0.4825
vn -0.3752 0.8213 0.4297
vn -0.4971 0.7526 0.4318
vn 0.0478 0.8523 0.5208
vn -0.2299 0.8480 0.4776
vn -0.5503 0.8011 -0.2352
vn 0.0730 0.9488 -0.3073
vn 0.0043 0.8732 -0.4873
vn -0.5393 0.6866 -0.4876
vn -0.5367 0.6976 -0.4748
vn 0.1050 0.9933 -0.0474
vn -0.3646 0.9228 -0.1244
vn -0.7721 0.5043 -0.3868
vn 0.3235 0.9461 -0.0162
vn 0.3128 0.9461 0.0838
vn 0.4387 0.8848 0.1570
vn 0.5431 0.8391 0.0306
vn 0.5579 0.8227 -0.1090
vn 0.3826 0.9073 0.1747
vn 0.4751 0.8651 0.1610
vn -0.5606 0.8250 0.0709
vn -0.0582 0.9959 0.0687
vn -0.0450 0.9984 0.0334
vn -0.5650 0.8244 0.0334
vn -0.5350 0.8413 -0.0776
vn 0.0717 0.9974 0.0122
vn -0.0400 0.9932 0.1094
vn -0.5523 0.8302 0.0757
vn 0.5831 0.7960 0.1622
vn 0.4818 0.8621 0.1572
vn -0.5530 0.8330 -0.0179
vn -0.0272 0.9993 -0.0241
vn -0.0254 0.9965 -0.0802
vn -0.5486 0.8333 -0.0676
vn -0.5628 0.8262 0.0266
vn -0.0368 0.9988 0.0324
vn -0.0318 0.9993 0.0173
vn -0.5583 0.8295 0.0147
vn 0.4808 0.8765 0.0224
vn 0.4856 0.8742 0.0054
vn -0.0176 0.8401 0.5422
vn 0.0461 0.8514 0.5225
vn 0.0022 0.9935 -0.1134
vn -0.0381 0.9829 -0.1804
vn -0.6789 0.7022 0.2147
vn -0.2545 0.9621 0.0983
vn -0.1732 0.9734 0.1499
vn -0.4106 0.8288 0.3803
vn -0.6265 0.6583 -0.4172
vn 0.0085 0.9087 -0.4174
vn -0.1382 0.9748 -0.1749
vn -0.7232 0.6589 -0.2072
vn 0.6484 0.7242 -0.2347
vn 0.4850 0.8517 0.1985
vn -0.3196 0.9128 -0.2541
vn 0.3107 0.9484 -0.0632
vn 0.2286 0.9679 -0.1044
vn -0.4587 0.8563 -0.2375
vn -0.1779 0.9406 0.2891
vn 0.0595 0.9961 0.0651
vn 0.2629 0.9648 -0.0033
vn -0.1634 0.9866 -0.0038
vn 0.3091 0.9117 -0.2706
vn 0.2578 0.7459 -0.6141
vn 0.6326 0.7232 -0.2771
vn 0.1127 0.8087 0.5773
vn 0.2096 0.9088 0.3608
vn 0.0223 0.9801 0.1975
vn -0.1609 0.9827 -0.0922
vn 0.0822 0.9966 -0.0111
vn 0.0900 0.8370 -0.5397
vn -0.2228 0.8033 -0.5524
vn 0.5340 0.8454 -0.0123
vn 0.4591 0.7537 -0.4703
vn -0.1227 0.8985 0.4214
vn -0.4980 0.8214 0.2782
vn 0.0310 0.6243 0.7806
vn 0.0467 0.7171 0.6954
vn 0.2160 0.7967 0.5644
vn -0.1037 0.9894 -0.1015
vn 0.0041 0.9903 -0.1386
vn 0.1141 0.8901 -0.4412
vn -0.1745 0.8912 -0.4186
vn 0.0854 0.9878 0.1300
vn 0.0818 0.9313 0.3548
vn -0.0677 0.9973 -0.0272
vn -0.0541 0.9976 -0.0426
vn -0.1818 0.9079 0.3777
vn -0.2072 0.9477 0.2429
vn 0.0191 0.9384 -0.3450
vn 0.0010 0.9918 -0.1276
vn -0.1189 0.9921 -0.0401
vn -0.1190 0.9919 -0.0445
vn -0.0921 0.8466 -0.5241
vn -0.0895 0.8487 -0.5213
vn -0.1057 0.9933 -0.0476
vn -0.0854 0.9951 -0.0497
vn -0.0709 0.8464 -0.5277
vn -0.0845 0.8462 -0.5261
vn -0.4338 0.8131 0.3881
vn -0.1010 0.8925 0.4396
vn -0.0376 0.8601 -0.5088
vn -0.4246 0.7996 -0.4247
vn -0.2340 0.9279 0.2903
vn -0.2098 0.9752 0.0703
vn -0.0766 0.8521 -0.5178
vn -0.0572 0.8562 -0.5134
vn -0.0695 0.9962 -0.0517
vn 0.1815 0.9824 -0.0447
vn 0.1666 0.7978 -0.5794
vn -0.0594 0.8456 -0.5305
vn 0.6045 0.7960 -0.0298
vn -0.6143 0.7879 0.0427
vn -0.2804 0.9513 0.1283
vn -0.3157 0.9387 0.1382
vn -0.6370 0.7656 0.0899
vn -0.5306 0.8475 0.0175
vn -0.1313 0.9860 0.1028
vn -0.2088 0.9743 0.0852
vn -0.5747 0.8184 -0.0066
vn 0.4063 0.9008 0.1534
vn 0.3800 0.9130 0.1486
vn -0.5872 0.8063 0.0714
vn -0.2710 0.9625 0.0090
vn -0.2081 0.9780 -0.0138
vn -0.5411 0.8386 0.0626
vn -0.6382 0.7647 0.0896
vn -0.3194 0.9430 0.0932
vn -0.3056 0.9511 0.0448
vn -0.6215 0.7795 0.0783
vn 0.3553 0.9298 0.0959
vn 0.3450 0.9375 0.0453
vn -0.0603 0.8304 0.5539
vn -0.4265 0.7982 0.4255
vn -0.4429 0.6302 0.6377
vn 0.5612 0.5981 0.5721
vn 0.5324 0.5435 0.6490
vn -0.4016 0.6036 0.6887
vn -0.4128 0.6915 0.5928
vn 0.4391 0.6721 0.5962
vn 0.5308 0.6815 0.5039
vn -0.4777 0.7001 0.5307
vn -0.5156 0.8552 0.0524
vn -0.0302 0.9968 0.0741
vn -0.0383 0.9949 0.0932
vn -0.5149 0.8536 0.0793
vn -0.4269 0.7957 0.4297
vn -0.0181 0.8557 0.5172
vn -0.0236 0.9981 0.0567
vn -0.5111 0.8586 0.0391
vn 0.3912 0.8079 0.4407
vn 0.4703 0.8800 0.0658
vn -0.5346 0.8185 -0.2105
vn -0.7160 0.6753 -0.1772
vn -0.5227 0.8521 -0.0281
vn -0.1163 0.9923 0.0417
vn -0.3078 0.9466 -0.0961
vn 0.4252 0.8970 0.1210
vn 0.3906 0.9162 0.0890
vn 0.0192 0.9332 -0.3588
vn -0.1045 0.8695 -0.4828
vn -0.1784 0.8425 -0.5082
vn -0.2421 0.8234 -0.5133
vn -0.5547 0.8052 0.2097
vn -0.1552 0.9827 0.1014
vn -0.0449 0.8723 -0.4868
vn -0.4331 0.8052 -0.4051
vn -0.0739 0.9972 -0.0113
vn -0.0008 0.9918 -0.1278
vn 0.1308 0.8311 -0.5405
vn -0.0667 0.8706 -0.4874
vn -0.2494 0.8060 0.5368
vn -0.4788 0.7898 0.3835
vn 0.1189 0.8695 0.4794
vn -0.0749 0.9802 0.1831
vn -0.3829 0.9106 0.1557
vn -0.4691 0.6861 0.5561
vn 0.2974 0.7366 0.6075
vn 0.2997 0.8127 0.4996
vn -0.5383 0.7389 0.4052
vn -0.0292 0.8650 0.5009
vn -0.0039 0.8650 0.5017
vn 0.0109 0.8789 -0.4769
vn -0.0118 0.8853 -0.4649
vn -0.2099 0.8741 0.4381
vn -0.1769 0.8777 0.4453
vn -0.1810 0.8940 -0.4099
vn -0.1458 0.9270 -0.3455
vn 0.8695 0.4922 0.0408
vn 0.8292 0.5525 0.0839
vn 0.8408 0.5180 -0.1572
vn 0.8697 0.4900 -0.0593
vn -0.6933 0.6705 0.2640
vn -0.2611 0.9631 0.0655
vn -0.1081 0.9889 -0.1020
vn -0.5368 0.8398 0.0813
vn -0.5144 0.8572 -0.0236
vn -0.4631 0.8812 0.0945
vn 0.1511 0.9872 -0.0511
vn 0.4852 0.8656 -0.1234
vn 0.5527 0.8308 -0.0653
vn 0.1859 0.9812 -0.0508
vn -0.0659 0.7733 -0.6306
vn 0.0414 0.7663 -0.6411
vn -0.3281 0.9444 0.0210
vn -0.0208 0.9864 -0.1628
vn 0.0433 0.9703 -0.2381
vn -0.1398 0.9792 -0.1471
vn 0.1578 0.9676 -0.1969
vn 0.4439 0.8745 -0.1953
vn 0.4952 0.8128 -0.3067
vn 0.1454 0.9569 -0.2514
vn 0.1258 0.9641 0.2339
vn 0.5651 0.8126 0.1425
vn 0.6418 0.7665 0.0243
vn 0.2981 0.9286 0.2209
vn 0.0470 0.8344 0.5492
vn 0.4621 0.7485 0.4756
vn 0.5408 0.8396 0.0514
vn 0.0641 0.9942 0.0865
vn -0.5619 0.7927 0.2364
vn -0.5353 0.7618 0.3650
vn -0.5411 0.7943 0.2762
vn -0.2074 0.7992 0.5642
vn -0.0116 0.8399 0.5426
vn 0.0081 0.9912 0.1324
vn -0.1313 0.9600 0.2474
vn -0.4444 0.8927 -0.0750
vn -0.5218 0.8528 -0.0185
vn -0.7955 0.4565 0.3984
vn -0.3696 0.8632 0.3439
vn -0.3318 0.9405 0.0735
vn -0.7469 0.6644 0.0278
vn -0.0390 0.9754 0.2170
vn 0.1045 0.9717 0.2120
vn 0.1311 0.9882 0.0786
vn -0.0129 0.9921 0.1248
vn -0.2815 0.7565 -0.5903
vn -0.3013 0.7716 -0.5603
vn -0.1866 0.9808 -0.0558
vn -0.3167 0.9406 0.1224
vn -0.3840 0.9233 -0.0058
vn -0.3106 0.9426 -0.1230
vn -0.2484 0.9526 0.1754
vn -0.2353 0.9691 0.0737
vn -0.1141 0.9931 0.0263
vn -0.2384 0.9698 0.0513
vn -0.1732 0.9199 -0.3519
vn -0.0707 0.9402 -0.3331
vn -0.0101 0.6617 -0.7497
vn -0.1027 0.6152 -0.7816
vn 0.0565 0.9509 -0.3042
vn 0.0431 0.9732 -0.2259
vn -0.1022 0.9204 -0.3774
vn 0.0128 0.7642 -0.6449
vn -0.1142 0.9665 0.2298
vn -0.1854 0.9609 0.2055
vn 0.3350 0.9187 0.2091
vn 0.4641 0.8421 0.2747
vn -0.1296 0.9223 0.3640
vn 0.3990 0.8901 0.2203
vn 0.5067 0.8604 0.0545
vn 0.0846 0.9671 0.2398
vn -0.5567 0.7290 0.3983
vn -0.5147 0.8068 0.2902
vn -0.4681 0.8610 0.1992
vn -0.4411 0.8097 0.3871
vn -0.5628 0.7129 0.4183
vn -0.0901 0.9113 0.4017
vn 0.0252 0.9693 0.2445
vn -0.4978 0.8273 0.2603
vn -0.4388 0.8985 0.0163
vn 0.3762 0.9260 0.0328
vn 0.3904 0.9173 0.0789
vn -0.4587 0.8886 0.0063
vn -0.5198 0.8269 0.2144
vn -0.0550 0.9981 0.0278
vn 0.2335 0.9701 -0.0667
vn -0.4485 0.8884 0.0983
vn 0.4927 0.8601 -0.1320
vn -0.5973 0.7521 0.2786
vn -0.6080 0.7855 0.1158
vn -0.1363 0.9752 0.1743
vn -0.1607 0.9588 0.2343
vn -0.6397 0.7432 0.1958
vn -0.5377 0.8431 0.0035
vn -0.0328 0.9992 0.0217
vn -0.0850 0.9933 0.0782
vn -0.5680 0.8221 0.0401
vn 0.5010 0.8623 0.0741
vn 0.4815 0.8688 0.1151
vn -0.6067 0.7947 -0.0184
vn -0.0117 0.9956 -0.0924
vn 0.0356 0.9365 -0.3489
vn -0.5844 0.7538 -0.3003
vn -0.6443 0.7285 0.2328
vn -0.1381 0.9658 0.2193
vn -0.0811 0.9898 0.1173
vn -0.6292 0.7572 0.1753
vn 0.5207 0.8453 0.1200
vn 0.5516 0.8341 0.0021
vn -0.4294 0.8976 -0.0999
vn 0.0698 0.9859 -0.1523
vn 0.1399 0.9594 -0.2450
vn -0.4218 0.8840 -0.2015
vn -0.4951 0.8671 0.0540
vn -0.1211 0.9925 -0.0195
vn -0.0224 0.9988 -0.0446
vn -0.4579 0.8889 0.0162
vn 0.3389 0.9384 -0.0680
vn 0.3716 0.9216 -0.1122
vn -0.4788 0.8639 0.1562
vn 0.0946 0.9655 0.2424
vn 0.0230 0.9960 0.0866
vn -0.5109 0.8585 0.0449
vn -0.4495 0.8910 -0.0632
vn 0.1858 0.9809 -0.0581
vn 0.1653 0.9575 0.2364
vn -0.4594 0.8732 0.1627
vn 0.5127 0.8491 -0.1271
vn 0.5511 0.8058 0.2165
vn -0.1007 0.9943 0.0341
vn -0.0848 0.9939 0.0699
vn -0.0826 0.8571 -0.5086
vn -0.0484 0.8656 -0.4984
vn -0.0530 0.8480 0.5273
vn -0.0580 0.8570 0.5120
vn -0.1894 0.8663 0.4622
vn -0.1008 0.8487 0.5191
vn -0.0558 0.9984 0.0124
vn -0.0688 0.9976 0.0128
vn -0.1774 0.9760 -0.1265
vn -0.2167 0.9145 -0.3417
vn -0.0616 0.8730 0.4839
vn -0.0529 0.8716 0.4873
vn -0.0717 0.8658 0.4953
vn -0.0721 0.8710 0.4859
vn -0.4410 0.7668 -0.4664
vn -0.3818 0.9013 -0.2044
vn -0.5031 0.8566 -0.1146
vn 0.2873 0.9311 -0.2246
vn 0.4457 0.8859 -0.1284
vn -0.5475 0.8268 -0.1290
vn -0.0321 0.9892 -0.1429
vn -0.0488 0.8002 -0.5978
vn -0.4728 0.7193 -0.5090
vn 0.4977 0.8586 -0.1232
vn 0.4096 0.7564 -0.5100
vn -0.6108 0.7812 -0.1291
vn -0.1427 0.9875 -0.0674
vn -0.2408 0.9510 -0.1941
vn -0.6853 0.6794 -0.2623
vn -0.5477 0.8341 0.0652
vn -0.1015 0.9915 0.0818
vn -0.1030 0.9930 0.0582
vn -0.5627 0.8266 0.0144
vn 0.4509 0.8909 0.0549
vn 0.4539 0.8902 0.0386
vn -0.5680 0.5589 -0.6041
vn -0.2626 0.5954 -0.7593
vn -0.7392 0.6012 -0.3036
vn -0.3650 0.8814 -0.2998
vn -0.4033 0.7942 -0.4546
vn -0.7291 0.6026 -0.3245
vn -0.0722 0.9957 -0.0583
vn -0.0118 0.9485 0.3166
vn -0.2917 0.9149 -0.2792
vn -0.2997 0.8600 -0.4129
vn 0.0970 0.9923 -0.0774
vn 0.1222 0.9901 -0.0687
vn 0.0574 0.8446 -0.5323
vn 0.0784 0.8269 -0.5569
vn 0.0989 0.8602 0.5003
vn 0.1372 0.8711 0.4716
vn 0.4515 0.7713 0.4486
vn 0.1237 0.8799 0.4588
vn 0.1791 0.8916 0.4159
vn -0.2510 0.7274 -0.6387
vn -0.1266 0.8253 -0.5503
vn -0.1091 0.8814 0.4596
vn -0.0313 0.8684 0.4949
vn -0.0423 0.9968 -0.0682
vn -0.2101 0.9659 -0.1511
vn 0.2466 0.7943 0.5552
vn 0.2414 0.9168 0.3182
vn 0.1544 0.9847 0.0802
vn -0.2646 0.9487 0.1731
vn -0.2547 0.9555 0.1485
vn -0.5396 0.8068 0.2406
vn -0.3179 0.9181 0.2368
vn -0.6309 0.6784 0.3766
vn -0.6159 0.7050 0.3516
vn -0.6715 0.7371 0.0758
vn 0.2082 0.9120 0.3535
vn 0.2886 0.9572 -0.0201
vn -0.1488 0.9456 0.2891
vn 0.4172 0.8560 0.3054
vn 0.4355 0.8372 0.3310
vn -0.1903 0.9346 0.3006
vn -0.3861 0.9050 0.1788
vn 0.3815 0.9153 0.1292
vn 0.3928 0.8918 0.2247
vn -0.2165 0.9371 0.2740
vn 0.5747 0.8163 0.0584
vn 0.6004 0.7854 -0.1507
vn 0.5114 0.8219 0.2509
vn 0.5444 0.8206 0.1739
vn -0.2578 0.8014 0.5397
vn -0.1255 0.8835 0.4513
vn 0.6961 0.7058 -0.1314
vn 0.7735 0.6036 -0.1935
vn 0.5012 0.8634 0.0573
vn 0.6032 0.7970 -0.0296
vn 0.7883 0.5971 -0.1489
vn -0.1448 0.8642 0.4819
vn -0.1236 0.8646 0.4870
vn -0.0944 0.9642 0.2477
vn -0.0743 0.9190 0.3871
vn -0.1540 0.8911 -0.4268
vn -0.1116 0.8874 -0.4473
vn -0.1438 0.8727 0.4666
vn -0.2393 0.8735 0.4239
vn -0.3512 0.9177 -0.1859
vn -0.2216 0.9076 -0.3566
vn -0.6388 0.5790 -0.5066
vn -0.6177 0.6443 -0.4509
vn -0.3025 0.8873 -0.3483
vn -0.5258 0.6774 -0.5144
vn -0.1745 0.9747 -0.1396
vn -0.0639 0.9977 -0.0226
vn -0.1621 0.9789 -0.1241
vn -0.3687 0.8778 -0.3059
vn -0.1030 0.8916 0.4409
vn -0.1164 0.8946 0.4315
vn -0.0178 0.7131 -0.7009
vn -0.1463 0.7790 -0.6097
vn -0.2973 0.8470 -0.4408
vn -0.3618 0.8959 -0.2577
vn -0.8258 0.4463 0.3449
vn -0.4771 0.8237 0.3065
vn -0.2572 0.9010 0.3493
vn -0.7131 0.5429 0.4436
vn -0.3905 0.8055 -0.4457
vn -0.0695 0.8299 -0.5536
vn 0.0060 0.7787 -0.6274
vn -0.1216 0.9006 0.4172
vn -0.1271 0.9096 0.3955
vn -0.2620 0.8337 -0.4862
vn -0.0019 0.8693 -0.4943
vn 0.2214 0.8665 -0.4475
vn -0.4007 0.7143 -0.5737
vn 0.0092 0.7984 -0.6021
vn 0.2295 0.7634 -0.6038
vn -0.1825 0.8199 -0.5427
vn 0.0278 0.8561 0.5161
vn 0.0411 0.8558 0.5157
vn -0.0667 0.9926 -0.1017
vn -0.1338 0.9346 -0.3297
vn 0.4430 0.7853 0.4325
vn 0.5297 0.8481 0.0149
vn -0.4649 0.8236 -0.3248
vn -0.3439 0.8692 -0.3553
vn -0.3651 0.5984 -0.7132
vn -0.2783 0.6138 -0.7388
vn -0.1913 0.8607 0.4718
vn -0.4452 0.7606 0.4726
vn -0.0491 0.8484 0.5271
vn -0.1163 0.8546 0.5061
vn 0.1806 0.7979 -0.5751
vn 0.1384 0.8052 -0.5767
vn 0.4087 0.5703 0.7125
vn 0.0595 0.5197 0.8523
vn 0.1607 0.9321 0.3246
vn 0.3091 0.9322 0.1884
vn -0.3944 0.5683 0.7222
vn -0.5507 0.7572 0.3513
vn -0.2941 0.9550 0.0375
vn -0.1695 0.9510 0.2585
vn 0.0141 0.8780 -0.4784
vn 0.0395 0.8800 -0.4734
vn 0.4357 0.8089 -0.3948
vn -0.5205 0.7783 0.3512
vn -0.0690 0.9848 0.1591
vn 0.2517 0.9643 0.0826
vn -0.3385 0.8770 0.3409
vn -0.4928 0.8557 0.1576
vn -0.3667 0.8968 0.2475
vn 0.2300 0.9727 0.0318
vn 0.3495 0.9325 0.0908
vt 0.086907 0.756842
vt 0.311786 0.756842
vt 0.311786 0.981720
vt 0.086907 0.981720
vt 0.338726 0.977751
vt 0.123518 0.978865
vt 0.122404 0.763656
vt 0.337612 0.762542
vt 0.263945 0.962650
vt 0.060837 0.982674
vt 0.040813 0.779566
vt 0.243921 0.759542
vt 0.164965 0.773025
vt 0.377302 0.753200
vt 0.397127 0.965537
vt 0.184790 0.985362
vt 0.752811 0.002089
vt 0.996126 0.002089
vt 0.996126 0.200103
vt 0.752811 0.200103
vt 0.969404 0.180324
vt 0.777607 0.177957
vt 0.779533 0.021869
vt 0.971330 0.024236
vt 0.955628 0.153151
vt 0.807011 0.169988
vt 0.793309 0.049042
vt 0.941926 0.032205
vt 0.770710 0.036340
vt 0.958953 0.012657
vt 0.978227 0.165853
vt 0.789984 0.189535
s 1
f 3364/1/1 887/2/2 4/3/3 1502/4/4
f 3363/1/5 893/2/6 8/3/7 1498/4/8
f 3362/1/9 894/2/10 9/3/11 1505/4/12
f 3361/1/13 891/2/14 7/3/15 1506/4/16
f 3360/5/17 906/6/18 20/7/19 1494/8/20
f 3359/1/21 903/2/22 16/3/23 1510/4/24
f 3358/1/25 910/2/26 19/3/27 1493/4/28
f 3357/1/29 911/2/30 22/3/31 1513/4/32
f 3356/9/33 913/10/34 13/11/35 1486/12/36
f 3355/1/37 914/2/38 23/3/39 1517/4/40
f 3354/1/41 916/2/42 17/3/43 1490/4/44
f 3353/9/45 917/10/46 24/11/47 1520/12/48
f 3352/1/49 957/2/50 61/3/51 1482/4/52
f 3351/13/53 958/14/54 62/15/55 1524/16/56
f 3350/1/57 932/2/58 38/3/59 1525/4/60
f 3349/1/61 961/2/62 63/3/63 1528/4/64
f 3348/1/65 954/2/66 60/3/67 1529/4/68
f 3347/5/69 964/6/70 32/7/71 1453/8/72
f 3346/5/73 953/6/74 59/7/75 1530/8/76
f 3345/13/77 966/14/78 58/15/79 1479/16/80
f 3344/13/81 967/14/82 64/15/83 1533/16/84
f 3343/1/85 938/2/86 44/3/87 1534/4/88
f 3341/1/89 951/2/90 57/3/91 1537/4/92
f 3340/1/93 971/2/94 28/3/95 1449/4/96
f 3339/13/97 972/14/98 65/15/99 1539/16/100
f 3338/1/101 950/2/102 56/3/103 1540/4/104
f 3337/1/105 975/2/106 55/3/107 1476/4/108
f 3336/1/109 976/2/110 66/3/111 1543/4/112
f 3335/1/113 939/2/114 45/3/115 1544/4/116
f 3334/1/117 977/2/118 54/3/119 1475/4/120
f 3333/1/121 978/2/122 67/3/123 1547/4/124
f 3332/1/125 947/2/126 53/3/127 1548/4/128
f 3331/1/129 981/2/130 34/3/131 1455/4/132
f 3329/1/133 946/2/134 52/3/135 1550/4/136
f 3328/1/137 984/2/138 51/3/139 1472/4/140
f 3327/1/141 985/2/142 68/3/143 1553/4/144
f 3326/1/145 936/2/146 42/3/147 1554/4/148
f 3325/1/149 988/2/150 50/3/151 1471/4/152
f 3324/1/153 989/2/154 69/3/155 1557/4/156
f 3323/5/157 943/6/158 49/7/159 1558/8/160
f 3322/9/161 992/10/162 35/11/163 1456/12/164
f 3320/5/165 942/6/166 48/7/167 1560/8/168
f 3319/1/169 994/2/170 47/3/171 1468/4/172
f 3318/13/173 924/14/174 31/15/175 1563/16/176
f 3317/1/177 998/2/178 46/3/179 1467/4/180
f 3316/5/181 999/6/182 71/7/183 1566/8/184
f 3314/9/185 1001/10/186 39/11/187 1460/12/188
f 3313/1/189 1002/2/190 72/3/191 1569/4/192
f 3312/13/193 926/14/194 33/15/195 1570/16/196
f 3311/9/197 1005/10/198 43/11/199 1464/12/200
f 3309/1/201 1128/2/202 194/3/203 1576/4/204
f 3308/1/205 1043/2/206 109/3/207 1577/4/208
f 3307/5/209 1125/6/210 192/7/211 1579/8/212
f 3306/1/213 1133/2/214 92/3/215 1344/4/216
f 3305/1/217 1134/2/218 196/3/219 1582/4/220
f 3304/9/221 1124/10/222 191/11/223 1583/12/224
f 3303/1/225 1137/2/226 190/3/227 1442/4/228
f 3302/1/229 1138/2/230 197/3/231 1586/4/232
f 3301/9/233 1049/10/234 115/11/235 1587/12/236
f 3300/1/237 1141/2/238 189/3/239 1441/4/240
f 3299/1/241 1142/2/242 198/3/243 1590/4/244
f 3298/1/245 1121/2/246 188/3/247 1591/4/248
f 3296/5/249 1147/6/250 199/7/251 1596/8/252
f 3295/1/253 1050/2/254 116/3/255 1597/4/256
f 3294/1/257 1119/2/258 186/3/259 1600/4/260
f 3293/1/261 1118/2/262 185/3/263 1603/4/264
f 3292/13/265 1156/14/266 184/15/267 1436/16/268
f 3291/1/269 1157/2/270 202/3/271 1606/4/272
f 3290/1/273 1047/2/274 113/3/275 1607/4/276
f 3289/9/277 1160/10/278 183/11/279 1435/12/280
f 3288/13/281 1161/14/282 203/15/283 1610/16/284
f 3287/1/285 1116/2/286 182/3/287 1611/4/288
f 3285/1/289 1164/2/290 204/3/291 1614/4/292
f 3284/1/293 1115/2/294 181/3/295 1615/4/296
f 3282/1/297 1065/2/298 131/3/299 1617/4/300
f 3280/9/301 1168/10/302 205/11/303 1620/12/304
f 3279/1/305 1114/2/306 180/3/307 1621/4/308
f 3278/1/309 1171/2/310 84/3/311 1336/4/312
f 3276/9/313 1174/10/314 178/11/315 1430/12/316
f 3275/13/317 1175/14/318 207/15/319 1627/16/320
f 3274/13/321 1066/14/322 132/15/323 1628/16/324
f 3273/5/325 1112/6/326 177/7/327 1629/8/328
f 3272/1/329 1111/2/330 176/3/331 1630/4/332
f 3271/1/333 1179/2/334 175/3/335 1427/4/336
f 3270/1/337 1180/2/338 208/3/339 1633/4/340
f 3269/1/341 1059/2/342 125/3/343 1634/4/344
f 3268/1/345 1183/2/346 174/3/347 1426/4/348
f 3267/5/349 1184/6/350 209/7/351 1637/8/352
f 3266/9/353 1108/10/354 173/11/355 1638/12/356
f 3265/5/357 1187/6/358 97/7/359 1350/8/360
f 3263/1/361 1189/2/362 210/3/363 1643/4/364
f 3262/1/365 1068/2/366 135/3/367 1644/4/368
f 3260/1/369 1193/2/370 211/3/371 1647/4/372
f 3259/5/373 1106/6/374 171/7/375 1648/8/376
f 3258/1/377 1196/2/378 83/3/379 1335/4/380
f 3257/1/381 1197/2/382 212/3/383 1650/4/384
f 3256/9/385 1105/10/386 170/11/387 1651/12/388
f 3255/5/389 1069/6/390 136/7/391 1654/8/392
f 3254/1/393 1203/2/394 168/3/395 1421/4/396
f 3253/13/397 1204/14/398 214/15/399 1657/16/400
f 3252/9/401 1102/10/402 167/11/403 1658/12/404
f 3251/1/405 1207/2/406 100/3/407 1353/4/408
f 3250/1/409 1208/2/410 215/3/411 1661/4/412
f 3249/13/413 1101/14/414 166/15/415 1662/16/416
f 3248/1/417 1211/2/418 165/3/419 1418/4/420
f 3247/1/421 1212/2/422 216/3/423 1665/4/424
f 3246/13/425 1062/14/426 128/15/427 1666/16/428
f 3244/1/429 1216/2/430 217/3/431 1669/4/432
f 3243/1/433 1098/2/434 163/3/435 1670/4/436
f 3242/1/437 1097/2/438 162/3/439 1673/4/440
f 3241/9/441 1222/10/442 161/11/443 1415/12/444
f 3240/1/445 1223/2/446 219/3/447 1676/4/448
f 3239/9/449 1072/10/450 139/11/451 1677/12/452
f 3238/9/453 1226/10/454 160/11/455 1414/12/456
f 3237/1/457 1227/2/458 220/3/459 1679/4/460
f 3236/1/461 1094/2/462 159/3/463 1680/4/464
f 3235/9/465 1230/10/466 76/11/467 1328/12/468
f 3234/1/469 1231/2/470 221/3/471 1683/4/472
f 3233/9/473 1093/10/474 158/11/475 1684/12/476
f 3230/5/477 1236/6/478 156/7/479 1410/8/480
f 3229/1/481 1237/2/482 222/3/483 1689/4/484
f 3226/1/485 1240/2/486 223/3/487 1692/4/488
f 3225/1/489 1089/2/490 155/3/491 1693/4/492
f 3224/9/493 1243/10/494 154/11/495 1408/12/496
f 3222/1/497 1061/2/498 127/3/499 1696/4/500
f 3221/5/501 1086/6/502 152/7/503 1700/8/504
f 3220/9/505 1250/10/506 151/11/507 1406/12/508
f 3219/1/509 1251/2/510 226/3/511 1703/4/512
f 3218/5/513 1075/6/514 141/7/515 1704/8/516
f 3217/1/517 1253/2/518 150/3/519 1405/4/520
f 3216/13/521 1254/14/522 227/15/523 1707/16/524
f 3215/1/525 1257/2/526 80/3/527 1332/4/528
f 3214/1/529 1258/2/530 228/3/531 1710/4/532
f 3212/1/533 1261/2/534 149/3/535 1403/4/536
f 3211/1/537 1262/2/538 148/3/539 1402/4/540
f 3210/1/541 1263/2/542 229/3/543 1716/4/544
f 3209/1/545 1266/2/546 230/3/547 1719/4/548
f 3208/13/549 1081/14/550 147/15/551 1720/16/552
f 3207/1/553 1269/2/554 146/3/555 1400/4/556
f 3206/1/557 1270/2/558 145/3/559 1399/4/560
f 3205/1/561 1272/2/562 231/3/563 1726/4/564
f 3204/1/565 1078/2/566 144/3/567 1727/4/568
f 3203/1/569 1275/2/570 143/3/571 1397/4/572
f 3202/1/573 1276/2/574 232/3/575 1729/4/576
f 3201/9/577 1021/10/578 87/11/579 1730/12/580
f 3200/1/581 1279/2/582 142/3/583 1396/4/584
f 3199/9/585 1280/10/586 233/11/587 1733/12/588
f 3198/1/589 1039/2/590 105/3/591 1734/4/592
f 3197/9/593 1284/10/594 234/11/595 1737/12/596
f 3196/1/597 1038/2/598 104/3/599 1738/4/600
f 3194/1/601 1286/2/602 235/3/603 1741/4/604
f 3193/5/605 1027/6/606 93/7/607 1742/8/608
f 3192/1/609 1289/2/610 140/3/611 1392/4/612
f 3191/13/613 1290/14/614 236/15/615 1745/16/616
f 3190/9/617 1036/10/618 102/11/619 1746/12/620
f 3189/13/621 1293/14/622 110/15/623 1362/16/624
f 3187/5/625 1297/6/626 137/7/627 1389/8/628
f 3186/1/629 1033/2/630 99/3/631 1754/4/632
f 3185/1/633 1300/2/634 117/3/635 1369/4/636
f 3184/1/637 1301/2/638 240/3/639 1757/4/640
f 3183/1/641 1032/2/642 98/3/643 1758/4/644
f 3182/1/645 1304/2/646 134/3/647 1386/4/648
f 3180/1/649 1305/2/650 133/3/651 1385/4/652
f 3179/1/653 1306/2/654 241/3/655 1762/4/656
f 3178/1/657 1309/2/658 118/3/659 1370/4/660
f 3177/1/661 1029/2/662 95/3/663 1765/4/664
f 3176/5/665 1312/6/666 130/7/667 1382/8/668
f 3175/1/669 1313/2/670 243/3/671 1768/4/672
f 3174/1/673 1013/2/674 79/3/675 1769/4/676
f 3173/1/677 1316/2/678 129/3/679 1381/4/680
f 3172/1/681 1317/2/682 244/3/683 1771/4/684
f 3171/13/685 1016/14/686 82/15/687 1772/16/688
f 3170/1/689 1320/2/690 122/3/691 1374/4/692
f 3168/13/693 1321/14/694 126/15/695 1378/16/696
f 3167/13/697 1322/14/698 245/15/699 1777/16/700
f 3166/9/701 1009/10/702 75/11/703 1778/12/704
f 3165/1/705 1779/2/706 691/3/707 1324/4/708
f 3164/1/709 1782/2/710 690/3/711 1323/4/712
f 3163/1/713 1783/2/714 693/3/715 1784/4/716
f 3161/1/717 1786/2/718 298/3/719 937/4/720
f 3160/1/721 1787/2/722 694/3/723 1788/4/724
f 3159/1/725 1776/2/726 688/3/727 1789/4/728
f 3158/13/729 1790/14/730 695/15/731 1791/16/732
f 3157/13/733 1454/14/734 374/15/735 1792/16/736
f 3154/9/737 1794/10/738 294/11/739 933/12/740
f 3153/1/741 1795/2/742 696/3/743 1796/4/744
f 3152/1/745 1773/2/746 687/3/747 1797/4/748
f 3151/1/749 1798/2/750 686/3/751 1319/4/752
f 3150/13/753 1799/14/754 685/15/755 1318/16/756
f 3149/1/757 1800/2/758 697/3/759 1801/4/760
f 3148/9/761 1802/10/762 301/11/763 940/12/764
f 3147/9/765 1803/10/766 698/11/767 1804/12/768
f 3146/1/769 1770/2/770 684/3/771 1805/4/772
f 3145/1/773 1806/2/774 683/3/775 1315/4/776
f 3144/1/777 1807/2/778 699/3/779 1808/4/780
f 3143/1/781 1452/2/782 372/3/783 1809/4/784
f 3142/1/785 1810/2/786 682/3/787 1314/4/788
f 3141/5/789 1811/6/790 700/7/791 1812/8/792
f 3140/1/793 1767/2/794 681/3/795 1813/4/796
f 3139/1/797 1814/2/798 302/3/799 941/4/800
f 3138/9/801 1815/10/802 701/11/803 1816/12/804
f 3137/5/805 1766/6/806 680/7/807 1817/8/808
f 3136/9/809 1818/10/810 679/11/811 1311/12/812
f 3135/1/813 1469/2/814 388/3/815 1820/4/816
f 3134/1/817 1821/2/818 290/3/819 929/4/820
f 3133/1/821 1822/2/822 703/3/823 1823/4/824
f 3132/1/825 1763/2/826 677/3/827 1824/4/828
f 3130/9/829 1826/10/830 704/11/831 1827/12/832
f 3129/1/833 1470/2/834 389/3/835 1828/4/836
f 3128/13/837 1829/14/838 676/15/839 1307/16/840
f 3127/1/841 1830/2/842 705/3/843 1831/4/844
f 3126/1/845 1761/2/846 675/3/847 1832/4/848
f 3125/1/849 1833/2/850 305/3/851 944/4/852
f 3124/1/853 1834/2/854 706/3/855 1835/4/856
f 3123/1/857 1760/2/858 674/3/859 1836/4/860
f 3121/1/861 1838/2/862 707/3/863 1839/4/864
f 3120/1/865 1463/2/866 383/3/867 1840/4/868
f 3119/1/869 1841/2/870 708/3/871 1842/4/872
f 3118/1/873 1759/2/874 673/3/875 1843/4/876
f 3117/1/877 1844/2/878 306/3/879 945/4/880
f 3116/9/881 1845/10/882 709/11/883 1846/12/884
f 3115/1/885 1848/2/886 671/3/887 1303/4/888
f 3114/1/889 1849/2/890 710/3/891 1850/4/892
f 3113/1/893 1473/2/894 392/3/895 1851/4/896
f 3112/13/897 1852/14/898 670/15/899 1302/16/900
f 3111/5/901 1855/6/902 289/7/903 928/8/904
f 3110/13/905 1856/14/906 712/15/907 1857/16/908
f 3109/1/909 1755/2/910 668/3/911 1858/4/912
f 3108/1/913 1859/2/914 667/3/915 1299/4/916
f 3107/1/917 1860/2/918 713/3/919 1861/4/920
f 3106/1/921 1474/2/922 393/3/923 1862/4/924
f 3104/1/925 1863/2/926 309/3/927 948/4/928
f 3103/1/929 1752/2/930 665/3/931 1864/4/932
f 3102/1/933 1865/2/934 664/3/935 1296/4/936
f 3101/1/937 1866/2/938 714/3/939 1867/4/940
f 3100/9/941 1466/10/942 386/11/943 1868/12/944
f 3093/5/945 1872/6/946 282/7/947 921/8/948
f 3092/13/949 1873/14/950 715/15/951 1874/16/952
f 3091/1/953 1747/2/954 661/3/955 1875/4/956
f 3090/9/957 1876/10/958 660/11/959 1292/12/960
f 3089/5/961 1877/6/962 716/7/963 1878/8/964
f 3088/1/965 1478/2/966 396/3/967 1879/4/968
f 3087/5/969 1880/6/970 659/7/971 1291/8/972
f 3086/13/973 1881/14/974 717/15/975 1882/16/976
f 3085/1/977 1744/2/978 658/3/979 1883/4/980
f 3083/1/981 1885/2/982 718/3/983 1886/4/984
f 3082/1/985 1743/2/986 657/3/987 1887/4/988
f 3081/9/989 1888/10/990 656/11/991 1288/12/992
f 3080/13/993 1889/14/994 719/15/995 1890/16/996
f 3079/1/997 1465/2/998 385/3/999 1891/4/1000
f 3078/5/1001 1892/6/1002 655/7/1003 1287/8/1004
f 3077/9/1005 1893/10/1006 720/11/1007 1894/12/1008
f 3076/1/1009 1740/2/1010 654/3/1011 1895/4/1012
f 3075/1/1013 1896/2/1014 312/3/1015 952/4/1016
f 3074/1/1017 1897/2/1018 721/3/1019 1898/4/1020
f 3073/1/1021 1739/2/1022 653/3/1023 1899/4/1024
f 3072/1/1025 1900/2/1026 652/3/1027 1285/4/1028
f 3071/1/1029 1901/2/1030 722/3/1031 1902/4/1032
f 3070/1/1033 1480/2/1034 398/3/1035 1903/4/1036
f 3069/1/1037 1736/2/1038 651/3/1039 1905/4/1040
f 3067/5/1041 1906/6/1042 649/7/1043 1282/8/1044
f 3066/1/1045 1907/2/1046 723/3/1047 1908/4/1048
f 3065/1/1049 1481/2/1050 399/3/1051 1909/4/1052
f 3064/1/1053 1910/2/1054 648/3/1055 1281/4/1056
f 3063/1/1057 1911/2/1058 724/3/1059 1912/4/1060
f 3062/9/1061 1732/10/1062 647/11/1063 1913/12/1064
f 3061/1/1065 1914/2/1066 315/3/1067 955/4/1068
f 3060/9/1069 1915/10/1070 725/11/1071 1916/12/1072
f 3059/1/1073 1731/2/1074 646/3/1075 1917/4/1076
f 3058/9/1077 1918/10/1078 645/11/1079 1278/12/1080
f 3057/1/1081 1919/2/1082 726/3/1083 1920/4/1084
f 3056/1/1085 1459/2/1086 379/3/1087 1921/4/1088
f 3055/1/1089 1922/2/1090 644/3/1091 1277/4/1092
f 3054/1/1093 1923/2/1094 727/3/1095 1924/4/1096
f 3053/1/1097 1728/2/1098 643/3/1099 1925/4/1100
f 3052/13/1101 1926/14/1102 316/15/1103 956/16/1104
f 3050/1/1105 1929/2/1106 642/3/1107 1274/4/1108
f 3049/5/1109 1930/6/1110 728/7/1111 1931/8/1112
f 3048/1/1113 1522/2/1114 438/3/1115 1932/4/1116
f 3047/1/1117 1933/2/1118 641/3/1119 1273/4/1120
f 3046/1/1121 1934/2/1122 729/3/1123 1935/4/1124
f 3045/13/1125 1725/14/1126 640/15/1127 1936/16/1128
f 3044/1/1129 1523/2/1130 439/3/1131 1937/4/1132
f 3041/1/1133 1939/2/1134 319/3/1135 959/4/1136
f 3040/1/1137 1940/2/1138 730/3/1139 1941/4/1140
f 3039/1/1141 1723/2/1142 638/3/1143 1942/4/1144
f 3038/1/1145 1943/2/1146 731/3/1147 1944/4/1148
f 3037/1/1149 1497/2/1150 415/3/1151 1945/4/1152
f 3036/1/1153 1946/2/1154 732/3/1155 1947/4/1156
f 3035/1/1157 1722/2/1158 637/3/1159 1948/4/1160
f 3034/9/1161 1949/10/1162 320/11/1163 960/12/1164
f 3033/1/1165 1721/2/1166 636/3/1167 1951/4/1168
f 3032/1/1169 1952/2/1170 635/3/1171 1268/4/1172
f 3031/13/1173 1953/14/1174 734/15/1175 1954/16/1176
f 3030/1/1177 1526/2/1178 442/3/1179 1955/4/1180
f 3029/9/1181 1956/10/1182 634/11/1183 1267/12/1184
f 3028/13/1185 1957/14/1186 735/15/1187 1958/16/1188
f 3027/1/1189 1718/2/1190 633/3/1191 1959/4/1192
f 3025/1/1193 1717/2/1194 632/3/1195 1961/4/1196
f 3023/13/1197 1962/14/1198 736/15/1199 1963/16/1200
f 3022/1/1201 1527/2/1202 443/3/1203 1964/4/1204
f 3021/5/1205 1965/6/1206 631/7/1207 1264/8/1208
f 3020/1/1209 1966/2/1210 737/3/1211 1967/4/1212
f 3019/1/1213 1715/2/1214 630/3/1215 1968/4/1216
f 3018/1/1217 1969/2/1218 323/3/1219 962/4/1220
f 3017/9/1221 1970/10/1222 738/11/1223 1971/12/1224
f 3016/1/1225 1714/2/1226 629/3/1227 1972/4/1228
f 3011/9/1229 1975/10/1230 324/11/1231 963/12/1232
f 3010/1/1233 1976/2/1234 739/3/1235 1977/4/1236
f 3009/1/1237 1712/2/1238 628/3/1239 1978/4/1240
f 3008/13/1241 1979/14/1242 627/15/1243 1260/16/1244
f 3007/5/1245 1980/6/1246 740/7/1247 1981/8/1248
f 3006/1/1249 1982/2/1250 626/3/1251 1259/4/1252
f 3005/1/1253 1983/2/1254 741/3/1255 1984/4/1256
f 3004/9/1257 1709/10/1258 625/11/1259 1985/12/1260
f 3003/13/1261 1986/14/1262 253/15/1263 892/16/1264
f 3002/1/1265 1987/2/1266 742/3/1267 1988/4/1268
f 3001/1/1269 1708/2/1270 624/3/1271 1989/4/1272
f 3000/1/1273 1990/2/1274 623/3/1275 1256/4/1276
f 2999/1/1277 1991/2/1278 743/3/1279 1992/4/1280
f 2998/1/1281 1993/2/1282 622/3/1283 1255/4/1284
f 2997/1/1285 1994/2/1286 744/3/1287 1995/4/1288
f 2996/1/1289 1706/2/1290 621/3/1291 1996/4/1292
f 2995/1/1293 1997/2/1294 326/3/1295 965/4/1296
f 2994/9/1297 1998/10/1298 745/11/1299 1999/12/1300
f 2993/1/1301 1705/2/1302 620/3/1303 2000/4/1304
f 2992/1/1305 2001/2/1306 619/3/1307 1252/4/1308
f 2991/9/1309 2002/10/1310 746/11/1311 2003/12/1312
f 2990/1/1313 1518/2/1314 435/3/1315 2004/4/1316
f 2988/1/1317 1702/2/1318 617/3/1319 2007/4/1320
f 2987/9/1321 1701/10/1322 616/11/1323 2010/12/1324
f 2986/1/1325 2011/2/1326 615/3/1327 1249/4/1328
f 2985/1/1329 2012/2/1330 749/3/1331 2013/4/1332
f 2984/1/1333 1531/2/1334 448/3/1335 2014/4/1336
f 2983/1/1337 2015/2/1338 750/3/1339 2016/4/1340
f 2982/1/1341 1532/2/1342 449/3/1343 2017/4/1344
f 2981/13/1345 2018/14/1346 610/15/1347 1245/16/1348
f 2980/1/1349 2019/2/1350 751/3/1351 2020/4/1352
f 2979/13/1353 1503/14/1354 421/15/1355 2021/16/1356
f 2978/1/1357 2023/2/1358 752/3/1359 2024/4/1360
f 2977/5/1361 1695/6/1362 609/7/1363 2025/8/1364
f 2976/1/1365 2026/2/1366 330/3/1367 968/4/1368
f 2975/1/1369 2027/2/1370 607/3/1371 1242/4/1372
f 2974/1/1373 2028/2/1374 753/3/1375 2029/4/1376
f 2973/1/1377 1535/2/1378 452/3/1379 2030/4/1380
f 2972/1/1381 2031/2/1382 606/3/1383 1241/4/1384
f 2971/1/1385 2032/2/1386 754/3/1387 2033/4/1388
f 2970/1/1389 1691/2/1390 605/3/1391 2034/4/1392
f 2969/1/1393 2035/2/1394 276/3/1395 915/4/1396
f 2968/9/1397 2036/10/1398 755/11/1399 2037/12/1400
f 2967/9/1401 1690/10/1402 604/11/1403 2038/12/1404
f 2965/5/1405 2040/6/1406 756/7/1407 2041/8/1408
f 2964/1/1409 1536/2/1410 453/3/1411 2042/4/1412
f 2963/1/1413 2043/2/1414 603/3/1415 1238/4/1416
f 2962/1/1417 2044/2/1418 757/3/1419 2045/4/1420
f 2961/5/1421 1688/6/1422 602/7/1423 2046/8/1424
f 2960/1/1425 2047/2/1426 332/3/1427 970/4/1428
f 2959/5/1429 2048/6/1430 758/7/1431 2049/8/1432
f 2958/1/1433 1687/2/1434 601/3/1435 2050/4/1436
f 2956/13/1437 2052/14/1438 759/15/1439 2053/16/1440
f 2955/1/1441 1516/2/1442 433/3/1443 2054/4/1444
f 2953/1/1445 2056/2/1446 760/3/1447 2057/4/1448
f 2952/1/1449 1685/2/1450 599/3/1451 2058/4/1452
f 2951/1/1453 2059/2/1454 598/3/1455 1233/4/1456
f 2950/1/1457 2060/2/1458 761/3/1459 2061/4/1460
f 2949/5/1461 1538/6/1462 456/7/1463 2062/8/1464
f 2948/13/1465 2063/14/1466 597/15/1467 1232/16/1468
f 2947/1/1469 2064/2/1470 762/3/1471 2065/4/1472
f 2946/1/1473 1682/2/1474 596/3/1475 2066/4/1476
f 2945/1/1477 2067/2/1478 249/3/1479 888/4/1480
f 2944/1/1481 2068/2/1482 763/3/1483 2069/4/1484
f 2943/1/1485 1681/2/1486 595/3/1487 2070/4/1488
f 2942/5/1489 2071/6/1490 594/7/1491 1229/8/1492
f 2941/1/1493 2072/2/1494 593/3/1495 1228/4/1496
f 2940/9/1497 2073/10/1498 335/11/1499 973/12/1500
f 2939/5/1501 2074/6/1502 764/7/1503 2075/8/1504
f 2938/1/1505 1678/2/1506 592/3/1507 2076/4/1508
f 2937/5/1509 2077/6/1510 591/7/1511 1225/8/1512
f 2936/1/1513 2078/2/1514 765/3/1515 2079/4/1516
f 2935/1/1517 1515/2/1518 432/3/1519 2080/4/1520
f 2934/5/1521 2081/6/1522 590/7/1523 1224/8/1524
f 2933/1/1525 2083/2/1526 336/3/1527 974/4/1528
f 2932/1/1529 2084/2/1530 766/3/1531 2085/4/1532
f 2931/9/1533 1674/10/1534 588/11/1535 2086/12/1536
f 2930/1/1537 2087/2/1538 587/3/1539 1221/4/1540
f 2929/1/1541 2088/2/1542 767/3/1543 2089/4/1544
f 2928/1/1545 1541/2/1546 459/3/1547 2090/4/1548
f 2927/1/1549 2091/2/1550 584/3/1551 1218/4/1552
f 2926/1/1553 2092/2/1554 768/3/1555 2093/4/1556
f 2925/9/1557 1542/10/1558 460/11/1559 2094/12/1560
f 2924/1/1561 2095/2/1562 583/3/1563 1217/4/1564
f 2923/9/1565 2096/10/1566 769/11/1567 2097/12/1568
f 2922/1/1569 1668/2/1570 582/3/1571 2098/4/1572
f 2920/1/1573 2100/2/1574 770/3/1575 2101/4/1576
f 2919/1/1577 1667/2/1578 581/3/1579 2102/4/1580
f 2918/1/1581 2103/2/1582 580/3/1583 1214/4/1584
f 2917/1/1585 2104/2/1586 771/3/1587 2105/4/1588
f 2916/1/1589 1504/2/1590 422/3/1591 2106/4/1592
f 2915/1/1593 2107/2/1594 579/3/1595 1213/4/1596
f 2914/9/1597 2108/10/1598 772/11/1599 2109/12/1600
f 2913/1/1601 1664/2/1602 578/3/1603 2110/4/1604
f 2912/13/1605 1663/14/1606 577/15/1607 2111/16/1608
f 2911/1/1609 2112/2/1610 576/3/1611 1210/4/1612
f 2910/1/1613 2113/2/1614 773/3/1615 2114/4/1616
f 2909/9/1617 1545/10/1618 463/11/1619 2115/12/1620
f 2908/1/1621 2116/2/1622 575/3/1623 1209/4/1624
f 2907/9/1625 2117/10/1626 774/11/1627 2118/12/1628
f 2906/5/1629 1660/6/1630 574/7/1631 2119/8/1632
f 2905/1/1633 2120/2/1634 273/3/1635 912/4/1636
f 2904/1/1637 2121/2/1638 775/3/1639 2122/4/1640
f 2903/1/1641 1659/2/1642 573/3/1643 2123/4/1644
f 2902/1/1645 2124/2/1646 572/3/1647 1206/4/1648
f 2901/13/1649 2125/14/1650 776/15/1651 2126/16/1652
f 2900/1/1653 1546/2/1654 464/3/1655 2127/4/1656
f 2899/5/1657 2128/6/1658 571/7/1659 1205/8/1660
f 2898/5/1661 2129/6/1661 777/7/1662 2130/8/1661
f 2897/1/1663 1656/2/1664 570/3/1665 2131/4/1666
f 2896/1/1667 2132/2/1668 341/3/1669 979/4/1670
f 2895/1/1671 2133/2/1672 778/3/1673 2134/4/1674
f 2894/5/1675 1655/6/1676 569/7/1677 2135/8/1678
f 2893/1/1679 2136/2/1680 568/3/1681 1202/4/1682
f 2892/13/1683 2137/14/1684 779/15/1685 2138/16/1686
f 2891/1/1687 1512/2/1688 429/3/1689 2139/4/1690
f 2889/1/1691 2141/2/1692 565/3/1693 1199/4/1694
f 2888/9/1695 2144/10/1696 564/11/1697 1198/12/1698
f 2887/1/1699 2145/2/1700 256/3/1701 895/4/1702
f 2886/1/1703 2146/2/1704 781/3/1705 2147/4/1706
f 2885/1/1707 1649/2/1708 563/3/1709 2148/4/1710
f 2884/1/1711 2149/2/1712 562/3/1713 1195/4/1714
f 2883/1/1715 2150/2/1716 782/3/1717 2151/4/1718
f 2882/1/1719 1549/2/1720 468/3/1721 2152/4/1722
f 2881/5/1723 2153/6/1724 561/7/1725 1194/8/1726
f 2880/13/1727 2154/14/1728 783/15/1729 2155/16/1730
f 2879/1/1731 1646/2/1732 560/3/1733 2156/4/1734
f 2877/5/1735 2158/6/1736 784/7/1737 2159/8/1738
f 2876/1/1739 1645/2/1740 559/3/1741 2160/4/1742
f 2875/13/1743 2161/14/1744 558/15/1745 1191/16/1746
f 2874/1/1747 2162/2/1748 785/3/1749 2163/4/1750
f 2873/1/1751 1511/2/1752 428/3/1753 2164/4/1754
f 2872/1/1755 2165/2/1756 557/3/1757 1190/4/1758
f 2871/1/1759 2166/2/1760 786/3/1761 2167/4/1762
f 2870/1/1763 1642/2/1764 556/3/1765 2168/4/1766
f 2869/5/1767 1641/6/1768 555/7/1769 2169/8/1770
f 2868/1/1771 2170/2/1772 787/3/1773 2171/4/1774
f 2867/1/1775 1551/2/1776 470/3/1777 2172/4/1778
f 2866/1/1779 2173/2/1780 788/3/1781 2174/4/1782
f 2865/1/1783 1640/2/1784 554/3/1785 2175/4/1786
f 2864/1/1787 2176/2/1788 270/3/1789 909/4/1790
f 2863/1/1791 2177/2/1792 789/3/1793 2178/4/1794
f 2862/1/1795 1639/2/1796 553/3/1797 2179/4/1798
f 2861/1/1799 2180/2/1800 552/3/1801 1186/4/1802
f 2860/1/1803 2181/2/1804 790/3/1805 2182/4/1806
f 2859/1/1807 1552/2/1808 471/3/1809 2183/4/1810
f 2858/1/1811 2184/2/1812 551/3/1813 1185/4/1814
f 2857/1/1815 2185/2/1816 791/3/1817 2186/4/1818
f 2856/9/1819 1636/10/1820 550/11/1821 2187/12/1822
f 2855/9/1823 2188/10/1824 346/11/1825 986/12/1826
f 2854/1/1827 2189/2/1828 792/3/1829 2190/4/1830
f 2853/5/1831 1635/6/1832 549/7/1833 2191/8/1834
f 2852/1/1835 2192/2/1836 548/3/1837 1182/4/1838
f 2851/1/1839 2193/2/1840 793/3/1841 2194/4/1842
f 2850/1/1843 1501/2/1844 419/3/1845 2195/4/1846
f 2849/1/1847 2196/2/1848 547/3/1849 1181/4/1850
f 2848/1/1851 2197/2/1852 794/3/1853 2198/4/1854
f 2847/13/1855 1632/14/1856 546/15/1857 2199/16/1858
f 2846/5/1859 2200/6/1860 347/7/1861 987/8/1862
f 2845/13/1863 2201/14/1864 795/15/1865 2202/16/1866
f 2844/1/1867 1631/2/1868 545/3/1869 2203/4/1870
f 2843/5/1871 1555/6/1872 474/7/1873 2206/8/1874
f 2841/1/1875 1556/2/1876 475/3/1877 2208/4/1878
f 2837/1/1879 2211/2/1880 543/3/1881 1177/4/1882
f 2836/1/1883 2212/2/1884 797/3/1885 2213/4/1886
f 2835/1/1887 1508/2/1888 426/3/1889 2214/4/1890
f 2834/1/1891 2215/2/1892 542/3/1893 1176/4/1894
f 2833/1/1895 2216/2/1896 798/3/1897 2217/4/1898
f 2832/9/1899 1626/10/1900 541/11/1901 2218/12/1902
f 2831/1/1903 2219/2/1904 350/3/1905 991/4/1906
f 2830/5/1907 2220/6/1908 799/7/1909 2221/8/1910
f 2829/9/1911 1625/10/1912 540/11/1913 2222/12/1914
f 2828/1/1915 2223/2/1916 538/3/1917 1172/4/1918
f 2827/1/1919 2224/2/1920 257/3/1921 896/4/1922
f 2826/5/1923 2225/6/1924 800/7/1925 2226/8/1926
f 2825/1/1927 1622/2/1928 537/3/1929 2227/4/1930
f 2824/1/1931 2228/2/1932 536/3/1933 1170/4/1934
f 2823/1/1935 2229/2/1936 801/3/1937 2230/4/1938
f 2822/1/1939 1559/2/1940 478/3/1941 2231/4/1942
f 2821/1/1943 2232/2/1944 535/3/1945 1169/4/1946
f 2820/1/1947 2233/2/1948 802/3/1949 2234/4/1950
f 2819/5/1951 1619/6/1952 534/7/1953 2235/8/1954
f 2817/1/1955 2237/2/1956 803/3/1957 2238/4/1958
f 2816/1/1959 1618/2/1960 533/3/1961 2239/4/1962
f 2815/13/1963 1507/14/1964 425/15/1965 2241/16/1966
f 2814/9/1967 2242/10/1968 531/11/1969 1166/12/1970
f 2813/1/1971 2243/2/1972 804/3/1973 2244/4/1974
f 2810/1/1975 2247/2/1976 805/3/1977 2248/4/1978
f 2809/1/1979 2250/2/1980 530/3/1981 1165/4/1982
f 2808/13/1983 2251/14/1984 806/15/1985 2252/16/1986
f 2807/1/1987 1613/2/1988 529/3/1989 2253/4/1990
f 2806/1/1991 2254/2/1992 266/3/1993 905/4/1994
f 2805/1/1995 2255/2/1996 807/3/1997 2256/4/1998
f 2803/1/1999 2258/2/2000 528/3/2001 1163/4/2002
f 2802/1/2003 2259/2/2004 808/3/2005 2260/4/2006
f 2801/1/2007 1562/2/2008 481/3/2009 2261/4/2010
f 2800/1/2011 2262/2/2012 527/3/2013 1162/4/2014
f 2799/1/2015 2263/2/2016 809/3/2017 2264/4/2018
f 2798/5/2019 1609/6/2020 526/7/2021 2265/8/2022
f 2797/1/2023 2266/2/2024 355/3/2025 996/4/2026
f 2796/1/2027 2267/2/2028 810/3/2029 2268/4/2030
f 2795/1/2031 1608/2/2032 525/3/2033 2269/4/2034
f 2794/1/2035 2270/2/2036 524/3/2037 1159/4/2038
f 2793/1/2039 2271/2/2040 811/3/2041 2272/4/2042
f 2792/1/2043 1489/2/2044 407/3/2045 2273/4/2046
f 2791/1/2047 2274/2/2048 523/3/2049 1158/4/2050
f 2790/13/2051 2275/14/2052 812/15/2053 2276/16/2054
f 2789/1/2055 1605/2/2056 522/3/2057 2277/4/2058
f 2788/13/2059 2278/14/2060 356/15/2061 997/16/2062
f 2787/1/2063 2279/2/2064 813/3/2065 2280/4/2066
f 2786/9/2067 1604/10/2068 521/11/2069 2281/12/2070
f 2785/1/2071 2282/2/2072 520/3/2073 1155/4/2074
f 2784/5/2075 2283/6/2076 814/7/2077 2284/8/2078
f 2783/1/2079 1564/2/2080 483/3/2081 2285/4/2082
f 2782/13/2083 2286/14/2084 517/15/2085 1152/16/2086
f 2781/1/2087 2287/2/2088 815/3/2089 2288/4/2090
f 2780/1/2091 1565/2/2092 484/3/2093 2289/4/2094
f 2779/5/2095 2290/6/2096 514/7/2097 1149/8/2098
f 2778/1/2099 2291/2/2100 816/3/2101 2292/4/2102
f 2777/1/2103 1492/2/2104 410/3/2105 2293/4/2106
f 2776/1/2107 2294/2/2108 513/3/2109 1148/4/2110
f 2775/1/2111 2295/2/2112 817/3/2113 2296/4/2114
f 2774/1/2115 1595/2/2116 512/3/2117 2297/4/2118
f 2773/13/2119 2298/14/2120 359/15/2121 1000/16/2122
f 2772/1/2123 2299/2/2124 818/3/2125 2300/4/2126
f 2771/1/2127 1594/2/2128 511/3/2129 2301/4/2130
f 2764/13/2131 2305/14/2132 509/15/2133 1144/16/2134
f 2763/1/2135 2306/2/2136 819/3/2137 2307/4/2138
f 2762/9/2139 1568/10/2140 486/11/2141 2308/12/2142
f 2761/5/2143 2309/6/2144 508/7/2145 1143/8/2146
f 2760/13/2147 2310/14/2148 362/15/2149 1003/16/2150
f 2759/1/2151 2311/2/2152 820/3/2153 2312/4/2154
f 2758/9/2155 1588/10/2156 506/11/2157 2313/12/2158
f 2757/9/2159 2314/10/2160 505/11/2161 1140/12/2162
f 2756/1/2163 2315/2/2164 821/3/2165 2316/4/2166
f 2755/1/2167 1491/2/2168 409/3/2169 2317/4/2170
f 2754/9/2171 2318/10/2172 504/11/2173 1139/12/2174
f 2753/1/2175 2319/2/2176 822/3/2177 2320/4/2178
f 2752/1/2179 1585/2/2180 503/3/2181 2321/4/2182
f 2751/1/2183 2322/2/2184 363/3/2185 1004/4/2186
f 2750/1/2187 2323/2/2188 823/3/2189 2324/4/2190
f 2749/1/2191 1584/2/2192 502/3/2193 2325/4/2194
f 2748/1/2195 2326/2/2196 501/3/2197 1136/4/2198
f 2747/1/2199 2327/2/2200 824/3/2201 2328/4/2202
f 2746/5/2203 1571/6/2204 489/7/2205 2329/8/2206
f 2745/9/2207 2330/10/2208 500/11/2209 1135/12/2210
f 2744/1/2211 2331/2/2212 825/3/2213 2332/4/2214
f 2743/9/2215 1581/10/2216 499/11/2217 2333/12/2218
f 2742/1/2219 2334/2/2220 265/3/2221 904/4/2222
f 2741/5/2223 2335/6/2224 826/7/2225 2336/8/2226
f 2740/1/2227 1580/2/2228 498/3/2229 2337/4/2230
f 2739/1/2231 2338/2/2232 497/3/2233 1132/4/2234
f 2738/1/2235 2339/2/2236 827/3/2237 2340/4/2238
f 2737/5/2239 1572/6/2240 490/7/2241 2341/8/2242
f 2736/1/2243 2342/2/2244 495/3/2245 1130/4/2246
f 2735/13/2247 2343/14/2248 828/15/2249 2344/16/2250
f 2734/5/2251 1485/6/2252 403/7/2253 2345/8/2254
f 2733/1/2255 2346/2/2256 494/3/2257 1129/4/2258
f 2732/1/2259 2347/2/2260 829/3/2261 2348/4/2262
f 2731/1/2263 1575/2/2264 493/3/2265 2349/4/2266
f 2727/13/2267 2352/14/2268 830/15/2269 2353/16/2270
f 2726/1/2271 1361/2/2272 281/3/2273 2354/4/2274
f 2725/1/2275 2355/2/2276 384/3/2277 1026/4/2278
f 2724/1/2279 2356/2/2280 831/3/2281 2357/4/2282
f 2723/1/2283 1443/2/2284 364/3/2285 2358/4/2286
f 2722/1/2287 2359/2/2288 488/3/2289 1123/4/2290
f 2721/13/2291 2360/14/2292 832/15/2293 2361/16/2294
f 2720/1/2295 1367/2/2296 287/3/2297 2362/4/2298
f 2719/9/2299 2363/10/2300 487/11/2301 1122/12/2302
f 2718/1/2303 2364/2/2304 833/3/2305 2365/4/2306
f 2717/13/2307 1440/14/2308 361/15/2309 2366/16/2310
f 2716/1/2311 2367/2/2312 380/3/2313 1022/4/2314
f 2715/1/2315 2368/2/2316 834/3/2317 2369/4/2318
f 2714/1/2319 1439/2/2320 360/3/2321 2370/4/2322
f 2712/1/2323 2372/2/2324 835/3/2325 2373/4/2326
f 2711/9/2327 1368/10/2328 288/11/2329 2374/12/2330
f 2710/1/2331 2375/2/2332 485/3/2333 1120/4/2334
f 2709/1/2335 2376/2/2336 836/3/2337 2377/4/2338
f 2708/1/2339 1438/2/2340 358/3/2341 2378/4/2342
f 2707/9/2343 2379/10/2344 387/11/2345 1028/12/2346
f 2706/9/2347 2380/10/2348 837/11/2349 2381/12/2350
f 2705/1/2351 1437/2/2352 357/3/2353 2382/4/2354
f 2704/1/2355 2383/2/2356 482/3/2357 1117/4/2358
f 2703/1/2359 2384/2/2360 838/3/2361 2385/4/2362
f 2702/5/2363 1365/6/2364 285/7/2365 2386/8/2366
f 2699/1/2367 1433/2/2368 353/3/2369 2388/4/2370
f 2698/1/2371 1383/2/2372 303/3/2373 2391/4/2374
f 2696/9/2375 2393/10/2376 840/11/2377 2394/12/2378
f 2695/1/2379 1432/2/2380 352/3/2381 2395/4/2382
f 2694/9/2383 2396/10/2384 376/11/2385 1018/12/2386
f 2693/5/2387 2397/6/2388 841/7/2389 2398/8/2390
f 2692/1/2391 1431/2/2392 351/3/2393 2399/4/2394
f 2691/1/2395 2400/2/2396 477/3/2397 1113/4/2398
f 2690/1/2399 2401/2/2400 842/3/2401 2402/4/2402
f 2689/1/2403 1384/2/2404 304/3/2405 2403/4/2406
f 2688/5/2407 1429/6/2408 349/7/2409 2406/8/2410
f 2687/1/2411 2407/2/2412 390/3/2413 1030/4/2414
f 2686/5/2415 1428/6/2416 348/7/2417 2410/8/2418
f 2685/13/2419 2411/14/2420 473/15/2421 1110/16/2422
f 2684/1/2423 2412/2/2424 845/3/2425 2413/4/2426
f 2683/1/2427 1377/2/2428 297/3/2429 2414/4/2430
f 2682/5/2431 2415/6/2432 472/7/2433 1109/8/2434
f 2681/13/2435 2416/14/2436 846/15/2437 2417/16/2438
f 2680/1/2439 1425/2/2440 345/3/2441 2418/4/2442
f 2679/9/2443 2419/10/2444 391/11/2445 1031/12/2446
f 2678/13/2447 2420/14/2448 847/15/2449 2421/16/2450
f 2677/1/2451 1424/2/2452 344/3/2453 2422/4/2454
f 2676/13/2455 2423/14/2456 469/15/2457 1107/16/2458
f 2675/5/2459 2424/6/2460 848/7/2461 2425/8/2462
f 2674/1/2463 1387/2/2464 307/3/2465 2426/4/2466
f 2672/1/2467 2428/2/2468 849/3/2469 2429/4/2470
f 2671/1/2471 1423/2/2472 343/3/2473 2430/4/2474
f 2670/1/2475 2431/2/2476 375/3/2477 1017/4/2478
f 2669/1/2479 2432/2/2480 850/3/2481 2433/4/2482
f 2668/1/2483 1422/2/2484 342/3/2485 2434/4/2486
f 2667/5/2487 2435/6/2488 466/7/2489 1104/8/2490
f 2666/1/2491 2436/2/2492 851/3/2493 2437/4/2494
f 2665/1/2495 1388/2/2496 308/3/2497 2438/4/2498
f 2664/1/2499 2439/2/2500 465/3/2501 1103/4/2502
f 2663/1/2503 2440/2/2504 852/3/2505 2441/4/2506
f 2662/1/2507 1420/2/2508 340/3/2509 2442/4/2510
f 2661/1/2511 2443/2/2512 394/3/2513 1034/4/2514
f 2660/1/2515 2444/2/2516 853/3/2517 2445/4/2518
f 2659/1/2519 1419/2/2520 339/3/2521 2446/4/2522
f 2658/1/2523 2447/2/2524 462/3/2525 1100/4/2526
f 2657/1/2527 2448/2/2528 854/3/2529 2449/4/2530
f 2656/5/2531 1380/6/2532 300/7/2533 2450/8/2534
f 2655/1/2535 2451/2/2536 461/3/2537 1099/4/2538
f 2654/1/2539 2452/2/2540 855/3/2541 2453/4/2542
f 2653/1/2543 1417/2/2544 338/3/2545 2454/4/2546
f 2652/5/2547 2455/6/2548 395/7/2549 1035/8/2550
f 2651/1/2551 2456/2/2552 856/3/2553 2457/4/2554
f 2650/13/2555 1416/14/2556 337/15/2557 2458/16/2558
f 2649/9/2559 2459/10/2560 458/11/2561 1096/12/2562
f 2648/5/2563 2460/6/2564 857/7/2565 2461/8/2566
f 2647/1/2567 1391/2/2568 311/3/2569 2462/4/2570
f 2646/1/2571 2463/2/2572 457/3/2573 1095/4/2574
f 2645/9/2575 2464/10/2576 858/11/2577 2465/12/2578
f 2644/1/2579 1413/2/2580 334/3/2581 2466/4/2582
f 2643/13/2583 2467/14/2584 369/15/2585 1010/16/2586
f 2642/1/2587 2468/2/2588 859/3/2589 2469/4/2590
f 2641/1/2591 1412/2/2592 333/3/2593 2470/4/2594
f 2640/1/2595 2471/2/2596 455/3/2597 1092/4/2598
f 2637/13/2599 2474/14/2600 860/15/2601 2475/16/2602
f 2636/1/2603 1409/2/2604 331/3/2605 2476/4/2606
f 2635/1/2607 2477/2/2608 451/3/2609 1088/4/2610
f 2634/9/2611 2478/10/2612 861/11/2613 2479/12/2614
f 2633/1/2615 1379/2/2616 299/3/2617 2480/4/2618
f 2632/5/2619 2481/6/2620 450/7/2621 1087/8/2622
f 2631/13/2623 2484/14/2624 397/15/2625 1037/16/2626
f 2630/1/2627 2485/2/2628 863/3/2629 2486/4/2630
f 2629/13/2631 1407/14/2632 328/15/2633 2487/16/2634
f 2628/1/2635 2488/2/2636 447/3/2637 1085/4/2638
f 2627/1/2639 2489/2/2640 864/3/2641 2490/4/2642
f 2626/1/2643 1394/2/2644 313/3/2645 2491/4/2646
f 2625/9/2647 2492/10/2648 446/11/2649 1084/12/2650
f 2624/1/2651 2493/2/2652 865/3/2653 2494/4/2654
f 2623/5/2655 2495/6/2656 373/7/2657 1014/8/2658
f 2622/1/2659 2496/2/2660 866/3/2661 2497/4/2662
f 2621/1/2663 1404/2/2664 325/3/2665 2498/4/2666
f 2620/1/2667 2499/2/2668 445/3/2669 1083/4/2670
f 2619/1/2671 2500/2/2672 867/3/2673 2501/4/2674
f 2618/1/2675 1395/2/2676 314/3/2677 2502/4/2678
f 2617/1/2679 2503/2/2680 444/3/2681 1082/4/2682
f 2615/13/2683 2506/14/2684 869/15/2685 2507/16/2686
f 2614/9/2687 1401/10/2688 321/11/2689 2508/12/2690
f 2613/1/2691 2509/2/2692 441/3/2693 1080/4/2694
f 2612/1/2695 2510/2/2696 870/3/2697 2511/4/2698
f 2611/1/2699 2513/2/2700 440/3/2701 1079/4/2702
f 2609/9/2703 2516/10/2704 400/11/2705 1040/12/2706
f 2608/5/2707 2517/6/2708 872/7/2709 2518/8/2710
f 2607/1/2711 1398/2/2712 317/3/2713 2519/4/2714
f 2605/1/2715 2520/2/2716 436/3/2717 1076/4/2718
f 2604/1/2719 2521/2/2720 873/3/2721 2522/4/2722
f 2603/5/2723 1358/6/2724 278/7/2725 2523/8/2726
f 2602/1/2727 2524/2/2728 408/3/2729 1048/4/2730
f 2601/13/2731 2525/14/2732 874/15/2733 2526/16/2734
f 2600/1/2735 1357/2/2736 277/3/2737 2527/4/2738
f 2597/5/2739 2529/6/2740 434/7/2741 1074/8/2742
f 2596/5/2743 2530/6/2744 875/7/2745 2531/8/2746
f 2595/9/2747 1355/10/2748 275/11/2749 2532/12/2750
f 2594/1/2751 2533/2/2752 404/3/2753 1044/4/2754
f 2593/9/2755 2534/10/2756 876/11/2757 2535/12/2758
f 2592/1/2759 1354/2/2760 274/3/2761 2536/4/2762
f 2591/9/2763 2537/10/2764 430/11/2765 1070/12/2766
f 2590/1/2767 2538/2/2768 877/3/2769 2539/4/2770
f 2589/1/2771 1352/2/2772 272/3/2773 2540/4/2774
f 2588/1/2775 2541/2/2776 411/3/2777 1051/4/2778
f 2587/1/2779 2542/2/2780 878/3/2781 2543/4/2782
f 2586/1/2783 1351/2/2784 271/3/2785 2544/4/2786
f 2585/1/2787 2545/2/2788 427/3/2789 1067/4/2790
f 2583/5/2791 2549/6/2792 412/7/2793 1052/8/2794
f 2582/5/2795 2550/6/2796 880/7/2797 2551/8/2798
f 2581/1/2799 1347/2/2800 267/3/2801 2552/4/2802
f 2580/9/2803 2553/10/2804 424/11/2805 1064/12/2806
f 2579/1/2807 2554/2/2808 881/3/2809 2555/4/2810
f 2578/9/2811 1331/10/2812 252/11/2813 2556/12/2814
f 2577/1/2815 2557/2/2816 423/3/2817 1063/4/2818
f 2576/1/2819 2558/2/2820 882/3/2821 2559/4/2822
f 2575/9/2823 1334/10/2824 255/11/2825 2560/12/2826
f 2574/9/2827 2561/10/2828 416/11/2829 1056/12/2830
f 2573/13/2831 2562/14/2832 883/15/2833 2563/16/2834
f 2572/5/2835 1333/6/2836 254/7/2837 2564/8/2838
f 2571/5/2839 2565/6/2840 420/7/2841 1060/8/2842
f 2570/5/2843 2566/6/2844 884/7/2845 2567/8/2846
f 2569/1/2847 1327/2/2848 248/3/2849 2568/4/2850
f 2566/1/2844 2569/2/2847 2568/3/2850 884/4/2845
f 691/1/707 1778/2/704 2569/3/2847 2566/4/2844
f 1778/5/704 75/6/703 1327/7/2848 2569/8/2847
f 1776/5/726 2570/6/2843 2567/7/2846 688/8/727
f 245/1/699 1324/2/708 2570/3/2843 1776/4/726
f 1324/1/708 691/2/707 2566/3/2844 2570/4/2843
f 1321/9/694 2571/10/2839 1060/11/2842 126/12/695
f 688/9/727 2567/10/2846 2571/11/2839 1321/12/694
f 2567/13/2846 884/14/2845 2565/15/2840 2571/16/2839
f 2562/1/2832 2572/2/2835 2564/3/2838 883/4/2833
f 1775/1/2851 81/2/2852 1333/3/2836 2572/4/2835
f 1773/1/746 2573/2/2831 2563/3/2834 687/4/747
f 1320/1/690 2574/2/2827 1056/3/2830 122/4/691
f 687/9/747 2563/10/2834 2574/11/2827 1320/12/690
f 2563/9/2834 883/10/2833 2561/11/2828 2574/12/2827
f 2558/1/2820 2575/2/2823 2560/3/2826 882/4/2821
f 686/9/751 1772/10/688 2575/11/2823 2558/12/2820
f 1772/1/688 82/2/687 1334/3/2824 2575/4/2823
f 1770/1/770 2576/2/2819 2559/3/2822 684/4/771
f 244/9/683 1319/10/752 2576/11/2819 1770/12/770
f 1319/1/752 686/2/751 2558/3/2820 2576/4/2819
f 1316/5/678 2577/6/2815 1063/7/2818 129/8/679
f 684/1/771 2559/2/2822 2577/3/2815 1316/4/678
f 2559/1/2822 882/2/2821 2557/3/2816 2577/4/2815
f 2554/1/2808 2578/2/2811 2556/3/2814 881/4/2809
f 683/5/775 1769/6/676 2578/7/2811 2554/8/2808
f 1769/1/676 79/2/675 1331/3/2812 2578/4/2811
f 1766/1/806 2579/2/2807 2555/3/2810 680/4/807
f 243/5/671 1315/6/776 2579/7/2807 1766/8/806
f 1315/5/776 683/6/775 2554/7/2808 2579/8/2807
f 1312/1/666 2580/2/2803 1064/3/2806 130/4/667
f 680/5/807 2555/6/2810 2580/7/2803 1312/8/666
f 2555/13/2810 881/14/2809 2553/15/2804 2580/16/2803
f 2550/1/2796 2581/2/2799 2552/3/2802 880/4/2797
f 679/1/811 1765/2/664 2581/3/2799 2550/4/2796
f 1765/9/664 95/10/663 1347/11/2800 2581/12/2799
f 1763/9/826 2582/10/2795 2551/11/2798 677/12/827
f 242/1/2853 1311/2/812 2582/3/2795 1763/4/826
f 1311/13/812 679/14/811 2550/15/2796 2582/16/2795
f 1309/1/658 2583/2/2791 1052/3/2794 118/4/659
f 677/1/827 2551/2/2798 2583/3/2791 1309/4/658
f 2551/1/2798 880/2/2797 2549/3/2792 2583/4/2791
f 1760/1/858 2584/2/2854 2548/3/2855 674/4/859
f 241/1/655 1308/2/2856 2584/3/2854 1760/4/858
f 1304/5/646 2585/6/2787 1067/7/2790 134/8/647
f 672/1/2857 2546/2/2858 2585/3/2787 1304/4/646
f 2546/1/2858 879/2/2859 2545/3/2788 2585/4/2787
f 2542/1/2780 2586/2/2783 2544/3/2786 878/4/2781
f 671/1/887 1758/2/644 2586/3/2783 2542/4/2780
f 1758/1/644 98/2/643 1351/3/2784 2586/4/2783
f 1755/1/910 2587/2/2779 2543/3/2782 668/4/911
f 240/9/639 1303/10/888 2587/11/2779 1755/12/910
f 1303/1/888 671/2/887 2542/3/2780 2587/4/2779
f 1300/9/634 2588/10/2775 1051/11/2778 117/12/635
f 668/5/911 2543/6/2782 2588/7/2775 1300/8/634
f 2543/1/2782 878/2/2781 2541/3/2776 2588/4/2775
f 2538/1/2768 2589/2/2771 2540/3/2774 877/4/2769
f 667/5/915 1754/6/632 2589/7/2771 2538/8/2768
f 1754/1/632 99/2/631 1352/3/2772 2589/4/2771
f 1752/13/930 2590/14/2767 2539/15/2770 665/16/931
f 239/1/2860 1299/2/916 2590/3/2767 1752/4/930
f 1299/1/916 667/2/915 2538/3/2768 2590/4/2767
f 1297/1/626 2591/2/2763 1070/3/2766 137/4/627
f 665/1/931 2539/2/2770 2591/3/2763 1297/4/626
f 2539/1/2770 877/2/2769 2537/3/2764 2591/4/2763
f 2534/1/2756 2592/2/2759 2536/3/2762 876/4/2757
f 1747/5/954 2593/6/2755 2535/7/2758 661/8/955
f 1293/1/622 2594/2/2751 1044/3/2754 110/4/623
f 661/1/955 2535/2/2758 2594/3/2751 1293/4/622
f 2535/1/2758 876/2/2757 2533/3/2752 2594/4/2751
f 2530/1/2744 2595/2/2747 2532/3/2750 875/4/2745
f 660/1/959 1746/2/620 2595/3/2747 2530/4/2744
f 1746/1/620 102/2/619 1355/3/2748 2595/4/2747
f 1743/1/986 2596/2/2743 2531/3/2746 657/4/987
f 236/1/615 1292/2/960 2596/3/2743 1743/4/986
f 1292/1/960 660/2/959 2530/3/2744 2596/4/2743
f 1289/1/610 2597/2/2739 1074/3/2742 140/4/611
f 657/13/987 2531/14/2746 2597/15/2739 1289/16/610
f 2531/5/2746 875/6/2745 2529/7/2740 2597/8/2739
f 656/5/991 1742/6/608 2598/7/2861 2528/8/2862
f 1742/13/608 93/14/607 1345/15/2863 2598/16/2861
f 235/9/603 1288/10/992 2599/11/2864 1739/12/1022
f 1288/13/992 656/14/991 2528/15/2862 2599/16/2864
f 2525/9/2732 2600/10/2735 2527/11/2738 874/12/2733
f 652/1/1027 1738/2/600 2600/3/2735 2525/4/2732
f 1738/9/600 104/10/599 1357/11/2736 2600/12/2735
f 1735/13/2865 2601/14/2731 2526/15/2734 650/16/2866
f 234/13/595 1285/14/1028 2601/15/2731 1735/16/2865
f 1285/1/1028 652/2/1027 2525/3/2732 2601/4/2731
f 1283/1/2867 2602/2/2727 1048/3/2730 114/4/2868
f 650/1/2866 2526/2/2734 2602/3/2727 1283/4/2867
f 2526/1/2734 874/2/2733 2524/3/2728 2602/4/2727
f 2521/1/2720 2603/2/2723 2523/3/2726 873/4/2721
f 649/1/1043 1734/2/592 2603/3/2723 2521/4/2720
f 1734/1/592 105/2/591 1358/3/2724 2603/4/2723
f 1731/1/1074 2604/2/2719 2522/3/2722 646/4/1075
f 233/1/587 1282/2/1044 2604/3/2719 1731/4/1074
f 1282/1/1044 649/2/1043 2521/3/2720 2604/4/2719
f 1279/1/582 2605/2/2715 1076/3/2718 142/4/583
f 646/9/1075 2522/10/2722 2605/11/2715 1279/12/582
f 2522/5/2722 873/6/2721 2520/7/2716 2605/8/2715
f 1275/5/570 2606/6/2869 1077/7/2870 143/8/571
f 2517/1/2708 2607/2/2711 2519/3/2714 872/4/2709
f 642/13/1107 1727/14/568 2607/15/2711 2517/16/2708
f 1727/1/568 144/2/567 1398/3/2712 2607/4/2711
f 1724/1/2871 2608/2/2707 2518/3/2710 639/4/2872
f 231/1/563 1274/2/1108 2608/3/2707 1724/4/2871
f 1274/1/1108 642/2/1107 2517/3/2708 2608/4/2707
f 1271/1/2873 2609/2/2703 1040/3/2706 106/4/2874
f 639/1/2872 2518/2/2710 2609/3/2703 1271/4/2873
f 2518/9/2710 872/10/2709 2516/11/2704 2609/12/2703
f 1723/1/1142 2610/2/2875 2514/3/2876 638/4/1143
f 1270/5/558 2611/6/2699 1079/7/2702 145/8/559
f 638/9/1143 2514/10/2876 2611/11/2699 1270/12/558
f 2514/1/2876 871/2/2877 2513/3/2700 2611/4/2699
f 1721/1/1166 2612/2/2695 2511/3/2698 636/4/1167
f 1269/1/554 2613/2/2691 1080/3/2694 146/4/555
f 636/13/1167 2511/14/2698 2613/15/2691 1269/16/554
f 2511/1/2698 870/2/2697 2509/3/2692 2613/4/2691
f 2506/5/2684 2614/6/2687 2508/7/2690 869/8/2685
f 635/1/1171 1720/2/552 2614/3/2687 2506/4/2684
f 1720/13/552 147/14/551 1401/15/2688 2614/16/2687
f 1717/1/1194 2615/2/2683 2507/3/2686 632/4/1195
f 230/1/547 1268/2/1172 2615/3/2683 1717/4/1194
f 1268/1/1172 635/2/1171 2506/3/2684 2615/4/2683
f 1714/1/1226 2616/2/2878 2504/3/2879 629/4/1227
f 229/9/543 1265/10/2880 2616/11/2878 1714/12/1226
f 1262/5/538 2617/6/2679 1082/7/2682 148/8/539
f 629/1/1227 2504/2/2879 2617/3/2679 1262/4/538
f 2504/13/2879 868/14/2881 2503/15/2680 2617/16/2679
f 2500/13/2672 2618/14/2675 2502/15/2678 867/16/2673
f 1712/1/1238 2619/2/2671 2501/3/2674 628/4/1239
f 1261/1/534 2620/2/2667 1083/3/2670 149/4/535
f 628/1/1239 2501/2/2674 2620/3/2667 1261/4/534
f 2501/1/2674 867/2/2673 2499/3/2668 2620/4/2667
f 2496/13/2660 2621/14/2663 2498/15/2666 866/16/2661
f 627/9/1243 1711/10/2882 2621/11/2663 2496/12/2660
f 1708/5/1270 2622/6/2659 2497/7/2662 624/8/1271
f 228/1/531 1260/2/1244 2622/3/2659 1708/4/1270
f 1260/1/1244 627/2/1243 2496/3/2660 2622/4/2659
f 1257/1/526 2623/2/2655 1014/3/2658 80/4/527
f 624/1/1271 2497/2/2662 2623/3/2655 1257/4/526
f 2497/5/2662 866/6/2661 2495/7/2656 2623/8/2655
f 1705/5/1302 2624/6/2651 2494/7/2654 620/8/1303
f 227/1/523 1256/2/1276 2624/3/2651 1705/4/1302
f 1256/5/1276 623/6/1275 2493/7/2652 2624/8/2651
f 1253/1/518 2625/2/2647 1084/3/2650 150/4/519
f 620/1/1303 2494/2/2654 2625/3/2647 1253/4/518
f 2494/1/2654 865/2/2653 2492/3/2648 2625/4/2647
f 2489/5/2640 2626/6/2643 2491/7/2646 864/8/2641
f 619/1/1307 1704/2/516 2626/3/2643 2489/4/2640
f 1704/9/516 141/10/515 1394/11/2644 2626/12/2643
f 1701/1/1322 2627/2/2639 2490/3/2642 616/4/1323
f 226/1/511 1252/2/1308 2627/3/2639 1701/4/1322
f 1252/1/1308 619/2/1307 2489/3/2640 2627/4/2639
f 1250/1/506 2628/2/2635 1085/3/2638 151/4/507
f 616/5/1323 2490/6/2642 2628/7/2635 1250/8/506
f 2490/1/2642 864/2/2641 2488/3/2636 2628/4/2635
f 2485/13/2628 2629/14/2631 2487/15/2634 863/16/2629
f 615/1/1327 1700/2/504 2629/3/2631 2485/4/2628
f 1700/1/504 152/2/503 1407/3/2632 2629/4/2631
f 1698/9/2883 2630/10/2627 2486/11/2630 613/12/2884
f 225/1/2885 1249/2/1328 2630/3/2627 1698/4/2883
f 1249/13/1328 615/14/1327 2485/15/2628 2630/16/2627
f 1247/1/2886 2631/2/2623 1037/3/2626 103/4/2887
f 613/5/2884 2486/6/2630 2631/7/2623 1247/8/2886
f 2486/1/2630 863/2/2629 2484/3/2624 2631/4/2623
f 1246/1/2888 2632/2/2619 1087/3/2622 153/4/2889
f 611/5/2890 2482/6/2891 2632/7/2619 1246/8/2888
f 2482/1/2891 862/2/2892 2481/3/2620 2632/4/2619
f 2478/1/2612 2633/2/2615 2480/3/2618 861/4/2613
f 610/1/1347 1696/2/500 2633/3/2615 2478/4/2612
f 1696/1/500 127/2/499 1379/3/2616 2633/4/2615
f 1694/1/2893 2634/2/2611 2479/3/2614 608/4/2894
f 224/1/2895 1245/2/1348 2634/3/2611 1694/4/2893
f 1245/1/1348 610/2/1347 2478/3/2612 2634/4/2611
f 1243/1/494 2635/2/2607 1088/3/2610 154/4/495
f 608/1/2894 2479/2/2614 2635/3/2607 1243/4/494
f 2479/5/2614 861/6/2613 2477/7/2608 2635/8/2607
f 2474/9/2600 2636/10/2603 2476/11/2606 860/12/2601
f 607/1/1371 1693/2/492 2636/3/2603 2474/4/2600
f 1693/1/492 155/2/491 1409/3/2604 2636/4/2603
f 1690/1/1402 2637/2/2599 2475/3/2602 604/4/1403
f 223/1/487 1242/2/1372 2637/3/2599 1690/4/1402
f 1242/1/1372 607/2/1371 2474/3/2600 2637/4/2599
f 604/5/1403 2475/6/2602 2638/7/2896 1239/8/2897
f 2475/5/2602 860/6/2601 2473/7/2898 2638/8/2896
f 1236/9/478 2639/10/2899 1091/11/2900 156/12/479
f 601/9/1435 2472/10/2901 2639/11/2899 1236/12/478
f 1234/13/2902 2640/14/2595 1092/15/2598 157/16/2903
f 2468/1/2588 2641/2/2591 2470/3/2594 859/4/2589
f 598/9/1455 1684/10/476 2641/11/2591 2468/12/2588
f 1684/1/476 158/2/475 1412/3/2592 2641/4/2591
f 1681/1/1486 2642/2/2587 2469/3/2590 595/4/1487
f 221/1/471 1233/2/1456 2642/3/2587 1681/4/1486
f 1233/1/1456 598/2/1455 2468/3/2588 2642/4/2587
f 1230/13/466 2643/14/2583 1010/15/2586 76/16/467
f 595/9/1487 2469/10/2590 2643/11/2583 1230/12/466
f 2469/13/2590 859/14/2589 2467/15/2584 2643/16/2583
f 2464/1/2576 2644/2/2579 2466/3/2582 858/4/2577
f 594/1/1491 1680/2/464 2644/3/2579 2464/4/2576
f 1680/1/464 159/2/463 1413/3/2580 2644/4/2579
f 1678/1/1506 2645/2/2575 2465/3/2578 592/4/1507
f 220/1/459 1229/2/1492 2645/3/2575 1678/4/1506
f 1229/1/1492 594/2/1491 2464/3/2576 2645/4/2575
f 1226/1/454 2646/2/2571 1095/3/2574 160/4/455
f 592/5/1507 2465/6/2578 2646/7/2571 1226/8/454
f 2465/1/2578 858/2/2577 2463/3/2572 2646/4/2571
f 2460/9/2564 2647/10/2567 2462/11/2570 857/12/2565
f 591/5/1511 1677/6/452 2647/7/2567 2460/8/2564
f 1677/1/452 139/2/451 1391/3/2568 2647/4/2567
f 1674/9/1534 2648/10/2563 2461/11/2566 588/12/1535
f 219/1/447 1225/2/1512 2648/3/2563 1674/4/1534
f 1225/1/1512 591/2/1511 2460/3/2564 2648/4/2563
f 1222/1/442 2649/2/2559 1096/3/2562 161/4/443
f 588/1/1535 2461/2/2566 2649/3/2559 1222/4/442
f 2461/13/2566 857/14/2565 2459/15/2560 2649/16/2559
f 2456/1/2552 2650/2/2555 2458/3/2558 856/4/2553
f 587/1/1539 1673/2/440 2650/3/2555 2456/4/2552
f 1673/5/440 162/6/439 1416/7/2556 2650/8/2555
f 1671/1/2904 2651/2/2551 2457/3/2554 585/4/2905
f 218/1/2906 1221/2/1540 2651/3/2551 1671/4/2904
f 1221/1/1540 587/2/1539 2456/3/2552 2651/4/2551
f 1219/1/2907 2652/2/2547 1035/3/2550 101/4/2908
f 585/5/2905 2457/6/2554 2652/7/2547 1219/8/2907
f 2457/1/2554 856/2/2553 2455/3/2548 2652/4/2547
f 2452/13/2540 2653/14/2543 2454/15/2546 855/16/2541
f 584/1/1551 1670/2/436 2653/3/2543 2452/4/2540
f 1670/1/436 163/2/435 1417/3/2544 2653/4/2543
f 1667/13/1578 2654/14/2539 2453/15/2542 581/16/1579
f 217/1/431 1218/2/1552 2654/3/2539 1667/4/1578
f 1218/1/1552 584/2/1551 2452/3/2540 2654/4/2539
f 1215/1/2909 2655/2/2535 1099/3/2538 164/4/2910
f 581/1/1579 2453/2/2542 2655/3/2535 1215/4/2909
f 2453/1/2542 855/2/2541 2451/3/2536 2655/4/2535
f 2448/13/2528 2656/14/2531 2450/15/2534 854/16/2529
f 580/1/1583 1666/2/428 2656/3/2531 2448/4/2528
f 1666/1/428 128/2/427 1380/3/2532 2656/4/2531
f 1663/1/1606 2657/2/2527 2449/3/2530 577/4/1607
f 216/9/423 1214/10/1584 2657/11/2527 1663/12/1606
f 1214/5/1584 580/6/1583 2448/7/2528 2657/8/2527
f 1211/1/418 2658/2/2523 1100/3/2526 165/4/419
f 577/9/1607 2449/10/2530 2658/11/2523 1211/12/418
f 2449/1/2530 854/2/2529 2447/3/2524 2658/4/2523
f 2444/1/2516 2659/2/2519 2446/3/2522 853/4/2517
f 576/13/1611 1662/14/416 2659/15/2519 2444/16/2516
f 1662/1/416 166/2/415 1419/3/2520 2659/4/2519
f 1659/13/1642 2660/14/2515 2445/15/2518 573/16/1643
f 215/1/411 1210/2/1612 2660/3/2515 1659/4/1642
f 1210/1/1612 576/2/1611 2444/3/2516 2660/4/2515
f 1207/9/406 2661/10/2511 1034/11/2514 100/12/407
f 573/5/1643 2445/6/2518 2661/7/2511 1207/8/406
f 2445/1/2518 853/2/2517 2443/3/2512 2661/4/2511
f 2440/9/2504 2662/10/2507 2442/11/2510 852/12/2505
f 572/9/1647 1658/10/404 2662/11/2507 2440/12/2504
f 1658/1/404 167/2/403 1420/3/2508 2662/4/2507
f 1655/1/1676 2663/2/2503 2441/3/2506 569/4/1677
f 214/1/399 1206/2/1648 2663/3/2503 1655/4/1676
f 1206/5/1648 572/6/1647 2440/7/2504 2663/8/2503
f 1203/1/394 2664/2/2499 1103/3/2502 168/4/395
f 569/1/1677 2441/2/2506 2664/3/2499 1203/4/394
f 2441/1/2506 852/2/2505 2439/3/2500 2664/4/2499
f 2436/1/2492 2665/2/2495 2438/3/2498 851/4/2493
f 568/1/1681 1654/2/392 2665/3/2495 2436/4/2492
f 1654/5/392 136/6/391 1388/7/2496 2665/8/2495
f 1652/13/2911 2666/14/2491 2437/15/2494 566/16/2912
f 213/13/2913 1202/14/1682 2666/15/2491 1652/16/2911
f 1202/5/1682 568/6/1681 2436/7/2492 2666/8/2491
f 1200/9/2914 2667/10/2487 1104/11/2490 169/12/2915
f 566/5/2912 2437/6/2494 2667/7/2487 1200/8/2914
f 2437/9/2494 851/10/2493 2435/11/2488 2667/12/2487
f 2432/1/2480 2668/2/2483 2434/3/2486 850/4/2481
f 565/1/1693 1651/2/388 2668/3/2483 2432/4/2480
f 1651/13/388 170/14/387 1422/15/2484 2668/16/2483
f 1649/1/1708 2669/2/2479 2433/3/2482 563/4/1709
f 212/9/383 1199/10/1694 2669/11/2479 1649/12/1708
f 1199/1/1694 565/2/1693 2432/3/2480 2669/4/2479
f 1196/5/378 2670/6/2475 1017/7/2478 83/8/379
f 563/9/1709 2433/10/2482 2670/11/2475 1196/12/378
f 2433/1/2482 850/2/2481 2431/3/2476 2670/4/2475
f 2428/1/2468 2671/2/2471 2430/3/2474 849/4/2469
f 562/5/1713 1648/6/376 2671/7/2471 2428/8/2468
f 1648/5/376 171/6/375 1423/7/2472 2671/8/2471
f 1645/13/1740 2672/14/2467 2429/15/2470 559/16/1741
f 211/5/371 1195/6/1714 2672/7/2467 1645/8/1740
f 1195/5/1714 562/6/1713 2428/7/2468 2672/8/2467
f 559/9/1741 2429/10/2470 2673/11/2916 1192/12/2917
f 2429/13/2470 849/14/2469 2427/15/2918 2673/16/2916
f 2424/1/2460 2674/2/2463 2426/3/2466 848/4/2461
f 558/9/1745 1644/10/368 2674/11/2463 2424/12/2460
f 1644/1/368 135/2/367 1387/3/2464 2674/4/2463
f 1641/1/1768 2675/2/2459 2425/3/2462 555/4/1769
f 210/13/363 1191/14/1746 2675/15/2459 1641/16/1768
f 1191/9/1746 558/10/1745 2424/11/2460 2675/12/2459
f 1188/1/2919 2676/2/2455 1107/3/2458 172/4/2920
f 555/1/1769 2425/2/2462 2676/3/2455 1188/4/2919
f 2425/1/2462 848/2/2461 2423/3/2456 2676/4/2455
f 2420/5/2448 2677/6/2451 2422/7/2454 847/8/2449
f 1639/1/1796 2678/2/2447 2421/3/2450 553/4/1797
f 1187/9/358 2679/10/2443 1031/11/2446 97/12/359
f 553/1/1797 2421/2/2450 2679/3/2443 1187/4/358
f 2421/1/2450 847/2/2449 2419/3/2444 2679/4/2443
f 2416/13/2436 2680/14/2439 2418/15/2442 846/16/2437
f 552/13/1801 1638/14/356 2680/15/2439 2416/16/2436
f 1638/1/356 173/2/355 1425/3/2440 2680/4/2439
f 1635/9/1832 2681/10/2435 2417/11/2438 549/12/1833
f 209/1/351 1186/2/1802 2681/3/2435 1635/4/1832
f 1186/5/1802 552/6/1801 2416/7/2436 2681/8/2435
f 1183/1/346 2682/2/2431 1109/3/2434 174/4/347
f 549/1/1833 2417/2/2438 2682/3/2431 1183/4/346
f 2417/5/2438 846/6/2437 2415/7/2432 2682/8/2431
f 2412/9/2424 2683/10/2427 2414/11/2430 845/12/2425
f 548/9/1837 1634/10/344 2683/11/2427 2412/12/2424
f 1634/1/344 125/2/343 1377/3/2428 2683/4/2427
f 1631/9/1868 2684/10/2423 2413/11/2426 545/12/1869
f 208/13/339 1182/14/1838 2684/15/2423 1631/16/1868
f 1182/1/1838 548/2/1837 2412/3/2424 2684/4/2423
f 1179/9/334 2685/10/2419 1110/11/2422 175/12/335
f 545/9/1869 2413/10/2426 2685/11/2419 1179/12/334
f 2413/1/2426 845/2/2425 2411/3/2420 2685/4/2419
f 2408/5/2921 2686/6/2415 2410/7/2418 844/8/2922
f 544/9/2923 1630/10/332 2686/11/2415 2408/12/2921
f 1630/1/332 176/2/331 1428/3/2416 2686/4/2415
f 2409/1/2924 844/2/2922 2407/3/2412 2687/4/2411
f 2405/1/2925 2688/2/2407 2406/3/2410 843/4/2926
f 1629/13/328 177/14/327 1429/15/2408 2688/16/2407
f 2401/1/2400 2689/2/2403 2403/3/2406 842/4/2401
f 543/1/1881 1628/2/324 2689/3/2403 2401/4/2400
f 1628/9/324 132/10/323 1384/11/2404 2689/12/2403
f 1625/13/1912 2690/14/2399 2402/15/2402 540/16/1913
f 207/1/319 1177/2/1882 2690/3/2399 1625/4/1912
f 1177/1/1882 543/2/1881 2401/3/2400 2690/4/2399
f 1174/5/314 2691/6/2395 1113/7/2398 178/8/315
f 540/1/1913 2402/2/2402 2691/3/2395 1174/4/314
f 2402/1/2402 842/2/2401 2400/3/2396 2691/4/2395
f 2397/1/2388 2692/2/2391 2399/3/2394 841/4/2389
f 539/9/2927 1624/10/2928 2692/11/2391 2397/12/2388
f 1624/1/2928 179/2/2929 1431/3/2392 2692/4/2391
f 1622/9/1928 2693/10/2387 2398/11/2390 537/12/1929
f 206/1/2930 1173/2/2931 2693/3/2387 1622/4/1928
f 1173/1/2931 539/2/2927 2397/3/2388 2693/4/2387
f 1171/1/310 2694/2/2383 1018/3/2386 84/4/311
f 537/1/1929 2398/2/2390 2694/3/2383 1171/4/310
f 2398/1/2390 841/2/2389 2396/3/2384 2694/4/2383
f 2393/5/2376 2695/6/2379 2395/7/2382 840/8/2377
f 536/5/1933 1621/6/308 2695/7/2379 2393/8/2376
f 1621/9/308 180/10/307 1432/11/2380 2695/12/2379
f 1618/5/1960 2696/6/2375 2394/7/2378 533/8/1961
f 205/1/303 1170/2/1934 2696/3/2375 1618/4/1960
f 1170/1/1934 536/2/1933 2393/3/2376 2696/4/2375
f 533/1/1961 2394/2/2378 2697/3/2932 1167/4/2933
f 2394/5/2378 840/6/2377 2392/7/2934 2697/8/2932
f 2390/5/2935 2698/6/2371 2391/7/2374 839/8/2936
f 532/1/2937 1617/2/300 2698/3/2371 2390/4/2935
f 1617/1/300 131/2/299 1383/3/2372 2698/4/2371
f 1615/9/296 181/10/295 1433/11/2368 2699/12/2367
f 1608/1/2032 2700/2/2938 2387/3/2939 525/4/2033
f 203/9/283 1163/10/2002 2700/11/2938 1608/12/2032
f 525/1/2033 2387/2/2939 2701/3/2940 1160/4/278
f 2384/9/2360 2702/10/2363 2386/11/2366 838/12/2361
f 524/9/2037 1607/10/276 2702/11/2363 2384/12/2360
f 1607/13/276 113/14/275 1365/15/2364 2702/16/2363
f 1604/1/2068 2703/2/2359 2385/3/2362 521/4/2069
f 202/1/271 1159/2/2038 2703/3/2359 1604/4/2068
f 1159/5/2038 524/6/2037 2384/7/2360 2703/8/2359
f 1156/13/266 2704/14/2355 1117/15/2358 184/16/267
f 521/13/2069 2385/14/2362 2704/15/2355 1156/16/266
f 2385/1/2362 838/2/2361 2383/3/2356 2704/4/2355
f 2380/9/2348 2705/10/2351 2382/11/2354 837/12/2349
f 520/5/2073 1603/6/264 2705/7/2351 2380/8/2348
f 1603/13/264 185/14/263 1437/15/2352 2705/16/2351
f 1601/1/2941 2706/2/2347 2381/3/2350 518/4/2942
f 201/1/2943 1155/2/2074 2706/3/2347 1601/4/2941
f 1155/13/2074 520/14/2073 2380/15/2348 2706/16/2347
f 1153/1/2944 2707/2/2343 1028/3/2346 94/4/2945
f 518/5/2942 2381/6/2350 2707/7/2343 1153/8/2944
f 2381/1/2350 837/2/2349 2379/3/2344 2707/4/2343
f 2376/13/2336 2708/14/2339 2378/15/2342 836/16/2337
f 517/1/2085 1600/2/260 2708/3/2339 2376/4/2336
f 1600/1/260 186/2/259 1438/3/2340 2708/4/2339
f 1598/1/2946 2709/2/2335 2377/3/2338 515/4/2947
f 200/13/2948 1152/14/2086 2709/15/2335 1598/16/2946
f 1152/1/2086 517/2/2085 2376/3/2336 2709/4/2335
f 1150/1/2949 2710/2/2331 1120/3/2334 187/4/2950
f 515/13/2947 2377/14/2338 2710/15/2331 1150/16/2949
f 2377/1/2338 836/2/2337 2375/3/2332 2710/4/2331
f 2372/1/2324 2711/2/2327 2374/3/2330 835/4/2325
f 514/1/2097 1597/2/256 2711/3/2327 2372/4/2324
f 1597/5/256 116/6/255 1368/7/2328 2711/8/2327
f 1594/1/2128 2712/2/2323 2373/3/2326 511/4/2129
f 199/1/251 1149/2/2098 2712/3/2323 1594/4/2128
f 1149/1/2098 514/2/2097 2372/3/2324 2712/4/2323
f 511/1/2129 2373/2/2326 2713/3/2951 1146/4/2952
f 2373/13/2326 835/14/2325 2371/15/2953 2713/16/2951
f 2368/1/2316 2714/2/2319 2370/3/2322 834/4/2317
f 1592/5/2954 2715/6/2315 2369/7/2318 510/8/2955
f 1145/1/2956 2716/2/2311 1022/3/2314 88/4/2957
f 510/1/2955 2369/2/2318 2716/3/2311 1145/4/2956
f 2369/1/2318 834/2/2317 2367/3/2312 2716/4/2311
f 2364/1/2304 2717/2/2307 2366/3/2310 833/4/2305
f 509/9/2133 1591/10/248 2717/11/2307 2364/12/2304
f 1591/1/248 188/2/247 1440/3/2308 2717/4/2307
f 1588/9/2156 2718/10/2303 2365/11/2306 506/12/2157
f 198/9/243 1144/10/2134 2718/11/2303 1588/12/2156
f 1144/1/2134 509/2/2133 2364/3/2304 2718/4/2303
f 1141/1/238 2719/2/2299 1122/3/2302 189/4/239
f 506/13/2157 2365/14/2306 2719/15/2299 1141/16/238
f 2365/1/2306 833/2/2305 2363/3/2300 2719/4/2299
f 2360/5/2292 2720/6/2295 2362/7/2298 832/8/2293
f 505/1/2161 1587/2/236 2720/3/2295 2360/4/2292
f 1587/1/236 115/2/235 1367/3/2296 2720/4/2295
f 1584/1/2192 2721/2/2291 2361/3/2294 502/4/2193
f 197/1/231 1140/2/2162 2721/3/2291 1584/4/2192
f 1140/1/2162 505/2/2161 2360/3/2292 2721/4/2291
f 1137/1/226 2722/2/2287 1123/3/2290 190/4/227
f 502/1/2193 2361/2/2294 2722/3/2287 1137/4/226
f 2361/1/2294 832/2/2293 2359/3/2288 2722/4/2287
f 2356/13/2280 2723/14/2283 2358/15/2286 831/16/2281
f 501/1/2197 1583/2/224 2723/3/2283 2356/4/2280
f 1583/13/224 191/14/223 1443/15/2284 2723/16/2283
f 1580/13/2228 2724/14/2279 2357/15/2282 498/16/2229
f 196/13/219 1136/14/2198 2724/15/2279 1580/16/2228
f 1136/1/2198 501/2/2197 2356/3/2280 2724/4/2279
f 1133/1/214 2725/2/2275 1026/3/2278 92/4/215
f 498/1/2229 2357/2/2282 2725/3/2275 1133/4/214
f 2357/1/2282 831/2/2281 2355/3/2276 2725/4/2275
f 2352/1/2268 2726/2/2271 2354/3/2274 830/4/2269
f 495/5/2245 1577/6/208 2726/7/2271 2352/8/2268
f 1577/1/208 109/2/207 1361/3/2272 2726/4/2271
f 1574/9/2958 2727/10/2267 2353/11/2270 492/12/2959
f 194/1/203 1130/2/2246 2727/3/2267 1574/4/2958
f 1130/9/2246 495/10/2245 2352/11/2268 2727/12/2267
f 492/1/2959 2353/2/2270 2728/3/2960 1127/4/2961
f 2353/1/2270 830/2/2269 2351/3/2962 2728/4/2960
f 494/1/2257 1576/2/204 2729/3/2963 2350/4/2964
f 1576/1/204 194/2/203 1574/3/2958 2729/4/2963
f 192/13/211 1129/14/2258 2730/15/2965 1444/16/2966
f 1129/5/2258 494/6/2257 2350/7/2964 2730/8/2965
f 2347/9/2260 2731/10/2263 2349/11/2266 829/12/2261
f 316/1/1103 1397/2/572 2731/3/2263 2347/4/2260
f 1397/5/572 143/6/571 1575/7/2264 2731/8/2263
f 1572/1/2240 2732/2/2259 2348/3/2262 490/4/2241
f 61/1/51 956/2/1104 2732/3/2259 1572/4/2240
f 956/1/1104 316/2/1103 2347/3/2260 2732/4/2259
f 1125/1/210 2733/2/2255 1129/3/2258 192/4/211
f 490/1/2241 2348/2/2262 2733/3/2255 1125/4/210
f 2348/9/2262 829/10/2261 2346/11/2256 2733/12/2255
f 2343/1/2248 2734/2/2251 2345/3/2254 828/4/2249
f 437/1/2967 1521/2/2968 2734/3/2251 2343/4/2248
f 1521/9/2968 12/10/2969 1485/11/2252 2734/12/2251
f 1575/13/2264 2735/14/2247 2344/15/2250 493/16/2265
f 143/1/571 1077/2/2870 2735/3/2247 1575/4/2264
f 1077/1/2870 437/2/2967 2343/3/2248 2735/4/2247
f 1128/9/202 2736/10/2243 1130/11/2246 194/12/203
f 493/1/2265 2344/2/2250 2736/3/2243 1128/4/202
f 2344/9/2250 828/10/2249 2342/11/2244 2736/12/2243
f 396/17/967 1478/18/966 3789/19/2970 3790/20/2971
f 193/21/2972 1445/22/2973 3771/23/2974 3519/24/2975
f 927/21/2976 2818/22/2977 4708/23/2978 3392/24/2979
f 1145/21/2956 88/22/2957 3529/23/2980 3528/24/2981
f 2593/21/2755 1747/22/954 4554/23/2982 4610/24/2983
f 192/25/211 1444/26/2966 3769/27/2984 4539/28/2985
f 179/17/2929 1624/18/2928 3899/19/2986 3507/20/2987
f 2339/1/2236 2737/2/2239 2341/3/2242 827/4/2237
f 400/5/2705 1482/6/52 2737/7/2239 2339/8/2236
f 1482/1/52 61/2/51 1572/3/2240 2737/4/2239
f 1578/1/2988 2738/2/2235 2340/3/2238 496/4/2989
f 106/1/2874 1040/2/2706 2738/3/2235 1578/4/2988
f 1040/1/2706 400/2/2705 2339/3/2236 2738/4/2235
f 1131/9/2990 2739/10/2231 1132/11/2234 195/12/2991
f 496/5/2989 2340/6/2238 2739/7/2231 1131/8/2990
f 2340/1/2238 827/2/2237 2338/3/2232 2739/4/2231
f 2335/13/2224 2740/14/2227 2337/15/2230 826/16/2225
f 500/5/2209 1582/6/220 2740/7/2227 2335/8/2224
f 1582/1/220 196/2/219 1580/3/2228 2740/4/2227
f 1357/1/2736 2741/2/2223 2336/3/2226 277/4/2737
f 104/9/599 1135/10/2210 2741/11/2223 1357/12/2736
f 1135/5/2210 500/6/2209 2335/7/2224 2741/8/2223
f 916/13/42 2742/14/2219 904/15/2222 17/16/43
f 277/1/2737 2336/2/2226 2742/3/2219 916/4/42
f 2336/1/2226 826/2/2225 2334/3/2220 2742/4/2219
f 2331/9/2212 2743/10/2215 2333/11/2218 825/12/2213
f 365/1/2992 1445/2/2973 2743/3/2215 2331/4/2212
f 1445/5/2973 193/6/2972 1581/7/2216 2743/8/2215
f 1480/1/1034 2744/2/2211 2332/3/2214 398/4/1035
f 59/9/75 1006/10/2993 2744/11/2211 1480/12/1034
f 1006/1/2993 365/2/2992 2331/3/2212 2744/4/2211
f 1038/1/598 2745/2/2207 1135/3/2210 104/4/599
f 398/1/1035 2332/2/2214 2745/3/2207 1038/4/598
f 2332/5/2214 825/6/2213 2330/7/2208 2745/8/2207
f 2327/1/2200 2746/2/2203 2329/3/2206 824/4/2201
f 491/9/2994 1573/10/2995 2746/11/2203 2327/12/2200
f 322/17/2996 2505/18/2997 4463/19/2998 3722/20/2999
f 1581/1/2216 2747/2/2199 2328/3/2202 499/4/2217
f 193/9/2972 1126/10/3000 2747/11/2199 1581/12/2216
f 1126/1/3000 491/2/2994 2327/3/2200 2747/4/2199
f 1134/1/218 2748/2/2195 1136/3/2198 196/4/219
f 499/13/2217 2328/14/2202 2748/15/2195 1134/16/218
f 2328/1/2202 824/2/2201 2326/3/2196 2748/4/2195
f 2323/1/2188 2749/2/2191 2325/3/2194 823/4/2189
f 504/1/2173 1586/2/232 2749/3/2191 2323/4/2188
f 1586/1/232 197/2/231 1584/3/2192 2749/4/2191
f 1440/9/2308 2750/10/2187 2324/11/2190 361/12/2309
f 188/1/247 1139/2/2174 2750/3/2187 1440/4/2308
f 1139/1/2174 504/2/2173 2323/3/2188 2750/4/2187
f 1002/1/190 2751/2/2183 1004/3/2186 72/4/191
f 361/5/2309 2324/6/2190 2751/7/2183 1002/8/190
f 2324/1/2190 823/2/2189 2322/3/2184 2751/4/2183
f 2319/5/2176 2752/6/2179 2321/7/2182 822/8/2177
f 312/1/1015 1393/2/3001 2752/3/2179 2319/4/2176
f 3099/17/3002 1750/18/3003 4013/19/3004 4853/20/3005
f 1568/13/2140 2753/14/2175 2320/15/2178 486/16/2141
f 58/13/79 952/14/1016 2753/15/2175 1568/16/2140
f 952/5/1016 312/6/1015 2319/7/2176 2753/8/2175
f 1121/9/246 2754/10/2171 1139/11/2174 188/12/247
f 486/9/2141 2320/10/2178 2754/11/2171 1121/12/246
f 2320/1/2178 822/2/2177 2318/3/2172 2754/4/2171
f 2315/13/2164 2755/14/2167 2317/15/2170 821/16/2165
f 1273/29/1120 641/30/1119 3992/31/3006 3631/32/3007
f 206/29/2930 1623/30/3008 4545/31/3009 3556/32/3010
f 1585/1/2180 2756/2/2163 2316/3/2166 503/4/2181
f 868/29/2881 2504/30/2879 4595/31/3011 4462/32/3012
f 689/17/3013 1785/18/3014 4558/19/3015 4046/20/3016
f 1138/5/230 2757/6/2159 1140/7/2162 197/8/231
f 503/1/2181 2316/2/2166 2757/3/2159 1138/4/230
f 2316/1/2166 821/2/2165 2314/3/2160 2757/4/2159
f 2311/1/2152 2758/2/2155 2313/3/2158 820/4/2153
f 508/1/2145 1590/2/244 2758/3/2155 2311/4/2152
f 1590/1/244 198/2/243 1588/3/2156 2758/4/2155
f 1391/1/2568 2759/2/2151 2312/3/2154 311/4/2569
f 139/13/451 1143/14/2146 2759/15/2151 1391/16/2568
f 1143/5/2146 508/6/2145 2311/7/2152 2759/8/2151
f 950/5/102 2760/6/2147 1003/7/2150 56/8/103
f 311/1/2569 2312/2/2154 2760/3/2147 950/4/102
f 2312/5/2154 820/6/2153 2310/7/2148 2760/8/2147
f 1354/29/2760 2592/30/2759 4609/31/3017 4530/32/3018
f 1418/25/420 3099/26/3002 4853/27/3005 3743/28/3019
f 639/29/2872 1271/30/2873 3629/31/3020 3990/32/3021
f 393/25/923 1474/26/922 3785/27/3022 3786/28/3023
f 2592/29/2759 2534/30/2756 4597/31/3024 4609/32/3017
f 392/29/895 1473/30/894 3783/31/3025 3784/32/3026
f 1072/1/450 2761/2/2143 1143/3/2146 139/4/451
f 1298/21/3027 239/22/2860 3648/23/3028 3647/24/3029
f 939/17/114 300/18/2533 3708/19/3030 4503/20/3031
f 2306/13/2136 2762/14/2139 2308/15/2142 819/16/2137
f 397/1/2625 1479/2/80 2762/3/2139 2306/4/2136
f 1479/1/80 58/2/79 1568/3/2140 2762/4/2139
f 1589/1/3032 2763/2/2135 2307/3/2138 507/4/3033
f 103/9/2887 1037/10/2626 2763/11/2135 1589/12/3032
f 1037/1/2626 397/2/2625 2306/3/2136 2763/4/2135
f 1142/1/242 2764/2/2131 1144/3/2134 198/4/243
f 507/1/3033 2307/2/2138 2764/3/2131 1142/4/242
f 2307/9/2138 819/10/2137 2305/11/2132 2764/12/2131
f 3098/29/3034 975/30/106 4507/31/3035 4852/32/3036
f 368/29/3037 1781/30/3038 4050/31/3039 3776/32/3040
f 238/21/3041 1296/22/936 3646/23/3042 3644/24/3043
f 1354/13/2760 2765/14/3044 2304/15/3045 274/16/2761
f 1818/21/810 3136/22/809 4874/23/3046 4562/24/3047
f 1868/21/944 386/22/943 4312/23/3048 4564/24/3049
f 913/13/34 2766/14/3050 900/15/3051 13/16/35
f 274/13/2761 2304/14/3045 2766/15/3050 913/16/34
f 692/29/3052 1780/30/3053 4049/31/3054 4048/32/3055
f 736/29/1199 1964/30/1204 4172/31/3056 4173/32/3057
f 362/1/2149 1441/2/240 2767/3/3058 2303/4/3059
f 1441/1/240 189/2/239 1593/3/3060 2767/4/3058
f 949/29/3061 3098/30/3034 4852/31/3036 4504/32/3062
f 56/13/103 1003/14/2150 2768/15/3063 1477/16/3064
f 1003/1/2150 362/2/2149 2303/3/3059 2768/4/3063
f 2175/21/1786 554/22/1785 4295/23/3065 4301/24/3066
f 557/21/1757 1643/22/364 3919/23/3067 3920/24/3068
f 3213/29/3069 1979/30/1242 4573/31/3070 4919/32/3071
f 1295/25/3072 238/26/3041 3644/27/3043 3643/28/3073
f 487/1/2301 1569/2/192 2769/3/3074 2302/4/3075
f 1569/5/192 72/6/191 1567/7/3076 2769/8/3074
f 2174/17/1782 788/18/1781 4302/19/3077 4299/20/3078
f 189/9/239 1122/10/2302 2770/11/3079 1593/12/3060
f 1122/1/2302 487/2/2301 2302/3/3075 2770/4/3079
f 3342/25/3080 969/26/3081 3413/27/3082 4981/28/3083
f 2017/17/1344 449/18/1343 4228/19/3084 4214/20/3085
f 3136/29/809 1311/30/812 3658/31/3086 4874/32/3046
f 2299/5/2124 2771/6/2127 2301/7/2130 818/8/2125
f 513/1/2109 1596/2/252 2771/3/2127 2299/4/2124
f 1596/1/252 199/2/251 1594/3/2128 2771/4/2127
f 1438/1/2340 2772/2/2123 2300/3/2126 358/4/2341
f 186/1/259 1148/2/2110 2772/3/2123 1438/4/2340
f 1148/1/2110 513/2/2109 2299/3/2124 2772/4/2123
f 999/5/182 2773/6/2119 1000/7/2122 71/8/183
f 358/1/2341 2300/2/2126 2773/3/2119 999/4/182
f 2300/9/2126 818/10/2125 2298/11/2120 2773/12/2119
f 2295/1/2112 2774/2/2115 2297/3/2118 817/4/2113
f 310/13/3087 1390/14/3088 2774/15/2115 2295/16/2112
f 1390/1/3088 138/2/3089 1595/3/2116 2774/4/2115
f 1565/13/2092 2775/14/2111 2296/15/2114 484/16/2093
f 55/13/107 949/14/3061 2775/15/2111 1565/16/2092
f 949/13/3061 310/14/3087 2295/15/2112 2775/16/2111
f 1119/13/258 2776/14/2107 1148/15/2110 186/16/259
f 484/1/2093 2296/2/2114 2776/3/2107 1119/4/258
f 2296/1/2114 817/2/2113 2294/3/2108 2776/4/2107
f 2291/1/2100 2777/2/2103 2293/3/2106 816/4/2101
f 431/1/3090 1514/2/3091 2777/3/2103 2291/4/2100
f 1514/1/3091 18/2/3092 1492/3/2104 2777/4/2103
f 1595/13/2116 2778/14/2099 2292/15/2102 512/16/2117
f 138/1/3089 1071/2/3093 2778/3/2099 1595/4/2116
f 1071/1/3093 431/2/3090 2291/3/2100 2778/4/2099
f 1147/1/250 2779/2/2095 1149/3/2098 199/4/251
f 512/1/2117 2292/2/2102 2779/3/2095 1147/4/250
f 2292/1/2102 816/2/2101 2290/3/2096 2779/4/2095
f 2473/29/2898 3342/30/3080 4981/31/3083 4452/32/3094
f 1711/29/2882 3213/30/3069 4919/31/3071 4548/32/3095
f 2016/29/1340 750/30/1339 4215/31/3096 4213/32/3097
f 2172/25/1778 470/26/1777 4083/27/3098 4296/28/3099
f 182/29/287 1434/30/3100 3763/31/3101 4537/32/3102
f 195/17/2991 1132/18/2234 3527/19/3103 3525/20/3104
f 2171/29/1774 787/30/1773 4297/31/3105 4294/32/3106
f 292/29/3107 931/30/3108 4502/31/3109 3704/32/3110
f 1613/29/1988 183/30/279 3513/31/3111 3887/32/3112
f 2493/29/2652 623/30/1275 3970/31/3113 4458/32/3114
f 81/17/2852 1775/18/2851 4043/19/3115 3437/20/3116
f 291/25/3117 930/26/3118 3394/27/3119 3702/28/3120
f 1131/29/2990 195/30/2991 3525/31/3104 3524/32/3121
f 1926/17/1102 3052/18/1101 4833/19/3122 4568/20/3123
f 1462/29/3124 382/30/3125 3780/31/3126 3779/32/3127
f 2420/25/2448 2678/26/2447 4639/27/3128 4592/28/3129
f 1535/17/1378 2973/18/1377 4777/19/3130 4542/20/3131
f 1612/17/3132 204/18/291 3548/19/3133 3885/20/3134
f 2287/13/2088 2780/14/2091 2289/15/2094 815/16/2089
f 395/13/2549 1476/14/108 2780/15/2091 2287/16/2088
f 1476/1/108 55/2/107 1565/3/2092 2780/4/2091
f 1599/13/3135 2781/14/2087 2288/15/2090 516/16/3136
f 101/9/2908 1035/10/2550 2781/11/2087 1599/12/3135
f 1035/1/2550 395/2/2549 2287/3/2088 2781/4/2087
f 1151/9/3137 2782/10/2083 1152/11/2086 200/12/2948
f 516/1/3136 2288/2/2090 2782/3/2083 1151/4/3137
f 2288/5/2090 815/6/2089 2286/7/2084 2782/8/2083
f 697/29/759 1800/30/758 4064/31/3138 4065/32/3139
f 2492/17/2648 865/18/2653 4459/19/3140 4457/20/3141
f 2678/29/2447 1639/30/1796 4546/31/3142 4639/32/3128
f 2973/17/1377 2028/18/1374 4577/19/3143 4777/20/3130
f 1611/25/288 182/26/287 4537/27/3102 3883/28/3144
f 3052/29/1101 1928/30/3145 4569/31/3146 4833/32/3122
f 2890/21/3147 2140/22/3148 4277/23/3149 4748/24/3150
f 951/17/90 3341/18/89 4979/19/3151 3400/20/3152
f 980/29/3153 2890/30/3147 4748/31/3150 4509/32/3154
f 3341/29/89 2471/30/2596 4593/31/3155 4979/32/3151
f 3051/17/3156 1927/18/3157 4134/19/3158 4832/20/3159
f 1424/25/2452 2677/26/2451 4638/27/3160 4536/28/3161
f 286/17/3162 925/18/3163 4501/19/3164 3700/20/3165
f 1102/17/402 464/18/1655 3830/19/3166 3496/20/3167
f 2677/17/2451 2420/18/2448 4592/19/3129 4638/20/3160
f 1509/17/3168 2815/18/1963 4705/19/3169 3795/20/3170
f 1101/25/414 463/26/1619 3828/27/3171 3494/28/3172
f 3097/21/3173 1869/22/3174 4113/23/3175 4848/24/3176
f 2283/1/2076 2783/2/2079 2285/3/2082 814/4/2077
f 485/9/2333 1566/10/184 2783/11/2079 2283/12/2076
f 1566/1/184 71/2/183 1564/3/2080 2783/4/2079
f 1602/1/3177 2784/2/2075 2284/3/2078 519/4/3178
f 187/1/2950 1120/2/2334 2784/3/2075 1602/4/3177
f 1120/9/2334 485/10/2333 2283/11/2076 2784/12/2075
f 1154/1/3179 2785/2/2071 1155/3/2074 201/4/2943
f 519/1/3178 2284/2/2078 2785/3/2071 1154/4/3179
f 2284/13/2078 814/14/2077 2282/15/2072 2785/16/2071
f 2279/1/2064 2786/2/2067 2281/3/2070 813/4/2065
f 523/1/2049 1606/2/272 2786/3/2067 2279/4/2064
f 1606/1/272 202/2/271 1604/3/2068 2786/4/2067
f 1434/1/3100 2787/2/2063 2280/3/2066 354/4/3180
f 182/1/287 1158/2/2050 2787/3/2063 1434/4/3100
f 1158/1/2050 523/2/2049 2279/3/2064 2787/4/2063
f 995/5/3181 2788/6/2059 997/7/2062 70/8/3182
f 354/1/3180 2280/2/2066 2788/3/2059 995/4/3181
f 2280/1/2066 813/2/2065 2278/3/2060 2788/4/2059
f 2275/1/2052 2789/2/2055 2277/3/2058 812/4/2053
f 306/1/879 1386/2/648 2789/3/2055 2275/4/2052
f 1386/1/648 134/2/647 1605/3/2056 2789/4/2055
f 1562/1/2008 2790/2/2051 2276/3/2054 481/4/2009
f 51/5/139 945/6/880 2790/7/2051 1562/8/2008
f 945/1/880 306/2/879 2275/3/2052 2790/4/2051
f 1116/1/286 2791/2/2047 1158/3/2050 182/4/287
f 481/1/2009 2276/2/2054 2791/3/2047 1116/4/286
f 2276/9/2054 812/10/2053 2274/11/2048 2791/12/2047
f 2271/1/2040 2792/2/2043 2273/3/2046 811/4/2041
f 427/1/2789 1510/2/24 2792/3/2043 2271/4/2040
f 1510/5/24 16/6/23 1489/7/2044 2792/8/2043
f 1605/1/2056 2793/2/2039 2272/3/2042 522/4/2057
f 134/1/647 1067/2/2790 2793/3/2039 1605/4/2056
f 1067/1/2790 427/2/2789 2271/3/2040 2793/4/2039
f 1157/9/270 2794/10/2035 1159/11/2038 202/12/271
f 522/1/2057 2272/2/2042 2794/3/2035 1157/4/270
f 2272/13/2042 811/14/2041 2270/15/2036 2794/16/2035
f 2267/1/2028 2795/2/2031 2269/3/2034 810/4/2029
f 527/1/2013 1610/2/284 2795/3/2031 2267/4/2028
f 1610/9/284 203/10/283 1608/11/2032 2795/12/2031
f 1383/13/2372 2796/14/2027 2268/15/2030 303/16/2373
f 131/13/299 1162/14/2014 2796/15/2027 1383/16/2372
f 1162/1/2014 527/2/2013 2267/3/2028 2796/4/2027
f 942/13/166 2797/14/2023 996/15/2026 48/16/167
f 303/1/2373 2268/2/2030 2797/3/2023 942/4/166
f 2268/1/2030 810/2/2029 2266/3/2024 2797/4/2023
f 2263/1/2016 2798/2/2019 2265/3/2022 809/4/2017
f 270/1/1789 1350/2/360 2798/3/2019 2263/4/2016
f 1350/1/360 97/2/359 1609/3/2020 2798/4/2019
f 1507/9/1964 2799/10/2015 2264/11/2018 425/12/1965
f 21/1/3183 909/2/1790 2799/3/2015 1507/4/1964
f 909/1/1790 270/2/1789 2263/3/2016 2799/4/2015
f 1065/1/298 2800/2/2011 1162/3/2014 131/4/299
f 425/9/1965 2264/10/2018 2800/11/2011 1065/12/298
f 2264/5/2018 809/6/2017 2262/7/2012 2800/8/2011
f 2259/1/2004 2801/2/2007 2261/3/2010 808/4/2005
f 391/1/2445 1472/2/140 2801/3/2007 2259/4/2004
f 1472/5/140 51/6/139 1562/7/2008 2801/8/2007
f 1609/13/2020 2802/14/2003 2260/15/2006 526/16/2021
f 97/5/359 1031/6/2446 2802/7/2003 1609/8/2020
f 1031/9/2446 391/10/2445 2259/11/2004 2802/12/2003
f 1161/5/282 2803/6/1999 1163/7/2002 203/8/283
f 526/5/2021 2260/6/2006 2803/7/1999 1161/8/282
f 2260/13/2006 808/14/2005 2258/15/2000 2803/16/1999
f 2255/1/1996 2804/2/3184 2257/3/3185 807/4/1997
f 530/5/1981 1614/6/292 2804/7/3184 2255/8/1996
f 1614/1/292 204/2/291 1612/3/3132 2804/4/3184
f 1347/13/2800 2805/14/1995 2256/15/1998 267/16/2801
f 95/1/663 1165/2/1982 2805/3/1995 1347/4/2800
f 1165/13/1982 530/14/1981 2255/15/1996 2805/16/1995
f 906/1/18 2806/2/1991 905/3/1994 20/4/19
f 267/1/2801 2256/2/1998 2806/3/1991 906/4/18
f 2256/1/1998 807/2/1997 2254/3/1992 2806/4/1991
f 2251/1/1984 2807/2/1987 2253/3/1990 806/4/1985
f 355/1/2025 1435/2/280 2807/3/1987 2251/4/1984
f 1435/1/280 183/2/279 1613/3/1988 2807/4/1987
f 1469/9/814 2808/10/1983 2252/11/1986 388/12/815
f 48/1/167 996/2/2026 2808/3/1983 1469/4/814
f 996/5/2026 355/6/2025 2251/7/1984 2808/8/1983
f 1029/13/662 2809/14/1979 1165/15/1982 95/16/663
f 388/1/815 2252/2/1986 2809/3/1979 1029/4/662
f 2252/5/1986 806/6/1985 2250/7/1980 2809/8/1979
f 2815/25/1963 2241/26/1966 4348/27/3186 4705/28/3169
f 1126/29/3000 193/30/2972 3519/31/2975 3518/32/3187
f 1928/21/3145 3051/22/3156 4832/23/3159 4569/24/3146
f 1748/17/3188 3097/18/3173 4848/19/3176 4005/20/3189
f 1951/17/1168 733/18/3190 4163/19/3191 4165/20/3192
f 329/29/3193 2483/30/3194 4456/31/3195 3728/32/3196
f 1950/17/3197 318/18/3198 3720/19/3199 4164/20/3200
f 1097/21/438 459/22/1547 3826/23/3201 3492/24/3202
f 3096/21/3203 1477/22/3064 3787/23/3204 4847/24/3205
f 59/25/75 953/26/74 3404/27/3206 3405/28/3207
f 862/25/2892 2482/26/2891 4455/27/3208 4454/28/3209
f 1283/21/2867 114/22/2868 3636/23/3210 3635/24/3211
f 1432/1/2380 2810/2/1975 2248/3/1978 352/4/2381
f 180/1/307 1166/2/1970 2810/3/1975 1432/4/2380
f 1166/13/1970 531/14/1969 2247/15/1976 2810/16/1975
f 1869/25/3174 3096/26/3203 4847/27/3205 4113/28/3175
f 352/13/2381 2248/14/1978 2811/15/3212 993/16/3213
f 2248/1/1978 805/2/1977 2246/3/3214 2811/4/3212
f 2243/13/1972 2812/14/3215 2245/15/3216 804/16/1973
f 305/5/851 1385/6/652 2812/7/3215 2243/8/1972
f 187/29/2950 1602/30/3177 3879/31/3217 3536/32/3218
f 1559/13/1940 2813/14/1971 2244/15/1974 478/16/1941
f 50/1/151 944/2/852 2813/3/1971 1559/4/1940
f 944/1/852 305/2/851 2243/3/1972 2813/4/1971
f 1114/1/306 2814/2/1967 1166/3/1970 180/4/307
f 478/9/1941 2244/10/1974 2814/11/1967 1114/12/306
f 2244/1/1974 804/2/1973 2242/3/1968 2814/4/1967
f 201/29/2943 1601/30/2941 3877/31/3219 3543/32/3220
f 669/25/3221 1854/26/3222 4092/27/3223 4024/28/3224
f 1509/9/3168 21/10/3183 1507/11/1964 2815/12/1963
f 242/25/2853 1764/26/3225 4035/27/3226 3656/28/3227
f 732/21/1155 1948/22/1160 4160/23/3228 4161/24/3229
f 618/17/3230 2009/18/3231 4199/19/3232 4193/20/3233
f 2889/17/1691 1197/18/382 4520/19/3234 4745/20/3235
f 1423/29/2472 171/30/375 3575/31/3236 3751/32/3237
f 57/29/91 951/30/90 3400/31/3152 3401/32/3238
f 2237/1/1956 2816/2/1959 2239/3/1962 803/4/1957
f 535/1/1945 1620/2/304 2816/3/1959 2237/4/1956
f 1620/1/304 205/2/303 1618/3/1960 2816/4/1959
f 1368/9/2328 2817/10/1955 2238/11/1958 288/12/2329
f 116/1/255 1169/2/1946 2817/3/1955 1368/4/2328
f 1169/1/1946 535/2/1945 2237/3/1956 2817/4/1955
f 711/17/3239 1853/18/3240 4091/19/3241 4090/20/3242
f 288/1/2329 2238/2/1958 2818/3/2977 927/4/2976
f 2238/1/1958 803/2/1957 2236/3/3243 2818/4/2977
f 2233/1/1948 2819/2/1951 2235/3/1954 802/4/1949
f 269/1/3244 1349/2/3245 2819/3/1951 2233/4/1948
f 1349/9/3245 96/10/3246 1619/11/1952 2819/12/1951
f 1492/1/2104 2820/2/1947 2234/3/1950 410/4/2105
f 18/1/3092 908/2/3247 2820/3/1947 1492/4/2104
f 908/5/3247 269/6/3244 2233/7/1948 2820/8/1947
f 1050/9/254 2821/10/1943 1169/11/1946 116/12/255
f 410/9/2105 2234/10/1950 2821/11/1943 1050/12/254
f 2234/1/1950 802/2/1949 2232/3/1944 2821/4/1943
f 2229/1/1936 2822/2/1939 2231/3/1942 801/4/1937
f 390/1/2413 1471/2/152 2822/3/1939 2229/4/1936
f 1471/1/152 50/2/151 1559/3/1940 2822/4/1939
f 1619/9/1952 2823/10/1935 2230/11/1938 534/12/1953
f 96/1/3246 1030/2/2414 2823/3/1935 1619/4/1952
f 1030/1/2414 390/2/2413 2229/3/1936 2823/4/1935
f 1168/1/302 2824/2/1931 1170/3/1934 205/4/303
f 534/1/1953 2230/2/1938 2824/3/1931 1168/4/302
f 2230/9/1938 801/10/1937 2228/11/1932 2824/12/1931
f 2225/13/1924 2825/14/1927 2227/15/1930 800/16/1925
f 538/1/1917 1623/2/3008 2825/3/1927 2225/4/1924
f 1623/5/3008 206/6/2930 1622/7/1928 2825/8/1927
f 1334/5/2824 2826/6/1923 2226/7/1926 255/8/2825
f 82/1/687 1172/2/1918 2826/3/1923 1334/4/2824
f 1172/1/1918 538/2/1917 2225/3/1924 2826/4/1923
f 894/5/10 2827/6/1919 896/7/1922 9/8/11
f 255/9/2825 2226/10/1926 2827/11/1919 894/12/10
f 2226/1/1926 800/2/1925 2224/3/1920 2827/4/1919
f 439/17/1131 1947/18/1156 4158/19/3248 4159/20/3249
f 748/17/3250 2008/18/3251 4197/19/3252 4200/20/3253
f 2142/21/3254 2889/22/1691 4745/23/3235 4281/24/3255
f 695/17/731 1792/18/736 4053/19/3256 4054/20/3257
f 917/21/46 278/22/2725 3694/23/3258 3386/24/3259
f 1448/21/3260 368/22/3037 3776/23/3040 3775/24/3261
f 1016/1/686 2828/2/1915 1172/3/1918 82/4/687
f 101/17/2908 1599/18/3135 3873/19/3262 3587/20/3263
f 454/17/3264 1091/18/2900 4516/19/3265 3822/20/3266
f 232/25/575 1278/26/1080 3633/27/3267 3634/28/3268
f 3095/21/3269 1871/22/3270 4565/23/3271 4846/24/3272
f 200/17/2948 1598/18/2946 3871/19/3273 3538/20/3274
f 731/25/1147 1945/26/1152 4155/27/3275 4156/28/3276
f 1294/29/3277 3095/30/3269 4846/31/3272 4525/32/3278
f 1420/29/2508 167/30/403 3497/31/3279 3747/32/3280
f 53/29/127 947/30/126 3398/31/3281 3399/32/3282
f 2812/17/3215 1385/18/652 4531/19/3283 4704/20/3284
f 637/17/1159 1944/18/1148 4153/19/3285 4154/20/3286
f 2220/1/1908 2829/2/1911 2222/3/1914 799/4/1909
f 542/13/1893 1627/14/320 2829/15/1911 2220/16/1908
f 1627/1/320 207/2/319 1625/3/1912 2829/4/1911
f 1429/1/2408 2830/2/1907 2221/3/1910 349/4/2409
f 177/9/327 1176/10/1894 2830/11/1907 1429/12/2408
f 1176/5/1894 542/6/1893 2220/7/1908 2830/8/1907
f 989/1/154 2831/2/1903 991/3/1906 69/4/155
f 349/1/2409 2221/2/1910 2831/3/1903 989/4/154
f 2221/9/1910 799/10/1909 2219/11/1904 2831/12/1903
f 2216/1/1896 2832/2/1899 2218/3/1902 798/4/1897
f 378/9/3287 1020/10/3288 2832/11/1899 2216/12/1896
f 1020/9/3288 86/10/3289 1626/11/1900 2832/12/1899
f 1556/13/1876 2833/14/1895 2217/15/1898 475/16/1877
f 37/1/3290 1458/2/3291 2833/3/1895 1556/4/1876
f 1458/1/3291 378/2/3287 2216/3/1896 2833/4/1895
f 1112/13/326 2834/14/1891 1176/15/1894 177/16/327
f 475/5/1877 2217/6/1898 2834/7/1891 1112/8/326
f 2217/9/1898 798/10/1897 2215/11/1892 2834/12/1891
f 2212/13/1884 2835/14/1887 2214/15/1890 797/16/1885
f 259/1/3292 898/2/3293 2835/3/1887 2212/4/1884
f 898/1/3293 11/2/3294 1508/3/1888 2835/4/1887
f 1626/5/1900 2836/6/1883 2213/7/1886 541/8/1901
f 86/13/3289 1338/14/3295 2836/15/1883 1626/16/1900
f 1338/9/3295 259/10/3292 2212/11/1884 2836/12/1883
f 1175/5/318 2837/6/1879 1177/7/1882 207/8/319
f 541/1/1901 2213/2/1886 2837/3/1879 1175/4/318
f 2213/1/1886 797/2/1885 2211/3/1880 2837/4/1879
f 915/17/1396 276/18/1395 3690/19/3296 3384/20/3297
f 747/25/3298 2005/26/3299 4192/27/3300 4195/28/3301
f 3094/29/3302 1870/30/3303 4118/31/3304 4845/32/3305
f 1419/29/2520 166/30/415 3495/31/3306 3745/32/3307
f 52/29/135 946/30/134 3396/31/3308 3397/32/3309
f 2245/25/3216 2812/26/3215 4704/27/3284 4585/28/3310
f 939/1/114 2838/2/3311 990/3/3312 45/4/115
f 914/25/38 275/26/2749 3688/27/3313 3382/28/3314
f 1445/17/2973 365/18/2992 3772/19/3315 3771/20/2974
f 3330/25/3316 982/26/3317 3421/27/3318 4978/28/3319
f 2811/17/3212 2246/18/3214 4349/19/3320 4703/20/3321
f 2673/21/2916 2427/22/2918 4442/23/3322 4637/24/3323
f 1504/9/1590 2839/10/3324 2210/11/3325 422/12/1591
f 6/1/3326 1496/2/3327 2839/3/3324 1504/4/1590
f 1496/1/3327 414/2/3328 2209/3/3329 2839/4/3324
f 1062/1/426 2840/2/3330 1178/3/3331 128/4/427
f 422/1/1591 2210/2/3325 2840/3/3330 1062/4/426
f 2427/25/2918 3330/26/3316 4978/27/3319 4442/28/3322
f 1624/29/2928 539/30/2927 3900/31/3332 3899/32/2986
f 993/17/3213 2811/18/3212 4703/19/3321 3425/20/3333
f 931/5/3108 37/6/3290 1556/7/1876 2841/8/1875
f 672/25/2857 1847/26/3334 4088/27/3335 4026/28/3336
f 105/29/591 1273/30/1120 3631/31/3007 3632/32/3337
f 1871/17/3270 3094/18/3302 4845/19/3305 4565/20/3271
f 1192/17/2917 2673/18/2916 4637/19/3323 3576/20/3338
f 1417/17/2544 163/18/435 3583/19/3339 3739/20/3340
f 1416/17/2556 162/18/439 3493/19/3341 3737/20/3342
f 1317/29/682 3172/30/681 4893/31/3343 4527/32/3344
f 1991/21/1278 2999/22/1277 4802/23/3345 4189/24/3346
f 911/17/30 272/18/2773 3684/19/3347 3379/20/3348
f 1271/29/2873 106/30/2874 3630/31/3349 3629/32/3020
f 614/25/3350 1248/26/3351 3612/27/3352 3966/28/3353
f 1415/17/444 161/18/443 4535/19/3354 3735/20/3355
f 3172/21/681 1799/22/754 4561/23/3356 4893/24/3343
f 2999/29/1277 1706/30/1290 4547/31/3357 4802/32/3345
f 910/29/26 271/30/2785 3682/31/3358 3378/32/3359
f 2144/29/1696 2888/30/1695 4742/31/3360 4581/32/3361
f 613/21/2884 1247/22/2886 3610/23/3362 3964/24/3363
f 1843/29/876 673/30/875 4080/31/3364 4084/32/3365
f 1466/1/942 2842/2/3366 2207/3/3367 386/4/943
f 45/1/115 990/2/3312 2842/3/3366 1466/4/942
f 2111/17/1608 3248/18/417 4939/19/3368 4268/20/3369
f 2888/17/1695 1371/18/3370 3701/19/3371 4742/20/3360
f 269/29/3244 908/30/3247 3377/31/3372 3680/32/3373
f 1842/17/872 708/18/871 4085/19/3374 4082/20/3375
f 2205/1/3376 2843/2/1871 2206/3/1874 796/4/3377
f 476/1/3378 1557/2/156 2843/3/1871 2205/4/3376
f 1557/1/156 69/2/155 1555/3/1872 2843/4/1871
f 3248/25/417 1418/26/420 3743/27/3019 4939/28/3368
f 1016/17/686 3171/18/685 4892/19/3379 4511/20/3380
f 1781/21/3038 692/22/3052 4048/23/3055 4050/24/3039
f 268/29/3381 907/30/3382 3375/31/3383 3678/32/3384
f 157/21/2903 1411/22/3385 3733/23/3386 3592/24/3387
f 3171/17/685 1798/18/750 4560/19/3388 4892/20/3379
f 2201/1/1864 2844/2/1867 2203/3/1870 795/4/1865
f 547/5/1849 1633/6/340 2844/7/1867 2201/8/1864
f 1633/5/340 208/6/339 1631/7/1868 2844/8/1867
f 1425/9/2440 2845/10/1863 2202/11/1866 345/12/2441
f 173/9/355 1181/10/1850 2845/11/1863 1425/12/2440
f 1181/5/1850 547/6/1849 2201/7/1864 2845/8/1863
f 985/1/142 2846/2/1859 987/3/1862 68/4/143
f 345/5/2441 2202/6/1866 2846/7/1859 985/8/142
f 2202/9/1866 795/10/1865 2200/11/1860 2846/12/1859
f 2197/1/1852 2847/2/1855 2199/3/1858 794/4/1853
f 367/9/3389 1008/10/3390 2847/11/1855 2197/12/1852
f 1008/13/3390 74/14/3391 1632/15/1856 2847/16/1855
f 1552/1/1808 2848/2/1851 2198/3/1854 471/4/1809
f 26/5/3392 1447/6/3393 2848/7/1851 1552/8/1808
f 1447/1/3393 367/2/3389 2197/3/1852 2848/4/1851
f 1108/1/354 2849/2/1847 1181/3/1850 173/4/355
f 471/1/1809 2198/2/1854 2849/3/1847 1108/4/354
f 2198/13/1854 794/14/1853 2196/15/1848 2849/16/1847
f 2193/5/1840 2850/6/1843 2195/7/1846 793/8/1841
f 247/1/3394 886/2/3395 2850/3/1843 2193/4/1840
f 886/13/3395 2/14/3396 1501/15/1844 2850/16/1843
f 1632/1/1856 2851/2/1839 2194/3/1842 546/4/1857
f 74/1/3391 1326/2/3397 2851/3/1839 1632/4/1856
f 1326/5/3397 247/6/3394 2193/7/1840 2851/8/1839
f 1180/1/338 2852/2/1835 1182/3/1838 208/4/339
f 546/1/1857 2194/2/1842 2852/3/1835 1180/4/338
f 2194/9/1842 793/10/1841 2192/11/1836 2852/12/1835
f 2189/1/1828 2853/2/1831 2191/3/1834 792/4/1829
f 551/9/1813 1637/10/352 2853/11/1831 2189/12/1828
f 1637/1/352 209/2/351 1635/3/1832 2853/4/1831
f 1384/1/2404 2854/2/1827 2190/3/1830 304/4/2405
f 132/1/323 1185/2/1814 2854/3/1827 1384/4/2404
f 1185/1/1814 551/2/1813 2189/3/1828 2854/4/1827
f 943/1/158 2855/2/1823 986/3/1826 49/4/159
f 304/1/2405 2190/2/1830 2855/3/1823 943/4/158
f 2190/9/1830 792/10/1829 2188/11/1824 2855/12/1823
f 2185/1/1816 2856/2/1819 2187/3/1822 791/4/1817
f 402/5/3398 1042/6/3399 2856/7/1819 2185/8/1816
f 1042/1/3399 108/2/3400 1636/3/1820 2856/4/1819
f 1508/5/1888 2857/6/1815 2186/7/1818 426/8/1889
f 11/1/3294 1484/2/3401 2857/3/1815 1508/4/1888
f 1484/1/3401 402/2/3398 2185/3/1816 2857/4/1815
f 1066/1/322 2858/2/1811 1185/3/1814 132/4/323
f 426/1/1889 2186/2/1818 2858/3/1811 1066/4/322
f 2186/13/1818 791/14/1817 2184/15/1812 2858/16/1811
f 2181/1/1804 2859/2/1807 2183/3/1810 790/4/1805
f 280/1/3402 919/2/3403 2859/3/1807 2181/4/1804
f 919/13/3403 26/14/3392 1552/15/1808 2859/16/1807
f 1636/1/1820 2860/2/1803 2182/3/1806 550/4/1821
f 108/1/3400 1360/2/3404 2860/3/1803 1636/4/1820
f 1360/1/3404 280/2/3402 2181/3/1804 2860/4/1803
f 1184/1/350 2861/2/1799 1186/3/1802 209/4/351
f 550/13/1821 2182/14/1806 2861/15/1799 1184/16/350
f 2182/1/1806 790/2/1805 2180/3/1800 2861/4/1799
f 2177/1/1792 2862/2/1795 2179/3/1798 789/4/1793
f 103/21/2887 1589/22/3032 3861/23/3405 3611/24/3406
f 1780/17/3053 689/18/3013 4046/19/3016 4049/20/3054
f 1348/1/3407 2863/2/1791 2178/3/1794 268/4/3381
f 611/17/2890 1246/18/2888 3604/19/3408 3956/20/3409
f 3131/25/3410 1825/26/3411 4075/27/3412 4869/28/3413
f 907/1/3382 2864/2/1787 909/3/1790 21/4/3183
f 268/1/3381 2178/2/1794 2864/3/1787 907/4/3382
f 2178/1/1794 789/2/1793 2176/3/1788 2864/4/1787
f 2173/13/1780 2865/14/1783 2175/15/1786 788/16/1781
f 346/13/1825 1426/14/348 2865/15/1783 2173/16/1780
f 1426/9/348 174/10/347 1640/11/1784 2865/12/1783
f 1470/1/834 2866/2/1779 2174/3/1782 389/4/835
f 49/1/159 986/2/1826 2866/3/1779 1470/4/834
f 986/1/1826 346/2/1825 2173/3/1780 2866/4/1779
f 2966/29/3414 2039/30/3415 4233/31/3416 4776/32/3417
f 531/25/1969 1616/26/3418 3895/27/3419 3896/28/3420
f 1237/17/482 2966/18/3414 4776/19/3417 3597/20/3421
f 2170/1/1772 2867/2/1775 2172/3/1778 787/4/1773
f 472/1/2433 1553/2/144 2867/3/1775 2170/4/1772
f 1553/5/144 68/6/143 1551/7/1776 2867/8/1775
f 1640/1/1784 2868/2/1771 2171/3/1774 554/4/1785
f 174/1/347 1109/2/2434 2868/3/1771 1640/4/1784
f 1109/1/2434 472/2/2433 2170/3/1772 2868/4/1771
f 169/29/2915 1753/30/3422 4019/31/3423 3578/32/3424
f 239/21/2860 1752/22/930 4555/23/3425 3648/24/3028
f 1308/29/2856 3131/30/3410 4869/31/3413 4526/32/3426
f 608/25/2894 1243/26/494 4522/27/3427 3952/28/3428
f 1434/29/3100 354/30/3180 3764/31/3429 3763/32/3101
f 1643/9/364 210/10/363 1641/11/1768 2869/12/1767
f 2408/21/2921 844/22/2922 4440/23/3430 4439/24/3431
f 467/29/3432 2143/30/3433 4282/31/3434 3832/32/3435
f 172/17/2920 1107/18/2458 3500/19/3436 3501/20/3437
f 1990/17/1274 743/18/1279 4190/19/3438 4188/20/3439
f 780/17/3440 2142/18/3254 4281/19/3255 4280/20/3441
f 529/29/1989 1613/30/1988 3887/31/3112 3888/32/3442
f 2166/1/1760 2870/2/1763 2168/3/1766 786/4/1761
f 309/13/927 1389/14/628 2870/15/1763 2166/16/1760
f 1389/1/628 137/2/627 1642/3/1764 2870/4/1763
f 1549/1/1720 2871/2/1759 2167/3/1762 468/4/1721
f 54/13/119 948/14/928 2871/15/1759 1549/16/1720
f 948/1/928 309/2/927 2166/3/1760 2871/4/1759
f 1106/1/374 2872/2/1755 1190/3/1758 171/4/375
f 468/1/1721 2167/2/1762 2872/3/1755 1106/4/374
f 2167/1/1762 786/2/1761 2165/3/1756 2872/4/1755
f 2162/5/1748 2873/6/1751 2164/7/1754 785/8/1749
f 430/1/2765 1513/2/32 2873/3/1751 2162/4/1748
f 1513/9/32 22/10/31 1511/11/1752 2873/12/1751
f 1642/5/1764 2874/6/1747 2163/7/1750 556/8/1765
f 137/1/627 1070/2/2766 2874/3/1747 1642/4/1764
f 1070/1/2766 430/2/2765 2162/3/1748 2874/4/1747
f 1189/1/362 2875/2/1743 1191/3/1746 210/4/363
f 556/5/1765 2163/6/1750 2875/7/1743 1189/8/362
f 2163/9/1750 785/10/1749 2161/11/1744 2875/12/1743
f 2158/9/1736 2876/10/1739 2160/11/1742 784/12/1737
f 561/1/1725 1647/2/372 2876/3/1739 2158/4/1736
f 1647/1/372 211/2/371 1645/3/1740 2876/4/1739
f 1019/1/3443 2877/2/1735 2159/3/1738 377/4/3444
f 85/9/3445 1194/10/1726 2877/11/1735 1019/12/3443
f 1194/5/1726 561/6/1725 2158/7/1736 2877/8/1735
f 1457/1/3446 2878/2/3447 983/3/3448 36/4/3449
f 377/1/3444 2159/2/1738 2878/3/3447 1457/4/3446
f 2159/1/1738 784/2/1737 2157/3/3450 2878/4/3447
f 2154/5/1728 2879/6/1731 2156/7/1734 783/8/1729
f 273/1/1635 1353/2/408 2879/3/1731 2154/4/1728
f 1353/13/408 100/14/407 1646/15/1732 2879/16/1731
f 897/1/3451 2880/2/1727 2155/3/1730 258/4/3452
f 10/1/3453 912/2/1636 2880/3/1727 897/4/3451
f 912/1/1636 273/2/1635 2154/3/1728 2880/4/1727
f 1337/1/3454 2881/2/1723 1194/3/1726 85/4/3445
f 258/1/3452 2155/2/1730 2881/3/1723 1337/4/3454
f 2155/9/1730 783/10/1729 2153/11/1724 2881/12/1723
f 2150/9/1716 2882/10/1719 2152/11/1722 782/12/1717
f 394/1/2513 1475/2/120 2882/3/1719 2150/4/1716
f 1475/13/120 54/14/119 1549/15/1720 2882/16/1719
f 1646/1/1732 2883/2/1715 2151/3/1718 560/4/1733
f 100/9/407 1034/10/2514 2883/11/1715 1646/12/1732
f 1034/1/2514 394/2/2513 2150/3/1716 2883/4/1715
f 1193/1/370 2884/2/1711 1195/3/1714 211/4/371
f 560/1/1733 2151/2/1718 2884/3/1711 1193/4/370
f 2151/13/1718 782/14/1717 2149/15/1712 2884/16/1711
f 2146/9/1704 2885/10/1707 2148/11/1710 781/12/1705
f 564/1/1697 1650/2/384 2885/3/1707 2146/4/1704
f 1650/1/384 212/2/383 1649/3/1708 2885/4/1707
f 1053/13/3455 2886/14/1703 2147/15/1706 413/16/3456
f 119/1/3457 1198/2/1698 2886/3/1703 1053/4/3455
f 1198/13/1698 564/14/1697 2146/15/1704 2886/16/1703
f 1495/1/3458 2887/2/1699 895/3/1702 5/4/3459
f 413/1/3456 2147/2/1706 2887/3/1699 1495/4/3458
f 2147/1/1706 781/2/1705 2145/3/1700 2887/4/1699
f 930/17/3118 36/18/3449 3395/19/3460 3394/20/3119
f 1994/21/1286 2997/22/1285 4800/23/3461 4574/24/3462
f 3245/29/3463 1215/30/2909 3584/31/3464 4938/32/3465
f 437/25/2967 1077/26/2870 4515/27/3466 3812/28/3467
f 2997/25/1285 1491/26/2168 4541/27/3468 4800/28/3461
f 262/17/3469 901/18/3470 3367/19/3471 3668/20/3472
f 1371/13/3370 2888/14/1695 1198/15/1698 119/16/3457
f 2099/29/3473 3245/30/3463 4938/31/3465 4263/32/3474
f 528/29/2001 1611/30/288 3883/31/3144 3884/32/3475
f 2405/17/2925 843/18/2926 4437/19/3476 4436/20/3477
f 237/25/3478 1749/26/3479 4007/27/3480 3640/28/3481
f 261/21/3482 900/22/3051 4500/23/3483 3666/24/3484
f 1579/21/212 192/22/211 4539/23/2985 3859/24/3485
f 2404/17/3486 476/18/3378 4435/19/3487 4434/20/3488
f 161/25/443 1748/26/3188 4005/27/3189 4535/28/3354
f 1197/1/382 2889/2/1691 1199/3/1694 212/4/383
f 260/29/3489 899/30/3490 3365/31/3491 3664/32/3492
f 2142/1/3254 780/2/3440 2141/3/1692 2889/4/1691
f 1075/25/514 435/26/1315 3808/27/3493 3476/28/3494
f 3169/29/3495 1015/30/3496 3436/31/3497 4890/32/3498
f 1706/25/1290 2996/26/1289 4799/27/3499 4547/28/3357
f 1747/29/954 237/30/3478 3640/31/3481 4554/32/2982
f 3286/17/3500 2257/18/3185 4586/19/3501 4959/20/3502
f 106/21/2874 1578/22/2988 3855/23/3503 3630/24/3349
f 978/1/122 2890/2/3147 980/3/3153 67/4/123
f 340/1/2509 2140/2/3148 2890/3/3147 978/4/122
f 2996/17/1289 1994/18/1286 4574/19/3462 4799/20/3499
f 167/25/403 1102/26/402 3496/27/3167 3497/28/3279
f 2842/17/3366 990/18/3312 4510/19/3504 4728/20/3505
f 1346/17/3506 3286/18/3500 4959/19/3502 4529/20/3507
f 1792/25/736 3169/26/3495 4890/27/3498 4053/28/3256
f 166/29/415 1101/30/414 3494/31/3172 3495/32/3306
f 2207/17/3367 2842/18/3366 4728/19/3505 4311/20/3508
f 1073/25/3509 433/26/1443 3804/27/3510 3472/28/3511
f 1072/17/450 432/18/1519 3802/19/3512 4514/20/3513
f 805/17/1977 2247/18/1976 4350/19/3514 4351/20/3515
f 2137/1/1684 2891/2/1687 2139/3/1690 779/4/1685
f 263/1/3516 902/2/3517 2891/3/1687 2137/4/1684
f 902/1/3517 15/2/3518 1512/3/1688 2891/4/1687
f 1653/1/3519 2892/2/1683 2138/3/1686 567/4/3520
f 90/13/3521 1342/14/3522 2892/15/1683 1653/16/3519
f 1342/5/3522 263/6/3516 2137/7/1684 2892/8/1683
f 1201/1/3523 2893/2/1679 1202/3/1682 213/4/2913
f 567/9/3520 2138/10/1686 2893/11/1679 1201/12/3523
f 2138/1/1686 779/2/1685 2136/3/1680 2893/4/1679
f 2133/5/1672 2894/6/1675 2135/7/1678 778/8/1673
f 571/5/1659 1657/6/400 2894/7/1675 2133/8/1672
f 1657/13/400 214/14/399 1655/15/1676 2894/16/1675
f 1007/1/3524 2895/2/1671 2134/3/1674 366/4/3525
f 73/9/3526 1205/10/1660 2895/11/1671 1007/12/3524
f 1205/1/1660 571/2/1659 2133/3/1672 2895/4/1671
f 1446/5/3527 2896/6/1667 979/7/1670 25/8/3528
f 366/9/3525 2134/10/1674 2896/11/1667 1446/12/3527
f 2134/1/1674 778/2/1673 2132/3/1668 2896/4/1667
f 2129/9/1661 2897/10/1663 2131/11/1666 777/12/1662
f 418/1/1661 1058/2/3529 2897/3/1663 2129/4/1661
f 1058/9/3529 124/10/3530 1656/11/1664 2897/12/1663
f 885/5/1661 2898/6/1661 2130/7/1661 246/8/1661
f 1/1/1661 1500/2/1661 2898/3/1661 885/4/1661
f 1500/9/1661 418/10/1661 2129/11/1661 2898/12/1661
f 1325/1/1657 2899/2/1657 1205/3/1660 73/4/3526
f 246/9/1661 2130/10/1661 2899/11/1657 1325/12/1657
f 2130/5/1661 777/6/1662 2128/7/1658 2899/8/1657
f 2125/1/1650 2900/2/1653 2127/3/1656 776/4/1651
f 296/1/3531 935/2/3532 2900/3/1653 2125/4/1650
f 935/1/3532 41/2/3533 1546/3/1654 2900/4/1653
f 1656/9/1664 2901/10/1649 2126/11/1652 570/12/1665
f 124/1/3530 1376/2/3534 2901/3/1649 1656/4/1664
f 1376/9/3534 296/10/3531 2125/11/1650 2901/12/1649
f 1204/1/398 2902/2/1645 1206/3/1648 214/4/399
f 570/1/1665 2126/2/1652 2902/3/1645 1204/4/398
f 2126/13/1652 776/14/1651 2124/15/1646 2902/16/1645
f 2121/1/1638 2903/2/1641 2123/3/1644 775/4/1639
f 575/1/1623 1661/2/412 2903/3/1641 2121/4/1638
f 1661/1/412 215/2/411 1659/3/1642 2903/4/1641
f 1041/13/3535 2904/14/1637 2122/15/1640 401/16/3536
f 107/9/3537 1209/10/1624 2904/11/1637 1041/12/3535
f 1209/1/1624 575/2/1623 2121/3/1638 2904/4/1637
f 1483/1/3538 2905/2/1633 912/3/1636 10/4/3453
f 401/1/3536 2122/2/1640 2905/3/1633 1483/4/3538
f 2122/9/1640 775/10/1639 2120/11/1634 2905/12/1633
f 2117/1/1626 2906/2/1629 2119/3/1632 774/4/1627
f 341/1/1669 1421/2/396 2906/3/1629 2117/4/1626
f 1421/1/396 168/2/395 1660/3/1630 2906/4/1629
f 918/1/3539 2907/2/1625 2118/3/1628 279/4/3540
f 25/13/3528 979/14/1670 2907/15/1625 918/16/3539
f 979/13/1670 341/14/1669 2117/15/1626 2907/16/1625
f 1359/1/3541 2908/2/1621 1209/3/1624 107/4/3537
f 279/13/3540 2118/14/1628 2908/15/1621 1359/16/3541
f 2118/5/1628 774/6/1627 2116/7/1622 2908/8/1621
f 2113/9/1614 2909/10/1617 2115/11/1620 773/12/1615
f 465/5/2501 1547/6/124 2909/7/1617 2113/8/1614
f 1547/13/124 67/14/123 1545/15/1618 2909/16/1617
f 1660/1/1630 2910/2/1613 2114/3/1616 574/4/1631
f 168/9/395 1103/10/2502 2910/11/1613 1660/12/1630
f 1103/1/2502 465/2/2501 2113/3/1614 2910/4/1613
f 1208/5/410 2911/6/1609 1210/7/1612 215/8/411
f 574/1/1631 2114/2/1616 2911/3/1609 1208/4/410
f 2114/13/1616 773/14/1615 2112/15/1610 2911/16/1609
f 431/25/3090 1071/26/3093 3470/27/3542 3800/28/3543
f 2730/29/2965 2350/30/2964 4408/31/3544 4662/32/3545
f 1665/5/424 216/6/423 1663/7/1606 2912/8/1605
f 1444/17/2966 2730/18/2965 4662/19/3545 3769/20/2984
f 920/25/3546 27/26/3547 3391/27/3548 3390/28/3549
f 162/29/439 1097/30/438 3492/31/3202 3493/32/3341
f 1980/17/1246 446/18/2649 3820/19/3550 4185/20/3551
f 2770/29/3079 2302/30/3075 4380/31/3552 4684/32/3553
f 2584/21/2854 1308/22/2856 4526/23/3426 4602/24/3554
f 2108/1/1598 2913/2/1601 2110/3/1604 772/4/1599
f 371/1/3555 1012/2/3556 2913/3/1601 2108/4/1598
f 1012/13/3556 78/14/3557 1664/15/1602 2913/16/1601
f 1542/1/1558 2914/2/1597 2109/3/1600 460/4/1559
f 30/5/3558 1451/6/3559 2914/7/1597 1542/8/1558
f 1451/1/3559 371/2/3555 2108/3/1598 2914/4/1597
f 1098/1/434 2915/2/1593 1213/3/1596 163/4/435
f 460/1/1559 2109/2/1600 2915/3/1593 1098/4/434
f 2109/13/1600 772/14/1599 2107/15/1594 2915/16/1593
f 2104/5/1586 2916/6/1589 2106/7/1592 771/8/1587
f 251/1/3560 890/2/3561 2916/3/1589 2104/4/1586
f 890/1/3561 6/2/3326 1504/3/1590 2916/4/1589
f 1664/1/1602 2917/2/1585 2105/3/1588 578/4/1603
f 78/1/3557 1330/2/3562 2917/3/1585 1664/4/1602
f 1330/1/3562 251/2/3560 2104/3/1586 2917/4/1585
f 1212/13/422 2918/14/1581 1214/15/1584 216/16/423
f 578/1/1603 2105/2/1588 2918/3/1581 1212/4/422
f 2105/13/1588 771/14/1587 2103/15/1582 2918/16/1581
f 2100/1/1574 2919/2/1577 2102/3/1580 770/4/1575
f 583/13/1563 1669/14/432 2919/15/1577 2100/16/1574
f 1669/1/432 217/2/431 1667/3/1578 2919/4/1577
f 1388/9/2496 2920/10/1573 2101/11/1576 308/12/2497
f 136/9/391 1217/10/1564 2920/11/1573 1388/12/2496
f 1217/1/1564 583/2/1563 2100/3/1574 2920/4/1573
f 1068/17/366 428/18/1753 3798/19/3563 3468/20/3564
f 308/1/2497 2101/2/1576 2921/3/3565 947/4/126
f 2101/1/1576 770/2/1575 2099/3/3473 2921/4/3565
f 2096/9/1566 2922/10/1569 2098/11/1572 769/12/1567
f 406/1/3566 1046/2/3567 2922/3/1569 2096/4/1566
f 1046/1/3567 112/2/3568 1668/3/1570 2922/4/1569
f 1512/1/1688 2923/2/1565 2097/3/1568 429/4/1689
f 15/5/3518 1488/6/3569 2923/7/1565 1512/8/1688
f 1488/1/3569 406/2/3566 2096/3/1566 2923/4/1565
f 1069/1/390 2924/2/1561 1217/3/1564 136/4/391
f 429/1/1689 2097/2/1568 2924/3/1561 1069/4/390
f 2097/1/1568 769/2/1567 2095/3/1562 2924/4/1561
f 2092/13/1554 2925/14/1557 2094/15/1560 768/16/1555
f 284/13/3570 923/14/3571 2925/15/1557 2092/16/1554
f 923/9/3571 30/10/3558 1542/11/1558 2925/12/1557
f 1668/9/1570 2926/10/1553 2093/11/1556 582/12/1571
f 112/1/3568 1364/2/3572 2926/3/1553 1668/4/1570
f 1364/1/3572 284/2/3570 2092/3/1554 2926/4/1553
f 1216/5/430 2927/6/1549 1218/7/1552 217/8/431
f 582/5/1571 2093/6/1556 2927/7/1549 1216/8/430
f 2093/9/1556 768/10/1555 2091/11/1550 2927/12/1549
f 1979/21/1242 740/22/1247 4186/23/3573 4573/24/3070
f 1602/29/3177 519/30/3178 3880/31/3574 3879/32/3217
f 1593/17/3060 2770/18/3079 4684/19/3553 3865/20/3575
f 2548/17/2855 2584/18/2854 4602/19/3554 4497/20/3576
f 2249/29/3577 3284/30/293 4958/31/3578 4357/32/3579
f 2729/17/2963 1574/18/2958 3851/19/3580 4661/20/3581
f 1601/25/2941 518/26/2942 3878/27/3582 3877/28/3219
f 1764/17/3225 678/18/3583 4036/19/3584 4035/20/3226
f 3284/17/293 1615/18/296 3889/19/3585 4958/20/3578
f 343/17/2473 1423/18/2472 3751/19/3237 3752/20/3586
f 2350/29/2964 2729/30/2963 4661/31/3581 4408/32/3544
f 1737/17/596 234/18/595 4553/19/3587 4001/20/3588
f 2769/29/3074 1567/30/3076 3845/31/3589 4683/32/3590
f 24/29/47 917/30/46 3386/31/3259 3387/32/3591
f 1404/21/2664 2621/22/2663 4626/23/3592 3723/24/3593
f 1394/25/2644 141/26/515 3477/27/3594 3717/28/3595
f 1599/17/3135 516/18/3136 3874/19/3596 3873/20/3262
f 2302/25/3075 2769/26/3074 4683/27/3590 4380/28/3552
f 2088/13/1542 2928/14/1545 2090/15/1548 767/16/1543
f 461/1/2537 1543/2/112 2928/3/1545 2088/4/1542
f 1543/5/112 66/6/111 1541/7/1546 2928/8/1545
f 1672/9/3597 2929/10/1541 2089/11/1544 586/12/3598
f 164/1/2910 1099/2/2538 2929/3/1541 1672/4/3597
f 1099/13/2538 461/14/2537 2088/15/1542 2929/16/1541
f 1220/1/3599 2930/2/1537 1221/3/1540 218/4/2906
f 586/1/3598 2089/2/1544 2930/3/1537 1220/4/3599
f 2089/9/1544 767/10/1543 2087/11/1538 2930/12/1537
f 2084/1/1530 2931/2/1533 2086/3/1536 766/4/1531
f 590/1/1523 1676/2/448 2931/3/1533 2084/4/1530
f 1676/1/448 219/2/447 1674/3/1534 2931/4/1533
f 1413/1/2580 2932/2/1529 2085/3/1532 334/4/2581
f 159/1/463 1224/2/1524 2932/3/1529 1413/4/2580
f 1224/1/1524 590/2/1523 2084/3/1530 2932/4/1529
f 972/5/98 2933/6/1525 974/7/1528 65/8/99
f 334/13/2581 2085/14/1532 2933/15/1525 972/16/98
f 2085/9/1532 766/10/1531 2083/11/1526 2933/12/1525
f 234/29/595 1735/30/2865 3999/31/3600 4553/32/3587
f 2728/25/2960 2351/26/2962 4412/27/3601 4660/28/3602
f 2240/21/3603 532/22/2937 4344/23/3604 4343/24/3605
f 1598/25/2946 515/26/2947 3872/27/3606 3871/28/3273
f 2621/29/2663 1711/30/2882 4548/31/3095 4626/32/3592
f 340/17/2509 1420/18/2508 3747/19/3280 3748/20/3607
f 1094/9/462 2934/10/1521 1224/11/1524 159/12/463
f 1127/17/2961 2728/18/2960 4660/19/3602 3522/20/3608
f 1392/25/612 140/26/611 4532/27/3609 3715/28/3610
f 2078/9/1514 2935/10/1517 2080/11/1520 765/12/1515
f 434/1/2741 1517/2/40 2935/3/1517 2078/4/1514
f 1517/5/40 23/6/39 1515/7/1518 2935/8/1517
f 1675/1/3611 2936/2/1513 2079/3/1516 589/4/3612
f 140/13/611 1074/14/2742 2936/15/1513 1675/16/3611
f 1074/9/2742 434/10/2741 2078/11/1514 2936/12/1513
f 1223/13/446 2937/14/1509 1225/15/1512 219/16/447
f 589/5/3612 2079/6/1516 2937/7/1509 1223/8/446
f 2079/13/1516 765/14/1515 2077/15/1510 2937/16/1509
f 2074/1/1502 2938/2/1505 2076/3/1508 764/4/1503
f 593/1/1495 1679/2/460 2938/3/1505 2074/4/1502
f 1679/1/460 220/2/459 1678/3/1506 2938/4/1505
f 1023/5/3613 2939/6/1501 2075/7/1504 381/8/3614
f 89/5/3615 1228/6/1496 2939/7/1501 1023/8/3613
f 1228/5/1496 593/6/1495 2074/7/1502 2939/8/1501
f 1461/5/3616 2940/6/1497 973/7/1500 40/8/3617
f 381/9/3614 2075/10/1504 2940/11/1497 1461/12/3616
f 2075/1/1504 764/2/1503 2073/3/1498 2940/4/1497
f 2390/21/2935 839/22/2936 4431/23/3618 4430/24/3619
f 14/21/3620 915/22/1396 3384/23/3297 3368/24/3621
f 339/17/2521 1419/18/2520 3745/19/3307 3746/20/3622
f 23/29/39 914/30/38 3382/31/3314 3383/32/3623
f 2389/21/3624 479/22/3625 4429/23/3626 4428/24/3627
f 1881/21/974 3086/22/973 4843/23/3628 4566/24/3629
f 1341/1/3630 2941/2/1493 1228/3/1496 89/4/3615
f 3086/17/973 1535/18/1378 4542/19/3131 4843/20/3628
f 3283/25/3631 2245/26/3216 4585/27/3310 4956/28/3632
f 3321/29/3633 993/30/3213 3425/31/3333 4977/32/3634
f 138/29/3089 1390/30/3088 3711/31/3635 3471/32/3636
f 1730/17/580 87/18/579 4528/19/3637 3997/20/3638
f 1616/29/3418 3283/30/3631 4956/31/3632 3895/32/3419
f 338/17/2545 1417/18/2544 3739/19/3340 3740/20/3639
f 2392/25/2934 3321/26/3633 4977/27/3634 4433/28/3640
f 1227/1/458 2942/2/1489 1229/3/1492 220/4/459
f 1729/21/576 232/22/575 3634/23/3268 3995/24/3641
f 337/29/2557 1416/30/2556 3737/31/3342 3738/32/3642
f 2068/1/1482 2943/2/1485 2070/3/1488 763/4/1483
f 597/1/1467 1683/2/472 2943/3/1485 2068/4/1482
f 1683/1/472 221/2/471 1681/3/1486 2943/4/1485
f 1057/1/3643 2944/2/1481 2069/3/1484 417/4/3644
f 123/5/3645 1232/6/1468 2944/7/1481 1057/8/3643
f 1232/1/1468 597/2/1467 2068/3/1482 2944/4/1481
f 1499/1/3646 2945/2/1477 888/3/1480 3/4/3647
f 417/1/3644 2069/2/1484 2945/3/1477 1499/4/3646
f 2069/5/1484 763/6/1483 2067/7/1478 2945/8/1477
f 2064/1/1470 2946/2/1473 2066/3/1476 762/4/1471
f 335/1/1499 1414/2/456 2946/3/1473 2064/4/1470
f 1414/9/456 160/10/455 1682/11/1474 2946/12/1473
f 934/5/3648 2947/6/1469 2065/7/1472 295/8/3649
f 40/1/3617 973/2/1500 2947/3/1469 934/4/3648
f 973/1/1500 335/2/1499 2064/3/1470 2947/4/1469
f 1375/1/3650 2948/2/1465 1232/3/1468 123/4/3645
f 295/13/3649 2065/14/1472 2948/15/1465 1375/16/3650
f 2065/1/1472 762/2/1471 2063/3/1466 2948/4/1465
f 2060/5/1458 2949/6/1461 2062/7/1464 761/8/1459
f 457/1/2573 1539/2/100 2949/3/1461 2060/4/1458
f 1539/13/100 65/14/99 1538/15/1462 2949/16/1461
f 1682/5/1474 2950/6/1457 2061/7/1460 596/8/1475
f 160/1/455 1095/2/2574 2950/3/1457 1682/4/1474
f 1095/1/2574 457/2/2573 2060/3/1458 2950/4/1457
f 1231/1/470 2951/2/1453 1233/3/1456 221/4/471
f 596/1/1475 2061/2/1460 2951/3/1453 1231/4/470
f 2061/1/1460 761/2/1459 2059/3/1454 2951/4/1453
f 2768/25/3063 2303/26/3059 4385/27/3651 4681/28/3652
f 22/29/31 911/30/30 3379/31/3348 3380/32/3653
f 321/17/2689 1916/18/1072 4132/19/3654 4133/20/3655
f 1468/21/172 3044/22/1129 4825/23/3656 3781/24/3657
f 1248/29/3351 225/30/2885 3613/31/3658 3612/32/3352
f 2500/17/2672 2619/18/2671 4625/19/3659 4594/20/3660
f 3282/17/297 2240/18/3603 4343/19/3605 4955/20/3661
f 336/17/1527 1415/18/444 3735/19/3355 3736/20/3662
f 1387/29/2464 135/30/367 3469/31/3663 3709/32/3664
f 2056/1/1446 2952/2/1449 2058/3/1452 760/4/1447
f 289/1/903 1369/2/636 2952/3/1449 2056/4/1446
f 1369/1/636 117/2/635 1685/3/1450 2952/4/1449
f 1536/5/1410 2953/6/1445 2057/7/1448 453/8/1411
f 34/1/131 928/2/904 2953/3/1445 1536/4/1410
f 928/1/904 289/2/903 2056/3/1446 2953/4/1445
f 1477/17/3064 2768/18/3063 4681/19/3652 3787/20/3204
f 453/5/1411 2057/6/1448 2954/7/3665 1090/8/3666
f 2057/1/1448 760/2/1447 2055/3/3667 2954/4/3665
f 2052/5/1438 2955/6/1441 2054/7/1444 759/8/1439
f 411/1/2777 1493/2/28 2955/3/1441 2052/4/1438
f 1493/5/28 19/6/27 1516/7/1442 2955/8/1441
f 1685/1/1450 2956/2/1437 2053/3/1440 599/4/1451
f 117/1/635 1051/2/2778 2956/3/1437 1685/4/1450
f 1051/1/2778 411/2/2777 2052/3/1438 2956/4/1437
f 19/17/27 910/18/26 3378/19/3359 3374/20/3668
f 599/1/1451 2053/2/1440 2957/3/3669 1235/4/3670
f 2053/1/1440 759/2/1439 2051/3/3671 2957/4/3669
f 2048/1/1430 2958/2/1433 2050/3/1436 758/4/1431
f 603/1/1415 1689/2/484 2958/3/1433 2048/4/1430
f 1689/13/484 222/14/483 1687/15/1434 2958/16/1433
f 1011/13/3672 2959/14/1429 2049/15/1432 370/16/3673
f 77/9/3674 1238/10/1416 2959/11/1429 1011/12/3672
f 1238/1/1416 603/2/1415 2048/3/1430 2959/4/1429
f 1450/1/3675 2960/2/1425 970/3/1428 29/4/3676
f 370/1/3673 2049/2/1432 2960/3/1425 1450/4/3675
f 2049/5/1432 758/6/1431 2047/7/1426 2960/8/1425
f 2044/13/1418 2961/14/1421 2046/15/1424 757/16/1419
f 256/1/1701 1335/2/380 2961/3/1421 2044/4/1418
f 1335/13/380 83/14/379 1688/15/1422 2961/16/1421
f 889/1/3677 2962/2/1417 2045/3/1420 250/4/3678
f 5/1/3459 895/2/1702 2962/3/1417 889/4/3677
f 895/1/1702 256/2/1701 2044/3/1418 2962/4/1417
f 1329/5/3679 2963/6/1413 1238/7/1416 77/8/3674
f 250/1/3678 2045/2/1420 2963/3/1413 1329/4/3679
f 2045/13/1420 757/14/1419 2043/15/1414 2963/16/1413
f 2040/1/1406 2964/2/1409 2042/3/1412 756/4/1407
f 375/13/2477 1455/14/132 2964/15/1409 2040/16/1406
f 1455/1/132 34/2/131 1536/3/1410 2964/4/1409
f 1688/1/1422 2965/2/1405 2041/3/1408 602/4/1423
f 83/9/379 1017/10/2478 2965/11/1405 1688/12/1422
f 1017/5/2478 375/6/2477 2040/7/1406 2965/8/1405
f 3044/29/1129 1937/30/1132 4146/31/3680 4825/32/3656
f 602/1/1423 2041/2/1408 2966/3/3414 1237/4/482
f 2041/5/1408 756/6/1407 2039/7/3415 2966/8/3414
f 2036/13/1398 2967/14/1401 2038/15/1404 755/16/1399
f 606/1/1383 1692/2/488 2967/3/1401 2036/4/1398
f 1692/1/488 223/2/487 1690/3/1402 2967/4/1401
f 1045/1/3681 2968/2/1397 2037/3/1400 405/4/3682
f 111/1/3683 1241/2/1384 2968/3/1397 1045/4/3681
f 1241/13/1384 606/14/1383 2036/15/1398 2968/16/1397
f 1487/1/3684 2969/2/1393 915/3/1396 14/4/3620
f 405/1/3682 2037/2/1400 2969/3/1393 1487/4/3684
f 2037/1/1400 755/2/1399 2035/3/1394 2969/4/1393
f 2032/13/1386 2970/14/1389 2034/15/1392 754/16/1387
f 332/13/1427 1410/14/480 2970/15/1389 2032/16/1386
f 1410/9/480 156/10/479 1691/11/1390 2970/12/1389
f 922/5/3685 2971/6/1385 2033/7/1388 283/8/3686
f 29/9/3676 970/10/1428 2971/11/1385 922/12/3685
f 970/1/1428 332/2/1427 2032/3/1386 2971/4/1385
f 1363/1/3687 2972/2/1381 1241/3/1384 111/4/3683
f 283/9/3686 2033/10/1388 2972/11/1381 1363/12/3687
f 2033/1/1388 754/2/1387 2031/3/1382 2972/4/1381
f 2028/1/1374 2973/2/1377 2030/3/1380 753/4/1375
f 1247/21/2886 103/22/2887 3611/23/3406 3610/24/3362
f 2619/29/2671 1712/30/1238 4549/31/3688 4625/32/3659
f 1691/1/1390 2974/2/1373 2029/3/1376 605/4/1391
f 156/1/479 1091/2/2900 2974/3/1373 1691/4/1390
f 1091/1/2900 454/2/3264 2028/3/1374 2974/4/1373
f 1240/9/486 2975/10/1369 1242/11/1372 223/12/487
f 605/5/1391 2029/6/1376 2975/7/1369 1240/8/486
f 2029/13/1376 753/14/1375 2027/15/1370 2975/16/1369
f 3085/21/977 1881/22/974 4566/23/3629 4842/24/3689
f 2241/25/1966 3282/26/297 4955/27/3661 4348/28/3186
f 586/17/3598 1220/18/3599 3588/19/3690 3934/20/3691
f 1592/29/2954 510/30/2955 3864/31/3692 3863/32/3693
f 415/29/1151 1055/30/3694 3464/31/3695 4513/32/3696
f 1411/25/3385 3085/26/977 4842/27/3689 3733/28/3386
f 967/5/82 2976/6/1365 968/7/1368 64/8/83
f 585/17/2905 1219/18/2907 3586/19/3697 3932/20/3698
f 1385/29/652 133/30/651 3467/31/3699 4531/32/3283
f 2023/1/1358 2977/2/1361 2025/3/1364 752/4/1359
f 301/1/763 1381/2/680 2977/3/1361 2023/4/1358
f 1381/13/680 129/14/679 1695/15/1362 2977/16/1361
f 1532/5/1342 2978/6/1357 2024/7/1360 449/8/1343
f 46/13/179 940/14/764 2978/15/1357 1532/16/1342
f 940/5/764 301/6/763 2023/7/1358 2978/8/1357
f 70/29/3182 1561/30/3700 3839/31/3701 3430/32/3702
f 1756/29/3703 669/30/3221 4024/31/3224 4023/32/3704
f 908/25/3247 18/26/3092 3372/27/3705 3377/28/3372
f 2019/1/1350 2979/2/1353 2021/3/1356 751/4/1351
f 423/1/2817 1505/2/12 2979/3/1353 2019/4/1350
f 1505/9/12 9/10/11 1503/11/1354 2979/12/1353
f 1695/1/1362 2980/2/1349 2020/3/1352 609/4/1363
f 129/1/679 1063/2/2818 2980/3/1349 1695/4/1362
f 1063/1/2818 423/2/2817 2019/3/1350 2980/4/1349
f 1244/13/3706 2981/14/1345 1245/15/1348 224/16/2895
f 609/9/1363 2020/10/1352 2981/11/1345 1244/12/3706
f 2020/1/1352 751/2/1351 2018/3/1346 2981/4/1345
f 1726/25/564 231/26/563 4552/27/3707 3991/28/3708
f 414/21/3328 1054/22/3709 3462/23/3710 4512/24/3711
f 3281/25/3712 1167/26/2933 3554/27/3713 4954/28/3714
f 2767/21/3058 1593/22/3060 3865/23/3575 4680/24/3715
f 907/21/3382 21/22/3183 3376/23/3716 3375/24/3383
f 1395/17/2676 2618/18/2675 4624/19/3717 4534/20/3718
f 3084/29/3719 1884/30/3720 4121/31/3721 4841/32/3722
f 2236/29/3243 3281/30/3712 4954/31/3714 4342/32/3723
f 2921/21/3565 2099/22/3473 4263/23/3474 4755/24/3724
f 1589/21/3032 507/22/3033 3862/23/3725 3861/24/3405
f 2303/29/3059 2767/30/3058 4680/31/3715 4385/32/3651
f 231/29/563 1724/30/2871 3989/31/3726 4552/32/3707
f 1246/17/2888 153/18/2889 3605/19/3727 3604/20/3408
f 2618/17/2675 2500/18/2672 4594/19/3660 4624/20/3717
f 969/17/3081 3084/18/3719 4841/19/3722 3413/20/3082
f 947/25/126 2921/26/3565 4755/27/3724 3398/28/3281
f 2804/17/3184 1612/18/3132 3885/19/3134 4698/20/3728
f 3043/17/3729 1938/18/3730 4148/19/3731 4823/20/3732
f 2015/1/1338 2982/2/1341 2017/3/1344 750/4/1339
f 387/1/2345 1467/2/180 2982/3/1341 2015/4/1338
f 1467/1/180 46/2/179 1532/3/1342 2982/4/1341
f 1697/13/3733 2983/14/1337 2016/15/1340 612/16/3734
f 94/1/2945 1028/2/2346 2983/3/1337 1697/4/3733
f 1028/1/2346 387/2/2345 2015/3/1338 2983/4/1337
f 3240/25/445 2081/26/1522 4580/27/3735 4935/28/3736
f 3122/29/3737 1837/30/3738 4078/31/3739 4868/32/3740
f 2957/21/3669 2051/22/3671 4234/23/3741 4775/24/3742
f 1753/17/3422 666/18/3743 4020/19/3744 4019/20/3423
f 1519/17/3745 3043/18/3729 4823/19/3732 3809/20/3746
f 2082/25/3747 3240/26/445 4935/27/3736 4252/28/3748
f 2388/21/2370 3319/22/169 4976/23/3749 4427/24/3750
f 1380/29/2532 128/30/427 3562/31/3751 3707/32/3752
f 1235/21/3670 2957/22/3669 4775/23/3742 3593/24/3753
f 1244/17/3706 224/18/2895 3602/19/3754 3601/20/3755
f 1213/17/1596 579/18/1595 3930/19/3756 3582/20/3757
f 1839/17/864 3122/18/3737 4868/19/3740 4079/20/3758
f 3319/17/169 1468/18/172 3781/19/3657 4976/20/3749
f 664/17/935 1751/18/3759 4017/19/3760 4018/20/3761
f 2257/29/3185 2804/30/3184 4698/31/3728 4586/32/3501
f 1964/17/1204 443/18/1203 3814/19/3762 4172/20/3056
f 2766/25/3050 2304/26/3045 4587/27/3763 4679/28/3764
f 931/21/3108 2841/22/1875 4721/23/3765 4502/24/3109
f 1963/21/1200 736/22/1199 4173/23/3057 4571/24/3766
f 900/29/3051 2766/30/3050 4679/31/3764 4500/32/3483
f 1750/29/3003 663/30/3767 4014/31/3768 4013/32/3004
f 2012/13/1330 2984/14/1333 2014/15/1336 749/16/1331
f 450/1/2621 1533/2/84 2984/3/1333 2012/4/1330
f 1533/9/84 64/10/83 1531/11/1334 2984/12/1333
f 1699/1/3769 2985/2/1329 2013/3/1332 614/4/3350
f 153/1/2889 1087/2/2622 2985/3/1329 1699/4/3769
f 1087/1/2622 450/2/2621 2012/3/1330 2985/4/1329
f 1248/5/3351 2986/6/1325 1249/7/1328 225/8/2885
f 614/1/3350 2013/2/1332 2986/3/1325 1248/4/3351
f 2013/1/1332 749/2/1331 2011/3/1326 2986/4/1325
f 2009/5/3231 2987/6/1321 2010/7/1324 748/8/3250
f 618/5/3230 1703/6/512 2987/7/1321 2009/8/3231
f 1703/13/512 226/14/511 1701/15/1322 2987/16/1321
f 1275/17/570 3203/18/569 4909/19/3770 4524/20/3771
f 2841/29/1875 2208/30/1878 4323/31/3772 4721/32/3765
f 1938/21/3730 3042/22/3773 4822/23/3774 4148/24/3731
f 3203/29/569 1926/30/1102 4568/31/3123 4909/32/3770
f 3042/25/3773 1346/26/3506 4529/27/3507 4822/28/3774
f 2765/17/3044 1354/18/2760 4530/19/3018 4678/20/3775
f 2006/9/3776 2988/10/1317 2007/11/1320 747/12/3298
f 315/13/1067 1396/14/584 2988/15/1317 2006/16/3776
f 1396/1/584 142/2/583 1702/3/1318 2988/4/1317
f 1783/25/714 3163/26/713 4887/27/3777 4557/28/3778
f 901/29/3470 14/30/3620 3368/31/3621 3367/32/3471
f 955/13/1068 315/14/1067 2006/15/3776 2989/16/3779
f 2989/17/3779 2006/18/3776 4194/19/3780 4797/20/3781
f 1961/17/1196 632/18/1195 4466/19/3782 4170/20/3783
f 3163/29/713 1571/30/2204 4543/31/3784 4887/32/3777
f 2002/13/1310 2990/14/1313 2004/15/1316 746/16/1311
f 436/1/2717 1520/2/48 2990/3/1313 2002/4/1310
f 1520/1/48 24/2/47 1518/3/1314 2990/4/1313
f 1702/1/1318 2991/2/1309 2003/3/1312 617/4/1319
f 142/1/583 1076/2/2718 2991/3/1309 1702/4/1318
f 1076/9/2718 436/10/2717 2002/11/1310 2991/12/1309
f 1251/5/510 2992/6/1305 1252/7/1308 226/8/511
f 617/1/1319 2003/2/1312 2992/3/1305 1251/4/510
f 2003/5/1312 746/6/1311 2001/7/1306 2992/8/1305
f 1998/1/1298 2993/2/1301 2000/3/1304 745/4/1299
f 622/1/1283 1707/2/524 2993/3/1301 1998/4/1298
f 1707/1/524 227/2/523 1705/3/1302 2993/4/1301
f 1367/1/2296 2994/2/1297 1999/3/1300 287/4/2297
f 115/5/235 1255/6/1284 2994/7/1297 1367/8/2296
f 1255/1/1284 622/2/1283 1998/3/1298 2994/4/1297
f 926/5/194 2995/6/1293 965/7/1296 33/8/195
f 287/13/2297 1999/14/1300 2995/15/1293 926/16/194
f 1999/5/1300 745/6/1299 1997/7/1294 2995/8/1293
f 1994/13/1286 2996/14/1289 1996/15/1292 744/16/1287
f 1749/17/3479 662/18/3785 4008/19/3786 4007/20/3480
f 2840/17/3330 2210/18/3325 4583/19/3787 4720/20/3788
f 1491/5/2168 2997/6/1285 1995/7/1288 409/8/2169
f 2616/29/2878 1265/30/2880 4523/31/3789 4623/32/3790
f 2878/29/3447 2157/30/3450 4287/31/3791 4739/32/3792
f 1049/13/234 2998/14/1281 1255/15/1284 115/16/235
f 409/1/2169 1995/2/1288 2998/3/1281 1049/4/234
f 1995/1/1288 744/2/1287 1993/3/1282 2998/4/1281
f 121/17/3793 1373/18/3794 3705/19/3795 3465/20/3796
f 497/29/2233 1579/30/212 3859/31/3485 3860/32/3797
f 2304/25/3045 2765/26/3044 4678/27/3775 4587/28/3763
f 1706/9/1290 2999/10/1277 1992/11/1280 621/12/1291
f 899/17/3490 12/18/2969 3366/19/3798 3365/20/3491
f 955/29/1068 2989/30/3779 4797/31/3781 3406/32/3799
f 1254/1/522 3000/2/1273 1256/3/1276 227/4/523
f 621/1/1291 1992/2/1280 3000/3/1273 1254/4/522
f 1992/9/1280 743/10/1279 1990/11/1274 3000/12/1273
f 1987/9/1266 3001/10/1269 1989/11/1272 742/12/1267
f 626/1/1251 1710/2/532 3001/3/1269 1987/4/1266
f 1710/9/532 228/10/531 1708/11/1270 3001/12/1269
f 1333/5/2836 3002/6/1265 1988/7/1268 254/8/2837
f 81/13/2852 1259/14/1252 3002/15/1265 1333/16/2836
f 1259/5/1252 626/6/1251 1987/7/1266 3002/8/1265
f 893/13/6 3003/14/1261 892/15/1264 8/16/7
f 254/5/2837 1988/6/1268 3003/7/1261 893/8/6
f 1988/1/1268 742/2/1267 1986/3/1262 3003/4/1261
f 1983/1/1254 3004/2/1257 1985/3/1260 741/4/1255
f 326/1/1295 1405/2/520 3004/3/1257 1983/4/1254
f 1405/1/520 150/2/519 1709/3/1258 3004/4/1257
f 1454/1/734 3005/2/1253 1984/3/1256 374/4/735
f 33/1/195 965/2/1296 3005/3/1253 1454/4/734
f 965/13/1296 326/14/1295 1983/15/1254 3005/16/1253
f 1015/1/3496 3006/2/1249 1259/3/1252 81/4/2852
f 374/1/735 1984/2/1256 3006/3/1249 1015/4/3496
f 1984/1/1256 741/2/1255 1982/3/1250 3006/4/1249
f 141/21/515 1075/22/514 3476/23/3494 3477/24/3594
f 1178/17/3331 2840/18/3330 4720/19/3788 3561/20/3800
f 2504/29/2879 2616/30/2878 4623/31/3790 4595/32/3011
f 1709/1/1258 3007/2/1245 1981/3/1248 625/4/1259
f 150/5/519 1084/6/2650 3007/7/1245 1709/8/1258
f 1084/13/2650 446/14/2649 1980/15/1246 3007/16/1245
f 1258/13/530 3008/14/1241 1260/15/1244 228/16/531
f 625/9/1259 1981/10/1248 3008/11/1241 1258/12/530
f 1981/1/1248 740/2/1247 1979/3/1242 3008/4/1241
f 1976/1/1234 3009/2/1237 1978/3/1240 739/4/1235
f 325/17/2665 1404/18/2664 3723/19/3593 3724/20/3801
f 120/17/3802 1372/18/3803 3703/19/3804 3463/20/3805
f 674/25/859 2548/26/2855 4497/27/3576 4498/28/3806
f 2839/17/3324 2209/18/3329 4325/19/3807 4719/20/3808
f 222/17/483 1237/18/482 3597/19/3421 3598/20/3809
f 961/1/62 3011/2/1229 963/3/1232 63/4/63
f 322/1/2996 1977/2/1236 3011/3/1229 961/4/62
f 1977/13/1236 739/14/1235 1975/15/1230 3011/16/1229
f 1578/29/2988 496/30/2989 3856/31/3810 3855/32/3503
f 290/1/819 1370/2/660 3012/3/3811 1974/4/3812
f 1370/5/660 118/6/659 1713/7/3813 3012/8/3811
f 1227/25/458 3237/26/457 4934/27/3814 4521/28/3815
f 35/13/163 929/14/820 3013/15/3816 1527/16/1202
f 929/13/820 290/14/819 1974/15/3812 3013/16/3816
f 983/21/3448 2878/22/3447 4739/23/3792 3423/24/3817
f 3162/29/3818 1783/30/714 4557/31/3778 4886/32/3819
f 1940/25/1138 3040/26/1137 4821/27/3820 4570/28/3821
f 3237/17/457 2072/18/1494 4579/19/3822 4934/20/3814
f 412/1/2793 1494/2/20 3014/3/3823 1973/4/3824
f 1494/1/20 20/2/19 1519/3/3745 3014/4/3823
f 2954/29/3665 2055/30/3667 4235/31/3825 4774/32/3826
f 118/1/659 1052/2/2794 3015/3/3827 1713/4/3813
f 1052/1/2794 412/2/2793 1973/3/3824 3015/4/3827
f 2547/17/3828 879/18/2859 4491/19/3829 4493/20/3830
f 2210/29/3325 2839/30/3324 4719/31/3808 4583/32/3787
f 3040/29/1137 1395/30/2676 4534/31/3718 4821/32/3820
f 1970/1/1222 3016/2/1225 1972/3/1228 738/4/1223
f 631/1/1207 1716/2/544 3016/3/1225 1970/4/1222
f 1716/1/544 229/2/543 1714/3/1226 3016/4/1225
f 1379/1/2616 3017/2/1221 1971/3/1224 299/4/2617
f 127/1/499 1264/2/1208 3017/3/1221 1379/4/2616
f 1264/1/1208 631/2/1207 1970/3/1222 3017/4/1221
f 938/1/86 3018/2/1217 962/3/1220 44/4/87
f 299/1/2617 1971/2/1224 3018/3/1217 938/4/86
f 1971/5/1224 738/6/1223 1969/7/1218 3018/8/1217
f 1966/13/1210 3019/14/1213 1968/15/1216 737/16/1211
f 257/13/1921 1336/14/312 3019/15/1213 1966/16/1210
f 1336/13/312 84/14/311 1715/15/1214 3019/16/1213
f 1503/5/1354 3020/6/1209 1967/7/1212 421/8/1355
f 9/1/11 896/2/1922 3020/3/1209 1503/4/1354
f 896/1/1922 257/2/1921 1966/3/1210 3020/4/1209
f 1061/1/498 3021/2/1205 1264/3/1208 127/4/499
f 421/1/1355 1967/2/1212 3021/3/1205 1061/4/498
f 1967/1/1212 737/2/1211 1965/3/1206 3021/4/1205
f 1962/1/1198 3022/2/1201 1964/3/1204 736/4/1199
f 376/1/2385 1456/2/164 3022/3/1201 1962/4/1198
f 1456/13/164 35/14/163 1527/15/1202 3022/16/1201
f 1715/5/1214 3023/6/1197 1963/7/1200 630/8/1215
f 84/1/311 1018/2/2386 3023/3/1197 1715/4/1214
f 1018/13/2386 376/14/2385 1962/15/1198 3023/16/1197
f 1263/5/542 3024/6/3831 1265/7/2880 229/8/543
f 630/1/1215 1963/2/1200 3024/3/3831 1263/4/542
f 1090/17/3666 2954/18/3665 4774/19/3826 3490/20/3832
f 1785/17/3014 3162/18/3818 4886/19/3819 4558/20/3015
f 634/9/1183 1719/10/548 3025/11/1193 1960/12/3833
f 1719/1/548 230/2/547 1717/3/1194 3025/4/1193
f 2546/25/2858 672/26/2857 4026/27/3336 4492/28/3834
f 93/13/607 1267/14/1184 3026/15/3835 1345/16/2863
f 1267/1/1184 634/2/1183 1960/3/3833 3026/4/3835
f 1071/17/3093 138/18/3089 3471/19/3636 3470/20/3542
f 2055/29/3667 600/30/3836 3944/31/3837 4235/32/3825
f 3277/17/3838 2223/18/1916 4584/19/3839 4953/20/3840
f 1957/13/1186 3027/14/1189 1959/15/1192 735/16/1187
f 323/1/1219 1402/2/540 3027/3/1189 1957/4/1186
f 1402/9/540 148/10/539 1718/11/1190 3027/12/1189
f 1465/1/998 3028/2/1185 1958/3/1188 385/4/999
f 44/1/87 962/2/1220 3028/3/1185 1465/4/998
f 962/1/1220 323/2/1219 1957/3/1186 3028/4/1185
f 1027/13/606 3029/14/1181 1267/15/1184 93/16/607
f 385/1/999 1958/2/1188 3029/3/1181 1027/4/606
f 1958/1/1188 735/2/1187 1956/3/1182 3029/4/1181
f 1953/9/1174 3030/10/1177 1955/11/1180 734/12/1175
f 444/1/2681 1528/2/64 3030/3/1177 1953/4/1174
f 1528/13/64 63/14/63 1526/15/1178 3030/16/1177
f 1718/5/1190 3031/6/1173 1954/7/1176 633/8/1191
f 148/1/539 1082/2/2682 3031/3/1173 1718/4/1190
f 1082/13/2682 444/14/2681 1953/15/1174 3031/16/1173
f 1266/1/546 3032/2/1169 1268/3/1172 230/4/547
f 633/9/1191 1954/10/1176 3032/11/1169 1266/12/546
f 1954/1/1176 734/2/1175 1952/3/1170 3032/4/1169
f 1094/21/462 3236/22/461 4933/23/3841 4517/24/3842
f 1234/17/2902 157/18/2903 3592/19/3387 3591/20/3843
f 567/21/3520 1201/22/3523 3579/23/3844 3926/24/3845
f 114/25/2868 1366/26/3846 3699/27/3847 3636/28/3210
f 1574/29/2958 492/30/2959 3852/31/3848 3851/32/3580
f 1546/17/1654 41/18/3533 4540/19/3849 3829/20/3850
f 958/1/54 3034/2/1161 960/3/1164 62/4/55
f 318/1/3198 1950/2/3197 3034/3/1161 958/4/54
f 1950/1/3197 733/2/3190 1949/3/1162 3034/4/1161
f 1946/1/1154 3035/2/1157 1948/3/1160 732/4/1155
f 302/1/799 1382/2/668 3035/3/1157 1946/4/1154
f 1382/13/668 130/14/667 1722/15/1158 3035/16/1157
f 1523/1/1130 3036/2/1153 1947/3/1156 439/4/1131
f 47/1/171 941/2/800 3036/3/1153 1523/4/1130
f 941/13/800 302/14/799 1946/15/1154 3036/16/1153
f 1723/21/1142 3039/22/1141 4820/23/3851 4551/24/3852
f 3236/17/461 2071/18/1490 4578/19/3853 4933/20/3841
f 1623/17/3008 3277/18/3838 4953/19/3840 4545/20/3009
f 1943/1/1146 3037/2/1149 1945/3/1152 731/4/1147
f 424/5/2805 1506/6/16 3037/7/1149 1943/8/1146
f 1506/5/16 7/6/15 1497/7/1150 3037/8/1149
f 1722/1/1158 3038/2/1145 1944/3/1148 637/4/1159
f 130/13/667 1064/14/2806 3038/15/1145 1722/16/1158
f 1064/1/2806 424/2/2805 1943/3/1146 3038/4/1145
f 566/17/2912 1200/18/2914 3577/19/3854 3924/20/3855
f 135/21/367 1068/22/366 3468/23/3564 3469/24/3663
f 3039/25/1141 1940/26/1138 4570/27/3821 4820/28/3851
f 1940/5/1138 3039/6/1141 1942/7/1144 730/8/1139
f 1036/25/618 396/26/967 3790/27/2971 3456/28/3856
f 1573/25/2995 491/26/2994 3848/27/3857 3847/28/3858
f 1395/1/2676 3040/2/1137 1941/3/1140 314/4/2677
f 653/21/1023 1739/22/1022 4003/23/3859 4004/24/3860
f 2838/29/3311 939/30/114 4503/31/3031 4717/32/3861
f 954/9/66 3041/10/1133 959/11/1136 60/12/67
f 314/1/2677 1941/2/1140 3041/3/1133 954/4/66
f 1941/1/1140 730/2/1139 1939/3/1134 3041/4/1133
f 3315/21/3862 927/22/2976 3392/23/2979 4974/24/3863
f 266/5/1993 1346/6/3506 3042/7/3773 1938/8/3730
f 1160/29/278 2701/30/2940 4653/31/3864 3545/32/3865
f 733/21/3190 1950/22/3197 4164/23/3200 4163/24/3191
f 20/1/19 905/2/1994 3043/3/3729 1519/4/3745
f 905/13/1994 266/14/1993 1938/15/3730 3043/16/3729
f 2371/29/2953 3315/30/3862 4974/31/3863 4418/32/3866
f 2701/17/2940 2387/18/2939 4591/19/3867 4653/20/3864
f 1541/21/1546 66/22/111 3418/23/3868 3825/24/3869
f 990/25/3312 2838/26/3311 4717/27/3861 4510/28/3504
f 1033/29/630 393/30/923 3786/31/3023 3452/32/3870
f 1468/1/172 47/2/171 1523/3/1130 3044/4/1129
f 313/29/2645 1394/30/2644 3717/31/3595 3718/32/3871
f 1735/25/2865 650/26/2866 4000/27/3872 3999/28/3600
f 1032/29/642 392/30/895 3784/31/3026 3450/32/3873
f 1948/17/1160 637/18/1159 4154/19/3286 4160/20/3228
f 1947/17/1156 732/18/1155 4161/19/3229 4158/20/3248
f 2700/21/2938 1163/22/2002 4519/23/3874 4652/24/3875
f 1358/21/2724 105/22/591 3632/23/3337 3693/24/3876
f 2387/25/2939 2700/26/2938 4652/27/3875 4591/28/3867
f 2309/21/2144 2761/22/2143 4676/23/3877 4588/24/3878
f 1190/17/1758 557/18/1757 3920/19/3068 3574/20/3879
f 1390/25/3088 310/26/3087 3712/27/3880 3711/28/3635
f 2761/21/2143 1072/22/450 4514/23/3513 4676/24/3877
f 645/29/1079 1730/30/580 3997/31/3638 3998/32/3881
f 844/29/2922 2409/30/2924 4441/31/3882 4440/32/3430
f 1945/29/1152 415/30/1151 4513/31/3696 4155/32/3275
f 1934/13/1122 3045/14/1125 1936/15/1128 729/16/1123
f 319/9/1135 1399/10/560 3045/11/1125 1934/12/1122
f 1399/1/560 145/2/559 1725/3/1126 3045/4/1125
f 1481/1/1050 3046/2/1121 1935/3/1124 399/4/1051
f 60/1/67 959/2/1136 3046/3/1121 1481/4/1050
f 959/1/1136 319/2/1135 1934/3/1122 3046/4/1121
f 1039/1/590 3047/2/1117 1273/3/1120 105/4/591
f 399/1/1051 1935/2/1124 3047/3/1117 1039/4/590
f 1935/1/1124 729/2/1123 1933/3/1118 3047/4/1117
f 1930/1/1110 3048/2/1113 1932/3/1116 728/4/1111
f 440/1/2701 1524/2/56 3048/3/1113 1930/4/1110
f 1524/1/56 62/2/55 1522/3/1114 3048/4/1113
f 1725/1/1126 3049/2/1109 1931/3/1112 640/4/1127
f 145/9/559 1079/10/2702 3049/11/1109 1725/12/1126
f 1079/1/2702 440/2/2701 1930/3/1110 3049/4/1109
f 1272/1/562 3050/2/1105 1274/3/1108 231/4/563
f 640/13/1127 1931/14/1112 3050/15/1105 1272/16/562
f 1931/1/1112 728/2/1111 1929/3/1106 3050/4/1105
f 644/21/1091 1729/22/576 3995/23/3641 3996/24/3883
f 544/25/2923 2408/26/2921 4439/27/3431 4304/28/3884
f 2562/25/2832 2573/26/2831 4600/27/3885 4598/28/3886
f 1398/1/2712 3051/2/3156 1928/3/3145 317/4/2713
f 144/1/567 1277/2/1092 3051/3/3156 1398/4/2712
f 1277/1/1092 644/2/1091 1927/3/3157 3051/4/3156
f 957/1/50 3052/2/1101 956/3/1104 61/4/51
f 317/1/2713 1928/2/3145 3052/3/1101 957/4/50
f 1944/21/1148 731/22/1147 4156/23/3276 4153/24/3285
f 1923/5/1094 3053/6/1097 1925/7/1100 727/8/1095
f 320/1/1163 1400/2/556 3053/3/1097 1923/4/1094
f 1400/13/556 146/14/555 1728/15/1098 3053/16/1097
f 1522/9/1114 3054/10/1093 1924/11/1096 438/12/1115
f 62/1/55 960/2/1164 3054/3/1093 1522/4/1114
f 960/5/1164 320/6/1163 1923/7/1094 3054/8/1093
f 1078/1/566 3055/2/1089 1277/3/1092 144/4/567
f 438/5/1115 1924/6/1096 3055/7/1089 1078/8/566
f 1924/1/1096 727/2/1095 1922/3/1090 3055/4/1089
f 1919/1/1082 3056/2/1085 1921/3/1088 726/4/1083
f 441/1/2693 1525/2/60 3056/3/1085 1919/4/1082
f 1525/1/60 38/2/59 1459/3/1086 3056/4/1085
f 1728/13/1098 3057/14/1081 1920/15/1084 643/16/1099
f 146/1/555 1080/2/2694 3057/3/1081 1728/4/1098
f 1080/13/2694 441/14/2693 1919/15/1082 3057/16/1081
f 1276/1/574 3058/2/1077 1278/3/1080 232/4/575
f 643/5/1099 1920/6/1084 3058/7/1077 1276/8/574
f 1920/9/1084 726/10/1083 1918/11/1078 3058/12/1077
f 1915/1/1070 3059/2/1073 1917/3/1076 725/4/1071
f 648/1/1055 1733/2/588 3059/3/1073 1915/4/1070
f 1733/9/588 233/10/587 1731/11/1074 3059/12/1073
f 1401/13/2688 3060/14/1069 1916/15/1072 321/16/2689
f 147/1/551 1281/2/1056 3060/3/1069 1401/4/2688
f 1281/9/1056 648/10/1055 1915/11/1070 3060/12/1069
f 1845/21/882 3116/22/881 4866/23/3887 4086/24/3888
f 2573/17/2831 1773/18/746 4556/19/3889 4600/20/3885
f 1916/1/1072 725/2/1071 1914/3/1066 3061/4/1065
f 1911/1/1058 3062/2/1061 1913/3/1064 724/4/1059
f 324/1/1231 1403/2/536 3062/3/1061 1911/4/1058
f 1403/1/536 149/2/535 1732/3/1062 3062/4/1061
f 1526/1/1178 3063/2/1057 1912/3/1060 442/4/1179
f 63/1/63 963/2/1232 3063/3/1057 1526/4/1178
f 963/1/1232 324/2/1231 1911/3/1058 3063/4/1057
f 1081/1/550 3064/2/1053 1281/3/1056 147/4/551
f 442/1/1179 1912/2/1060 3064/3/1053 1081/4/550
f 1912/9/1060 724/10/1059 1910/11/1054 3064/12/1053
f 1907/1/1046 3065/2/1049 1909/3/1052 723/4/1047
f 445/1/2669 1529/2/68 3065/3/1049 1907/4/1046
f 1529/5/68 60/6/67 1481/7/1050 3065/8/1049
f 1732/1/1062 3066/2/1045 1908/3/1048 647/4/1063
f 149/13/535 1083/14/2670 3066/15/1045 1732/16/1062
f 1083/9/2670 445/10/2669 1907/11/1046 3066/12/1045
f 1280/9/586 3067/10/1041 1282/11/1044 233/12/587
f 647/1/1063 1908/2/1048 3067/3/1041 1280/4/586
f 1908/1/1048 723/2/1047 1906/3/1042 3067/4/1041
f 307/17/2465 1387/18/2464 3709/19/3664 3710/20/3890
f 3116/17/881 1424/18/2452 4536/19/3161 4866/20/3887
f 1355/29/2748 102/30/619 3457/31/3891 3687/32/3892
f 1220/29/3599 218/30/2906 3589/31/3893 3588/32/3690
f 2510/17/2696 2612/18/2695 4620/19/3894 4469/20/3895
f 1055/17/3694 121/18/3793 3465/19/3796 3464/20/3695
f 964/1/70 3068/2/3896 925/3/3163 32/4/71
f 1219/21/2907 101/22/2908 3587/23/3263 3586/24/3697
f 2612/21/2695 1721/22/1166 4550/23/3897 4620/24/3894
f 1561/25/3700 480/26/3898 3840/27/3899 3839/28/3701
f 327/1/3900 1406/2/508 3069/3/1037 1904/4/3901
f 1406/1/508 151/2/507 1736/3/1038 3069/4/1037
f 480/25/3898 2249/26/3577 4357/27/3579 3840/28/3899
f 1774/21/3902 3158/22/729 4884/23/3903 4039/24/3904
f 641/21/1119 1726/22/564 3991/23/3708 3992/24/3006
f 1054/17/3709 120/18/3802 3463/19/3805 3462/20/3710
f 843/29/2926 2404/30/3486 4434/31/3488 4437/32/3476
f 2572/25/2835 2562/26/2832 4598/27/3886 4599/28/3905
f 1901/1/1030 3070/2/1033 1903/3/1036 722/4/1031
f 447/5/2637 1530/6/76 3070/7/1033 1901/8/1030
f 1530/13/76 59/14/75 1480/15/1034 3070/16/1033
f 1736/1/1038 3071/2/1029 1902/3/1032 651/4/1039
f 151/9/507 1085/10/2638 3071/11/1029 1736/12/1038
f 1085/1/2638 447/2/2637 1901/3/1030 3071/4/1029
f 1284/1/594 3072/2/1025 1285/3/1028 234/4/595
f 651/5/1039 1902/6/1032 3072/7/1025 1284/8/594
f 1902/9/1032 722/10/1031 1900/11/1026 3072/12/1025
f 1897/1/1018 3073/2/1021 1899/3/1024 721/4/1019
f 655/1/1003 1741/2/604 3073/3/1021 1897/4/1018
f 1741/1/604 235/2/603 1739/3/1022 3073/4/1021
f 1407/1/2632 3074/2/1017 1898/3/1020 328/4/2633
f 152/9/503 1287/10/1004 3074/11/1017 1407/12/2632
f 1287/9/1004 655/10/1003 1897/11/1018 3074/12/1017
f 966/1/78 3075/2/1013 952/3/1016 58/4/79
f 328/5/2633 1898/6/1020 3075/7/1013 966/8/78
f 1898/9/1020 721/10/1019 1896/11/1014 3075/12/1013
f 1893/1/1006 3076/2/1009 1895/3/1012 720/4/1007
f 330/1/1367 1408/2/496 3076/3/1009 1893/4/1006
f 1408/5/496 154/6/495 1740/7/1010 3076/8/1009
f 1531/1/1334 3077/2/1005 1894/3/1008 448/4/1335
f 64/5/83 968/6/1368 3077/7/1005 1531/8/1334
f 968/1/1368 330/2/1367 1893/3/1006 3077/4/1005
f 1086/1/502 3078/2/1001 1287/3/1004 152/4/503
f 448/1/1335 1894/2/1008 3078/3/1001 1086/4/502
f 1894/13/1008 720/14/1007 1892/15/1002 3078/16/1001
f 1889/9/994 3079/10/997 1891/11/1000 719/12/995
f 451/1/2609 1534/2/88 3079/3/997 1889/4/994
f 1534/1/88 44/2/87 1465/3/998 3079/4/997
f 1740/1/1010 3080/2/993 1890/3/996 654/4/1011
f 154/5/495 1088/6/2610 3080/7/993 1740/8/1010
f 1088/1/2610 451/2/2609 1889/3/994 3080/4/993
f 1286/1/602 3081/2/989 1288/3/992 235/4/603
f 654/1/1011 1890/2/996 3081/3/989 1286/4/602
f 1890/9/996 719/10/995 1888/11/990 3081/12/989
f 1885/5/982 3082/6/985 1887/7/988 718/8/983
f 659/1/971 1745/2/616 3082/3/985 1885/4/982
f 1745/1/616 236/2/615 1743/3/986 3082/4/985
f 1409/5/2604 3083/6/981 1886/7/984 331/8/2605
f 155/1/491 1291/2/972 3083/3/981 1409/4/2604
f 1291/1/972 659/2/971 1885/3/982 3083/4/981
f 382/17/3125 1024/18/3906 3438/19/3907 3780/20/3126
f 331/5/2605 1886/6/984 3084/7/3719 969/8/3081
f 1886/1/984 718/2/983 1884/3/3720 3084/4/3719
f 1881/5/974 3085/6/977 1883/7/980 717/8/975
f 1352/21/2772 99/22/631 3453/23/3908 3683/24/3909
f 1411/1/3385 157/2/2903 1744/3/978 3085/4/977
f 1535/9/1378 3086/10/973 1882/11/976 452/12/1379
f 3158/17/729 1791/18/732 4052/19/3910 4884/20/3903
f 1724/25/2871 639/26/2872 3990/27/3021 3989/28/3726
f 1089/5/490 3087/6/969 1291/7/972 155/8/491
f 452/1/1379 1882/2/976 3087/3/969 1089/4/490
f 1882/1/976 717/2/975 1880/3/970 3087/4/969
f 1877/9/962 3088/10/965 1879/11/968 716/12/963
f 455/1/2597 1537/2/92 3088/3/965 1877/4/962
f 1537/1/92 57/2/91 1478/3/966 3088/4/965
f 1744/1/978 3089/2/961 1878/3/964 658/4/979
f 157/1/2903 1092/2/2598 3089/3/961 1744/4/978
f 1092/1/2598 455/2/2597 1877/3/962 3089/4/961
f 1290/1/614 3090/2/957 1292/3/960 236/4/615
f 658/1/979 1878/2/964 3090/3/957 1290/4/614
f 1878/5/964 716/6/963 1876/7/958 3090/8/957
f 1873/1/950 3091/2/953 1875/3/956 715/4/951
f 662/1/3785 1749/2/3479 3091/3/953 1873/4/950
f 1749/13/3479 237/14/3478 1747/15/954 3091/16/953
f 1412/1/2592 3092/2/949 1874/3/952 333/4/2593
f 158/1/475 1294/2/3277 3092/3/949 1412/4/2592
f 1294/9/3277 662/10/3785 1873/11/950 3092/12/949
f 971/5/94 3093/6/945 921/7/948 28/8/95
f 333/5/2593 1874/6/952 3093/7/945 971/8/94
f 1874/1/952 715/2/951 1872/3/946 3093/4/945
f 153/25/2889 1699/26/3769 3965/27/3911 3605/28/3727
f 1775/21/2851 2572/22/2835 4599/23/3905 4043/24/3115
f 1351/21/2784 98/22/643 3451/23/3912 3681/24/3913
f 1538/1/1462 3094/2/3302 1871/3/3270 456/4/1463
f 65/1/99 974/2/1528 3094/3/3302 1538/4/1462
f 974/13/1528 336/14/1527 1870/15/3303 3094/16/3302
f 1093/1/474 3095/2/3269 1294/3/3277 158/4/475
f 456/9/1463 1871/10/3270 3095/11/3269 1093/12/474
f 1905/29/1040 3197/30/593 4907/31/3914 4126/32/3915
f 225/29/2885 1698/30/2883 3963/31/3916 3613/32/3658
f 458/1/2561 1540/2/104 3096/3/3203 1869/4/3174
f 1540/1/104 56/2/103 1477/3/3064 3096/4/3203
f 3232/29/3917 1235/30/3670 3593/31/3753 4931/32/3918
f 161/1/443 1096/2/2562 3097/3/3173 1748/4/3188
f 1096/1/2562 458/2/2561 1869/3/3174 3097/4/3173
f 1215/17/2909 164/18/2910 3585/19/3919 3584/20/3464
f 3197/21/593 1737/22/596 4001/23/3588 4907/24/3914
f 300/17/2533 1380/18/2532 3707/19/3752 3708/20/3030
f 96/29/3246 1349/30/3245 3679/31/3920 3449/32/3921
f 163/17/435 1213/18/1596 3582/19/3757 3583/20/3339
f 2247/29/1976 531/30/1969 3896/31/3420 4350/32/3514
f 94/29/2945 1697/30/3733 3957/31/3922 3541/32/3923
f 1686/29/3924 3232/30/3917 4931/31/3918 3943/32/3925
f 2246/17/3214 805/18/1977 4351/19/3515 4349/20/3320
f 975/1/106 3098/2/3034 949/3/3061 55/4/107
f 3231/17/3926 1073/18/3509 3472/19/3511 4930/20/3927
f 1937/29/1132 439/30/1131 4159/31/3249 4146/32/3680
f 2051/17/3671 3231/18/3926 4930/19/3927 4234/20/3741
f 1615/21/296 2699/22/2367 4648/23/3928 3889/24/3585
f 1418/1/420 165/2/419 1750/3/3003 3099/4/3002
f 3114/25/889 1756/26/3703 4023/27/3704 4864/28/3929
f 386/29/943 2207/30/3367 4311/31/3508 4312/32/3048
f 2699/21/2367 2388/22/2370 4427/23/3750 4648/24/3928
f 1107/29/2458 3114/30/889 4864/31/3929 3500/32/3436
f 3156/29/3930 1793/30/3931 4056/31/3932 4882/32/3933
f 3195/29/3934 1899/30/1024 4567/31/3935 4906/32/3936
f 1866/5/938 3100/6/941 1868/7/944 714/8/939
f 462/1/2525 1544/2/116 3100/3/941 1866/4/938
f 1544/1/116 45/2/115 1466/3/942 3100/4/941
f 1750/9/3003 3101/10/937 1867/11/940 663/12/3767
f 165/13/419 1100/14/2526 3101/15/937 1750/16/3003
f 1100/5/2526 462/6/2525 1866/7/938 3101/8/937
f 1295/1/3072 3102/2/933 1296/3/936 238/4/3041
f 663/9/3767 1867/10/940 3102/11/933 1295/12/3072
f 1867/13/940 714/14/939 1865/15/934 3102/16/933
f 224/17/2895 1694/18/2893 3951/19/3937 3602/20/3754
f 2610/21/2875 1723/22/1142 4551/23/3852 4618/24/3938
f 2208/25/1878 3273/26/325 4949/27/3939 4323/28/3772
f 1373/21/3794 293/22/3940 3706/23/3941 3705/24/3795
f 3310/25/3942 920/26/3546 3390/27/3549 4972/28/3943
f 1567/17/3076 3156/18/3930 4882/19/3933 3845/20/3589
f 977/1/118 3104/2/925 948/3/928 54/4/119
f 1393/17/3001 3195/18/3934 4906/19/3936 4533/20/3944
f 3273/17/325 1629/18/328 3907/19/3945 4949/20/3939
f 1372/17/3803 292/18/3107 3704/19/3110 3703/20/3804
f 1665/29/424 2912/30/1605 4752/31/3946 3929/32/3947
f 2351/21/2962 3310/22/3942 4972/23/3943 4412/24/3601
f 91/29/3948 1343/30/3949 3669/31/3950 3441/32/3951
f 67/5/123 980/6/3153 3105/7/3952 1545/8/1618
f 2514/25/2876 2610/26/2875 4618/27/3938 4596/28/3953
f 1371/21/3370 291/22/3117 3702/23/3120 3701/24/3371
f 2912/29/1605 2111/30/1608 4268/31/3369 4752/32/3946
f 12/29/2969 1521/30/2968 3811/31/3954 3366/32/3798
f 1860/13/918 3106/14/921 1862/15/924 713/16/919
f 466/5/2489 1548/6/128 3106/7/921 1860/8/918
f 1548/1/128 53/2/127 1474/3/922 3106/4/921
f 1753/1/3422 3107/2/917 1861/3/920 666/4/3743
f 169/1/2915 1104/2/2490 3107/3/917 1753/4/3422
f 1104/1/2490 466/2/2489 1860/3/918 3107/4/917
f 1298/1/3027 3108/2/913 1299/3/916 239/4/2860
f 666/1/3743 1861/2/920 3108/3/913 1298/4/3027
f 1861/1/920 713/2/919 1859/3/914 3108/4/913
f 1856/9/906 3109/10/909 1858/11/912 712/12/907
f 670/1/899 1757/2/640 3109/3/909 1856/4/906
f 1757/1/640 240/2/639 1755/3/910 3109/4/909
f 1422/1/2484 3110/2/905 1857/3/908 342/4/2485
f 170/1/387 1302/2/900 3110/3/905 1422/4/2484
f 1302/1/900 670/2/899 1856/3/906 3110/4/905
f 981/1/130 3111/2/901 928/3/904 34/4/131
f 342/5/2485 1857/6/908 3111/7/901 981/8/130
f 1857/1/908 712/2/907 1855/3/902 3111/4/901
f 2205/17/3376 796/18/3377 4306/19/3955 4305/20/3956
f 3155/17/3957 1774/18/3902 4039/19/3904 4881/20/3958
f 88/29/2957 1340/30/3959 3665/31/3960 3529/32/2980
f 2204/17/3961 544/18/2923 4304/19/3884 4303/20/3962
f 1793/17/3931 3155/18/3957 4881/19/3958 4056/20/3932
f 532/25/2937 2390/26/2935 4430/27/3619 4344/28/3604
f 1105/1/386 3112/2/897 1302/3/900 170/4/387
f 467/1/3432 1853/2/3240 3112/3/897 1105/4/386
f 1853/9/3240 711/10/3239 1852/11/898 3112/12/897
f 1849/13/890 3113/14/893 1851/15/896 710/16/891
f 469/1/2457 1550/2/136 3113/3/893 1849/4/890
f 1550/1/136 52/2/135 1473/3/894 3113/4/893
f 1756/9/3703 3114/10/889 1850/11/892 669/12/3221
f 449/21/1343 2024/22/1360 4227/23/3963 4228/24/3084
f 1107/1/2458 469/2/2457 1849/3/890 3114/4/889
f 1301/1/638 3115/2/885 1303/3/888 240/4/639
f 669/1/3221 1850/2/892 3115/3/885 1301/4/638
f 1850/5/892 710/6/891 1848/7/886 3115/8/885
f 87/29/579 1339/30/3964 3663/31/3965 4528/32/3637
f 1518/17/1314 24/18/47 3387/19/3591 3807/20/3966
f 839/17/2936 2389/18/3624 4428/19/3627 4431/20/3618
f 1424/13/2452 3116/14/881 1846/15/884 344/16/2453
f 589/25/3612 2082/26/3747 4252/27/3748 3938/28/3967
f 1201/17/3523 213/18/2913 3580/19/3968 3579/20/3844
f 984/1/138 3117/2/877 945/3/880 51/4/139
f 344/9/2453 1846/10/884 3117/11/877 984/12/138
f 1846/1/884 709/2/883 1844/3/878 3117/4/877
f 1841/13/870 3118/14/873 1843/15/876 708/16/871
f 347/1/1861 1427/2/336 3118/3/873 1841/4/870
f 1427/9/336 175/10/335 1759/11/874 3118/12/873
f 1551/1/1776 3119/2/869 1842/3/872 470/4/1777
f 68/1/143 987/2/1862 3119/3/869 1551/4/1776
f 987/1/1862 347/2/1861 1841/3/870 3119/4/869
f 1366/25/3846 286/26/3162 3700/27/3165 3699/28/3847
f 464/29/1655 1546/30/1654 3829/31/3850 3830/32/3166
f 1687/29/1434 222/30/483 3598/31/3809 3947/32/3969
f 1838/5/862 3120/6/865 1840/7/868 707/8/863
f 473/5/2421 1554/6/148 3120/7/865 1838/8/862
f 1554/1/148 42/2/147 1463/3/866 3120/4/865
f 1759/1/874 3121/2/861 1839/3/864 673/4/875
f 175/13/335 1110/14/2422 3121/15/861 1759/16/874
f 1110/1/2422 473/2/2421 1838/3/862 3121/4/861
f 3228/25/3970 1090/26/3666 3490/27/3832 4929/28/3971
f 1200/29/2914 169/30/2915 3578/31/3424 3577/32/3854
f 1839/13/864 707/14/863 1837/15/3738 3122/16/3737
f 1834/1/854 3123/2/857 1836/3/860 706/4/855
f 676/5/839 1762/6/656 3123/7/857 1834/8/854
f 1762/1/656 241/2/655 1760/3/858 3123/4/857
f 1428/13/2416 3124/14/853 1835/15/856 348/16/2417
f 176/1/331 1307/2/840 3124/3/853 1428/4/2416
f 1307/13/840 676/14/839 1834/15/854 3124/16/853
f 988/1/150 3125/2/849 944/3/852 50/4/151
f 348/1/2417 1835/2/856 3125/3/849 988/4/150
f 1835/1/856 706/2/855 1833/3/850 3125/4/849
f 1830/1/842 3126/2/845 1832/3/848 705/4/843
f 350/1/1905 1430/2/316 3126/3/845 1830/4/842
f 1430/9/316 178/10/315 1761/11/846 3126/12/845
f 1555/1/1872 3127/2/841 1831/3/844 474/4/1873
f 69/1/155 991/2/1906 3127/3/841 1555/4/1872
f 991/1/1906 350/2/1905 1830/3/842 3127/4/841
f 1111/9/330 3128/10/837 1307/11/840 176/12/331
f 474/1/1873 1831/2/844 3128/3/837 1111/4/330
f 1831/1/844 705/2/843 1829/3/838 3128/4/837
f 1826/1/830 3129/2/833 1828/3/836 704/4/831
f 477/13/2397 1558/14/160 3129/15/833 1826/16/830
f 1558/13/160 49/14/159 1470/15/834 3129/16/833
f 1761/1/846 3130/2/829 1827/3/832 675/4/847
f 178/1/315 1113/2/2398 3130/3/829 1761/4/846
f 1113/1/2398 477/2/2397 1826/3/830 3130/4/829
f 1306/1/654 3131/2/3410 1308/3/2856 241/4/655
f 675/5/847 1827/6/832 3131/7/3410 1306/8/654
f 1827/1/832 704/2/831 1825/3/3411 3131/4/3410
f 1822/13/822 3132/14/825 1824/15/828 703/16/823
f 678/13/3583 1764/14/3225 3132/15/825 1822/16/822
f 1764/1/3225 242/2/2853 1763/3/826 3132/4/825
f 1431/13/2392 3133/14/821 1823/15/824 351/16/2393
f 179/1/2929 1310/2/3972 3133/3/821 1431/4/2392
f 1310/1/3972 678/2/3583 1822/3/822 3133/4/821
f 992/5/162 3134/6/817 929/7/820 35/8/163
f 351/1/2393 1823/2/824 3134/3/817 992/4/162
f 1823/1/824 703/2/823 1821/3/818 3134/4/817
f 2368/17/2316 2715/18/2315 4656/19/3973 4590/20/3974
f 463/29/1619 1545/30/1618 3827/31/3975 3828/32/3171
f 1516/29/1442 19/30/27 3374/31/3668 3803/32/3976
f 102/17/619 1036/18/618 3456/19/3856 3457/20/3891
f 1721/29/1166 3033/30/1165 4816/31/3977 4550/32/3897
f 2039/21/3415 3228/22/3970 4929/23/3971 4233/24/3416
f 365/29/2992 1006/30/2993 3434/31/3978 3772/32/3315
f 2715/21/2315 1592/22/2954 3863/23/3693 4656/24/3973
f 1515/29/1518 23/30/39 3383/31/3623 3801/32/3979
f 1819/1/3980 3135/2/813 1820/3/816 702/4/3981
f 479/1/3625 1560/2/168 3135/3/813 1819/4/3980
f 1560/1/168 48/2/167 1469/3/814 3135/4/813
f 539/25/2927 1173/26/2931 3557/27/3982 3900/28/3332
f 2315/17/2164 2756/18/2163 4673/19/3983 4589/20/3984
f 18/25/3092 1514/26/3091 3799/27/3985 3372/28/3705
f 1884/21/3720 3192/22/609 4905/23/3986 4121/24/3721
f 1643/29/364 2869/30/1767 4736/31/3987 3919/32/3067
f 2697/17/2932 2392/18/2934 4433/19/3640 4645/20/3988
f 1815/1/802 3137/2/805 1817/3/808 701/4/803
f 682/1/787 1768/2/672 3137/3/805 1815/4/802
f 1768/9/672 243/10/671 1766/11/806 3137/12/805
f 1433/13/2368 3138/14/801 1816/15/804 353/16/2369
f 181/1/295 1314/2/788 3138/3/801 1433/4/2368
f 1314/1/788 682/2/787 1815/3/802 3138/4/801
f 994/13/170 3139/14/797 941/15/800 47/16/171
f 353/1/2369 1816/2/804 3139/3/797 994/4/170
f 1816/1/804 701/2/803 1814/3/798 3139/4/797
f 1811/5/790 3140/6/793 1813/7/796 700/8/791
f 356/1/2061 1436/2/268 3140/3/793 1811/4/790
f 1436/1/268 184/2/267 1767/3/794 3140/4/793
f 1561/1/3700 3141/2/789 1812/3/792 480/4/3898
f 70/1/3182 997/2/2062 3141/3/789 1561/4/3700
f 997/5/2062 356/6/2061 1811/7/790 3141/8/789
f 1115/1/294 3142/2/785 1314/3/788 181/4/295
f 480/13/3898 1812/14/792 3142/15/785 1115/16/294
f 1812/5/792 700/6/791 1810/7/786 3142/8/785
f 1807/13/778 3143/14/781 1809/15/784 699/16/779
f 482/1/2357 1563/2/176 3143/3/781 1807/4/778
f 1563/1/176 31/2/175 1452/3/782 3143/4/781
f 1767/1/794 3144/2/777 1808/3/780 681/4/795
f 184/13/267 1117/14/2358 3144/15/777 1767/16/794
f 1117/1/2358 482/2/2357 1807/3/778 3144/4/777
f 1313/5/670 3145/6/773 1315/7/776 243/8/671
f 681/1/795 1808/2/780 3145/3/773 1313/4/670
f 1808/5/780 699/6/779 1806/7/774 3145/8/773
f 1803/13/766 3146/14/769 1805/15/772 698/16/767
f 685/1/755 1771/2/684 3146/3/769 1803/4/766
f 1771/1/684 244/2/683 1770/3/770 3146/4/769
f 1437/1/2352 3147/2/765 1804/3/768 357/4/2353
f 185/13/263 1318/14/756 3147/15/765 1437/16/2352
f 1318/1/756 685/2/755 1803/3/766 3147/4/765
f 998/1/178 3148/2/761 940/3/764 46/4/179
f 357/1/2353 1804/2/768 3148/3/761 998/4/178
f 1804/1/768 698/2/767 1802/3/762 3148/4/761
f 2756/17/2163 1585/18/2180 4544/19/3989 4673/20/3983
f 1795/29/742 3153/30/741 4880/31/3990 4559/32/3991
f 3033/21/1165 1951/22/1168 4165/23/3192 4816/24/3977
f 1564/1/2080 3149/2/757 1801/3/760 483/4/2081
f 71/9/183 1000/10/2122 3149/11/757 1564/12/2080
f 1000/13/2122 359/14/2121 1800/15/758 3149/16/757
f 1118/1/262 3150/2/753 1318/3/756 185/4/263
f 483/1/2081 1801/2/760 3150/3/753 1118/4/262
f 1801/13/760 697/14/759 1799/15/754 3150/16/753
f 3227/29/3992 1239/30/2897 3600/31/3993 4928/32/3994
f 2869/25/1767 2169/26/1770 4292/27/3995 4736/28/3987
f 1439/25/2320 2714/26/2319 4655/27/3996 4538/28/3997
f 459/29/1547 1541/30/1546 3825/31/3869 3826/32/3201
f 1167/29/2933 2697/30/2932 4645/31/3988 3554/32/3713
f 3153/21/741 1439/22/2320 4538/23/3997 4880/24/3990
f 1317/1/682 3151/2/749 1319/3/752 244/4/683
f 3192/17/609 1392/18/612 3715/19/3610 4905/20/3986
f 99/29/631 1033/30/630 3452/31/3870 3453/32/3908
f 1795/13/742 3152/14/745 1797/15/748 696/16/743
f 2714/25/2319 2368/26/2316 4590/27/3974 4655/28/3996
f 1511/17/1752 22/18/31 3380/19/3653 3797/20/3998
f 1439/5/2320 3153/6/741 1796/7/744 360/8/2321
f 2515/17/3999 871/18/2877 4473/19/4000 4474/20/4001
f 98/29/643 1032/30/642 3450/31/3873 3451/32/3912
f 1001/13/186 3154/14/737 933/15/740 39/16/187
f 360/13/2321 1796/14/744 3154/15/737 1001/16/186
f 1796/1/744 696/2/743 1794/3/738 3154/4/737
f 1927/29/3157 644/30/1091 3996/31/3883 4134/32/3158
f 363/1/2185 1442/2/228 3155/3/3957 1793/4/3931
f 1442/1/228 190/2/227 1774/3/3902 3155/4/3957
f 1491/29/2168 2755/30/2167 4672/31/4002 4541/32/3468
f 72/5/191 1004/6/2186 3156/7/3930 1567/8/3076
f 1004/13/2186 363/14/2185 1793/15/3931 3156/16/3930
f 1356/17/4003 3227/18/3992 4928/19/3994 3689/20/4004
f 2755/21/2167 2315/22/2164 4589/23/3984 4672/24/4002
f 1773/21/746 3152/22/745 4879/23/4005 4556/24/3889
f 1790/9/730 3157/10/733 1792/11/736 695/12/731
f 488/5/2289 1570/6/196 3157/7/733 1790/8/730
f 1570/1/196 33/2/195 1454/3/734 3157/4/733
f 21/17/3183 1509/18/3168 3795/19/3170 3376/20/3716
f 190/1/227 1123/2/2290 3158/3/729 1774/4/3902
f 1123/1/2290 488/2/2289 1790/3/730 3158/4/729
f 1030/17/2414 96/18/3246 3449/19/3921 3448/20/4006
f 2713/29/2951 2371/30/2953 4418/31/3866 4654/32/4007
f 3152/29/745 1795/30/742 4559/31/3991 4879/32/4005
f 1787/9/722 3159/10/725 1789/11/728 694/12/723
f 690/1/711 1777/2/700 3159/3/725 1787/4/722
f 1777/9/700 245/10/699 1776/11/726 3159/12/725
f 1443/1/2284 3160/2/721 1788/3/724 364/4/2285
f 191/1/223 1323/2/712 3160/3/721 1443/4/2284
f 1323/1/712 690/2/711 1787/3/722 3160/4/721
f 1005/1/198 3161/2/717 937/3/720 43/4/199
f 364/1/2285 1788/2/724 3161/3/717 1005/4/198
f 1788/1/724 694/2/723 1786/3/718 3161/4/717
f 1783/1/714 3162/2/3818 1785/3/3014 693/4/715
f 278/17/2725 1358/18/2724 3693/19/3876 3694/20/3258
f 1146/17/2952 2713/18/2951 4654/19/4007 3534/20/4008
f 1571/1/2204 3163/2/713 1784/3/716 489/4/2205
f 2512/29/4009 870/30/2697 4470/31/4010 4471/32/4011
f 171/17/375 1190/18/1758 3574/19/3879 3575/20/3236
f 1124/1/222 3164/2/709 1323/3/712 191/4/223
f 489/1/2205 1784/2/716 3164/3/709 1124/4/222
f 1784/1/716 693/2/715 1782/3/710 3164/4/709
f 788/29/1781 2175/30/1786 4301/31/3066 4302/32/3077
f 389/29/835 2174/30/1782 4299/31/3078 4300/32/4012
f 1798/25/750 3151/26/749 4878/27/4013 4560/28/3388
f 870/25/2697 2510/26/2696 4469/27/3895 4470/28/4010
f 750/25/1339 2017/26/1344 4214/27/3085 4215/28/3096
f 1188/29/2919 172/30/2920 3501/31/3437 3573/32/4014
f 1322/1/698 3165/2/705 1324/3/708 245/4/699
f 689/1/3013 1780/2/3053 3165/3/705 1322/4/698
f 1780/13/3053 692/14/3052 1779/15/706 3165/16/705
f 1779/13/706 3166/14/701 1778/15/704 691/16/707
f 692/1/3052 1781/2/3038 3166/3/701 1779/4/706
f 1781/1/3038 368/2/3037 1009/3/702 3166/4/701
f 1782/9/710 3167/10/697 1777/11/700 690/12/711
f 693/1/715 1785/2/3014 3167/3/697 1782/4/710
f 1785/1/3014 689/2/3013 1322/3/698 3167/4/697
f 1786/9/718 3168/10/693 1378/11/696 298/12/719
f 694/5/723 1789/6/728 3168/7/693 1786/8/718
f 1789/9/728 688/10/727 1321/11/694 3168/12/693
f 2606/17/2869 1275/18/570 4524/19/3771 4616/20/4015
f 276/17/1395 1356/18/4003 3689/19/4004 3690/20/3296
f 1792/5/736 374/6/735 1015/7/3496 3169/8/3495
f 3151/25/749 1317/26/682 4527/27/3344 4878/28/4013
f 612/29/3734 2016/30/1340 4213/31/3097 3958/32/4016
f 275/21/2749 1355/22/2748 3687/23/3892 3688/24/3313
f 1794/13/738 3170/14/689 1374/15/692 294/16/739
f 696/1/743 1797/2/748 3170/3/689 1794/4/738
f 1797/1/748 687/2/747 1320/3/690 3170/4/689
f 1798/1/750 3171/2/685 1772/3/688 686/4/751
f 869/21/2685 2508/22/2690 4467/23/4017 4468/24/4018
f 354/29/3180 995/30/3181 3429/31/4019 3764/32/3429
f 1799/1/754 3172/2/681 1771/3/684 685/4/755
f 1077/25/2870 2606/26/2869 4616/27/4015 4515/28/3466
f 787/21/1773 2172/22/1778 4296/23/3099 4297/24/3105
f 1802/5/762 3173/6/677 1381/7/680 301/8/763
f 698/1/767 1805/2/772 3173/3/677 1802/4/762
f 1805/1/772 684/2/771 1316/3/678 3173/4/677
f 1806/1/774 3174/2/673 1769/3/676 683/4/775
f 699/1/779 1809/2/784 3174/3/673 1806/4/774
f 1809/1/784 372/2/783 1013/3/674 3174/4/673
f 1810/1/786 3175/2/669 1768/3/672 682/4/787
f 700/1/791 1813/2/796 3175/3/669 1810/4/786
f 1813/1/796 681/2/795 1313/3/670 3175/4/669
f 1814/1/798 3176/2/665 1382/3/668 302/4/799
f 701/1/803 1817/2/808 3176/3/665 1814/4/798
f 1817/1/808 680/2/807 1312/3/666 3176/4/665
f 1818/5/810 3177/6/661 1765/7/664 679/8/811
f 702/1/3981 1820/2/816 3177/3/661 1818/4/810
f 1820/1/816 388/2/815 1029/3/662 3177/4/661
f 140/21/611 1675/22/3611 3937/23/4020 4532/24/3609
f 632/29/1195 2507/30/2686 4465/31/4021 4466/32/3782
f 554/29/1785 2171/30/1774 4294/31/3106 4295/32/3065
f 1821/13/818 3178/14/657 1370/15/660 290/16/819
f 703/1/823 1824/2/828 3178/3/657 1821/4/818
f 1824/9/828 677/10/827 1309/11/658 3178/12/657
f 1025/29/4022 91/30/3948 3441/31/3951 3440/32/4023
f 1243/29/494 3224/30/493 4927/31/4024 4522/32/3427
f 1904/21/3901 3069/22/1037 4838/23/4025 4123/24/4026
f 1829/1/838 3179/2/653 1762/3/656 676/4/839
f 705/1/843 1832/2/848 3179/3/653 1829/4/838
f 1832/1/848 675/2/847 1306/3/654 3179/4/653
f 1833/13/850 3180/14/649 1385/15/652 305/16/851
f 706/9/855 1836/10/860 3180/11/649 1833/12/850
f 1836/1/860 674/2/859 1305/3/650 3180/4/649
f 1164/21/290 529/22/1989 3888/23/3442 3547/24/4027
f 707/13/863 1840/14/868 3181/15/4028 1837/16/3738
f 1840/1/868 383/2/867 1025/3/4022 3181/4/4028
f 1024/29/3906 90/30/3521 3439/31/4029 3438/32/3907
f 3224/21/493 2026/22/1366 4576/23/4030 4927/24/4024
f 272/17/2773 1352/18/2772 3683/19/3909 3684/20/3347
f 1844/13/878 3182/14/645 1386/15/648 306/16/879
f 709/1/883 1847/2/3334 3182/3/645 1844/4/878
f 1847/1/3334 672/2/2857 1304/3/646 3182/4/645
f 1848/9/886 3183/10/641 1758/11/644 671/12/887
f 710/1/891 1851/2/896 3183/3/641 1848/4/886
f 1851/13/896 392/14/895 1032/15/642 3183/16/641
f 1852/1/898 3184/2/637 1757/3/640 670/4/899
f 711/1/3239 1854/2/3222 3184/3/637 1852/4/898
f 1854/9/3222 669/10/3221 1301/11/638 3184/12/637
f 1855/9/902 3185/10/633 1369/11/636 289/12/903
f 712/13/907 1858/14/912 3185/15/633 1855/16/902
f 1858/1/912 668/2/911 1300/3/634 3185/4/633
f 1859/1/914 3186/2/629 1754/3/632 667/4/915
f 713/13/919 1862/14/924 3186/15/629 1859/16/914
f 1862/1/924 393/2/923 1033/3/630 3186/4/629
f 1699/29/3769 614/30/3350 3966/31/3353 3965/32/3911
f 2505/21/2997 868/22/2881 4462/23/3012 4463/24/2998
f 3069/17/1037 1905/18/1040 4126/19/3915 4838/20/4025
f 1863/9/926 3187/10/625 1389/11/628 309/12/927
f 1163/17/2002 528/18/2001 3884/19/3475 4519/20/3874
f 1864/9/932 665/10/931 1297/11/626 3187/12/625
f 1865/1/934 3188/2/4031 1751/3/3759 664/4/935
f 714/5/939 1868/6/944 3188/7/4031 1865/8/934
f 271/21/2785 1351/22/2784 3681/23/3913 3682/24/3358
f 1585/17/2180 2752/18/2179 4671/19/4032 4544/20/3989
f 1698/21/2883 613/22/2884 3964/23/3363 3963/24/3916
f 164/17/2910 1672/18/3597 3933/19/4033 3585/20/3919
f 218/25/2906 1671/26/2904 3931/27/4034 3589/28/3893
f 3223/29/4035 1244/30/3706 3601/31/3755 4926/32/4036
f 3068/29/3896 964/30/70 4505/31/4037 4837/32/4038
f 1349/29/3245 269/30/3244 3680/31/3373 3679/32/3920
f 2752/29/2179 1393/30/3001 4533/31/3944 4671/32/4032
f 264/17/4039 2547/18/3828 4493/19/3830 3670/20/4040
f 2022/17/4041 3223/18/4035 4926/19/4036 4226/20/4042
f 1348/17/3407 268/18/3381 3678/19/3384 3677/20/4043
f 2071/29/1490 2942/30/1489 4770/31/4044 4578/32/3853
f 1872/13/946 3189/14/621 1362/15/624 282/16/947
f 715/1/951 1875/2/956 3189/3/621 1872/4/946
f 1875/1/956 661/2/955 1293/3/622 3189/4/621
f 1876/1/958 3190/2/617 1746/3/620 660/4/959
f 716/1/963 1879/2/968 3190/3/617 1876/4/958
f 1879/1/968 396/2/967 1036/3/618 3190/4/617
f 1880/5/970 3191/6/613 1745/7/616 659/8/971
f 717/1/975 1883/2/980 3191/3/613 1880/4/970
f 1883/9/980 658/10/979 1290/11/614 3191/12/613
f 1697/25/3733 612/26/3734 3958/27/4016 3957/28/3922
f 718/1/983 1887/2/988 3192/3/609 1884/4/3720
f 1887/5/988 657/6/987 1289/7/610 3192/8/609
f 1888/1/990 3193/2/605 1742/3/608 656/4/991
f 719/1/995 1891/2/1000 3193/3/605 1888/4/990
f 1891/1/1000 385/2/999 1027/3/606 3193/4/605
f 1892/1/1002 3194/2/601 1741/3/604 655/4/1003
f 720/9/1007 1895/10/1012 3194/11/601 1892/12/1002
f 1895/1/1012 654/2/1011 1286/3/602 3194/4/601
f 1896/9/1014 3195/10/3934 1393/11/3001 312/12/1015
f 721/1/1019 1899/2/1024 3195/3/3934 1896/4/1014
f 879/17/2859 2546/18/2858 4492/19/3834 4491/20/3829
f 1900/9/1026 3196/10/597 1738/11/600 652/12/1027
f 722/5/1031 1903/6/1036 3196/7/597 1900/8/1026
f 1903/9/1036 398/10/1035 1038/11/598 3196/12/597
f 925/29/3163 3068/30/3896 4837/31/4038 4501/32/3164
f 2942/17/1489 1227/18/458 4521/19/3815 4770/20/4044
f 1905/1/1040 651/2/1039 1284/3/594 3197/4/593
f 1828/17/836 389/18/835 4300/19/4012 4076/20/4045
f 443/17/1203 1527/18/1202 3813/19/4046 3814/20/3762
f 1015/29/3496 81/30/2852 3437/31/3116 3436/32/3497
f 1906/1/1042 3198/2/589 1734/3/592 649/4/1043
f 723/1/1047 1909/2/1052 3198/3/589 1906/4/1042
f 1909/1/1052 399/2/1051 1039/3/590 3198/4/589
f 1910/1/1054 3199/2/585 1733/3/588 648/4/1055
f 724/13/1059 1913/14/1064 3199/15/585 1910/16/1054
f 1913/5/1064 647/6/1063 1280/7/586 3199/8/585
f 1914/1/1066 3200/2/581 1396/3/584 315/4/1067
f 725/1/1071 1917/2/1076 3200/3/581 1914/4/1066
f 1917/5/1076 646/6/1075 1279/7/582 3200/8/581
f 1918/13/1078 3201/14/577 1730/15/580 645/16/1079
f 726/1/1083 1921/2/1088 3201/3/577 1918/4/1078
f 1921/13/1088 379/14/1087 1021/15/578 3201/16/577
f 1922/1/1090 3202/2/573 1729/3/576 644/4/1091
f 727/9/1095 1925/10/1100 3202/11/573 1922/12/1090
f 1925/1/1100 643/2/1099 1276/3/574 3202/4/573
f 1926/1/1102 3203/2/569 1397/3/572 316/4/1103
f 1825/17/3411 704/18/831 4077/19/4047 4075/20/3412
f 1694/29/2893 608/30/2894 3952/31/3428 3951/32/3937
f 1929/9/1106 3204/10/565 1727/11/568 642/12/1107
f 728/5/1111 1932/6/1116 3204/7/565 1929/8/1106
f 1932/1/1116 438/2/1115 1078/3/566 3204/4/565
f 1933/1/1118 3205/2/561 1726/3/564 641/4/1119
f 729/1/1123 1936/2/1128 3205/3/561 1933/4/1118
f 1936/1/1128 640/2/1127 1272/3/562 3205/4/561
f 2223/25/1916 2828/26/1915 4711/27/4048 4584/28/3839
f 2828/29/1915 1016/30/686 4511/31/3380 4711/32/4048
f 519/17/3178 1154/18/3179 3542/19/4049 3880/20/3574
f 1343/17/3949 264/18/4039 3670/19/4040 3669/20/3950
f 518/25/2942 1153/26/2944 3540/27/4050 3878/28/3582
f 678/25/3583 1310/26/3972 3657/27/4051 4036/28/3584
f 1521/25/2968 437/26/2967 3812/27/3467 3811/28/3954
f 1854/25/3222 711/26/3239 4090/27/3242 4092/28/3223
f 2009/17/3231 748/18/3250 4200/19/3253 4199/20/3232
f 1939/1/1134 3206/2/557 1399/3/560 319/4/1135
f 730/13/1139 1942/14/1144 3206/15/557 1939/16/1134
f 1942/1/1144 638/2/1143 1270/3/558 3206/4/557
f 982/29/3317 343/30/2473 3752/31/3586 3421/32/3318
f 128/29/427 1178/30/3331 3561/31/3800 3562/32/3751
f 1341/25/3630 262/26/3469 3668/27/3472 3667/28/4052
f 1853/29/3240 467/30/3432 3832/31/3435 4091/32/3241
f 2008/17/3251 327/18/3900 4198/19/4053 4197/20/3252
f 1340/17/3959 261/18/3482 3666/19/3484 3665/20/3960
f 1949/1/1162 3207/2/553 1400/3/556 320/4/1163
f 733/13/3190 1951/14/1168 3207/15/553 1949/16/1162
f 1951/9/1168 636/10/1167 1269/11/554 3207/12/553
f 1952/9/1170 3208/10/549 1720/11/552 635/12/1171
f 734/1/1175 1955/2/1180 3208/3/549 1952/4/1170
f 1955/1/1180 442/2/1179 1081/3/550 3208/4/549
f 1956/1/1182 3209/2/545 1719/3/548 634/4/1183
f 735/1/1187 1959/2/1192 3209/3/545 1956/4/1182
f 1959/5/1192 633/6/1191 1266/7/546 3209/8/545
f 865/25/2653 2493/26/2652 4458/27/3114 4459/28/3140
f 516/17/3136 1151/18/3137 3537/19/4054 3874/20/3596
f 1339/29/3964 260/30/3489 3664/31/3492 3663/32/3965
f 435/17/1315 1518/18/1314 3807/19/3966 3808/20/3493
f 446/25/2649 2492/26/2648 4457/27/3141 3820/28/3550
f 3026/17/3835 1960/18/3833 4167/19/4055 4814/20/4056
f 1965/9/1206 3210/10/541 1716/11/544 631/12/1207
f 737/1/1211 1968/2/1216 3210/3/541 1965/4/1206
f 1968/1/1216 630/2/1215 1263/3/542 3210/4/541
f 1969/13/1218 3211/14/537 1402/15/540 323/16/1219
f 738/5/1223 1972/6/1228 3211/7/537 1969/8/1218
f 1972/1/1228 629/2/1227 1262/3/538 3211/4/537
f 2177/29/1792 2863/30/1791 4733/31/4057 4582/32/4058
f 515/29/2947 1150/30/2949 3535/31/4059 3872/32/3606
f 2072/17/1494 2941/18/1493 4767/19/4060 4579/20/3822
f 1345/17/2863 3026/18/3835 4814/19/4056 3671/20/4061
f 327/29/3900 1904/30/3901 4123/31/4026 4198/32/4053
f 2006/25/3776 747/26/3298 4195/27/3301 4194/28/3780
f 1975/5/1230 3212/6/533 1403/7/536 324/8/1231
f 739/1/1235 1978/2/1240 3212/3/533 1975/4/1230
f 1978/1/1240 628/2/1239 1261/3/534 3212/4/533
f 1979/1/1242 3213/2/3069 1711/3/2882 627/4/1243
f 2863/17/1791 1348/18/3407 3677/19/4043 4733/20/4057
f 2941/17/1493 1341/18/3630 3667/19/4052 4767/20/4060
f 1982/1/1250 3214/2/529 1710/3/532 626/4/1251
f 741/5/1255 1985/6/1260 3214/7/529 1982/8/1250
f 1985/5/1260 625/6/1259 1258/7/530 3214/8/529
f 1986/1/1262 3215/2/525 1332/3/528 253/4/1263
f 742/1/1267 1989/2/1272 3215/3/525 1986/4/1262
f 1989/1/1272 624/2/1271 1257/3/526 3215/4/525
f 601/17/1435 1687/18/1434 3947/19/3969 3948/20/4062
f 977/21/118 339/22/2521 3746/23/3622 4508/24/4063
f 2005/17/3299 618/18/3230 4193/19/3233 4192/20/3300
f 1993/1/1282 3216/2/521 1707/3/524 622/4/1283
f 744/13/1287 1996/14/1292 3216/15/521 1993/16/1282
f 1996/1/1292 621/2/1291 1254/3/522 3216/4/521
f 1997/1/1294 3217/2/517 1405/3/520 326/4/1295
f 745/13/1299 2000/14/1304 3217/15/517 1997/16/1294
f 2000/9/1304 620/10/1303 1253/11/518 3217/12/517
f 2001/9/1306 3218/10/513 1704/11/516 619/12/1307
f 746/1/1311 2004/2/1316 3218/3/513 2001/4/1306
f 2004/1/1316 435/2/1315 1075/3/514 3218/4/513
f 2005/1/3299 3219/2/509 1703/3/512 618/4/3230
f 747/1/3298 2007/2/1320 3219/3/509 2005/4/3299
f 2007/5/1320 617/6/1319 1251/7/510 3219/8/509
f 2008/1/3251 3220/2/505 1406/3/508 327/4/3900
f 748/1/3250 2010/2/1324 3220/3/505 2008/4/3251
f 2010/1/1324 616/2/1323 1250/3/506 3220/4/505
f 2011/1/1326 3221/2/501 1700/3/504 615/4/1327
f 749/1/1331 2014/2/1336 3221/3/501 2011/4/1326
f 2014/1/1336 448/2/1335 1086/3/502 3221/4/501
f 433/17/1443 1516/18/1442 3803/19/3976 3804/20/3510
f 1305/29/650 674/30/859 4498/31/3806 3654/32/4064
f 3188/25/4031 1868/26/944 4564/27/3049 4900/28/4065
f 1006/25/2993 59/26/75 3405/27/3207 3434/28/3978
f 432/21/1519 1515/22/1518 3801/23/3979 3802/24/3512
f 600/25/3836 1686/26/3924 3943/27/3925 3944/28/3837
f 1751/25/3759 3188/26/4031 4900/27/4065 4017/28/3760
f 1173/29/2931 206/30/2930 3556/31/3010 3557/32/3982
f 479/25/3625 1819/26/3980 4067/27/4066 4429/28/3626
f 1639/21/1796 2862/22/1795 4732/23/4067 4546/24/3142
f 2471/21/2596 2640/22/2595 4636/23/4068 4593/24/3155
f 1514/29/3091 431/30/3090 3800/31/3543 3799/32/3985
f 1847/29/3334 709/30/883 4087/31/4069 4088/32/3335
f 1960/29/3833 3025/30/1193 4813/31/4070 4167/32/4055
f 976/17/110 338/18/2545 3740/19/3639 3417/20/4071
f 2018/1/1346 3222/2/497 1696/3/500 610/4/1347
f 751/1/1351 2021/2/1356 3222/3/497 2018/4/1346
f 2021/9/1356 421/10/1355 1061/11/498 3222/12/497
f 702/17/3981 1818/18/810 4562/19/3047 4068/20/4072
f 752/13/1359 2025/14/1364 3223/15/4035 2022/16/4041
f 2025/1/1364 609/2/1363 1244/3/3706 3223/4/4035
f 2026/1/1366 3224/2/493 1408/3/496 330/4/1367
f 2862/17/1795 2177/18/1792 4582/19/4058 4732/20/4067
f 2640/29/2595 1234/30/2902 3591/31/3843 4636/32/4068
f 2027/9/1370 3225/10/489 1693/11/492 607/12/1371
f 753/5/1375 2030/6/1380 3225/7/489 2027/8/1370
f 2030/13/1380 452/14/1379 1089/15/490 3225/16/489
f 2031/5/1382 3226/6/485 1692/7/488 606/8/1383
f 754/1/1387 2034/2/1392 3226/3/485 2031/4/1382
f 2034/1/1392 605/2/1391 1240/3/486 3226/4/485
f 2035/1/1394 3227/2/3992 1356/3/4003 276/4/1395
f 755/1/1399 2038/2/1404 3227/3/3992 2035/4/1394
f 2038/9/1404 604/10/1403 1239/11/2897 3227/12/3992
f 1545/17/1618 3105/18/3952 4860/19/4073 3827/20/3975
f 756/5/1407 2042/6/1412 3228/7/3970 2039/8/3415
f 2042/1/1412 453/2/1411 1090/3/3666 3228/4/3970
f 2043/9/1414 3229/10/481 1689/11/484 603/12/1415
f 757/13/1419 2046/14/1424 3229/15/481 2043/16/1414
f 2046/13/1424 602/14/1423 1237/15/482 3229/16/481
f 2047/13/1426 3230/14/477 1410/15/480 332/16/1427
f 758/1/1431 2050/2/1436 3230/3/477 2047/4/1426
f 2050/13/1436 601/14/1435 1236/15/478 3230/16/477
f 2209/17/3329 414/18/3328 4512/19/3711 4325/20/3807
f 759/1/1439 2054/2/1444 3231/3/3926 2051/4/3671
f 2054/5/1444 433/6/1443 1073/7/3509 3231/8/3926
f 2055/5/3667 3232/6/3917 1686/7/3924 600/8/3836
f 760/1/1447 2058/2/1452 3232/3/3917 2055/4/3667
f 2058/1/1452 599/2/1451 1235/3/3670 3232/4/3917
f 3187/21/625 1863/22/926 4563/23/4074 4899/24/4075
f 90/29/3521 1653/30/3519 3925/31/4076 3439/32/4029
f 975/17/106 337/18/2557 3738/19/3642 4507/20/3035
f 2059/9/1454 3233/10/473 1684/11/476 598/12/1455
f 761/1/1459 2062/2/1464 3233/3/473 2059/4/1454
f 2062/1/1464 456/2/1463 1093/3/474 3233/4/473
f 2063/1/1466 3234/2/469 1683/3/472 597/4/1467
f 762/1/1471 2066/2/1476 3234/3/469 2063/4/1466
f 2066/1/1476 596/2/1475 1231/3/470 3234/4/469
f 2067/1/1478 3235/2/465 1328/3/468 249/4/1479
f 763/1/1483 2070/2/1488 3235/3/465 2067/4/1478
f 2070/1/1488 595/2/1487 1230/3/466 3235/4/465
f 2071/1/1490 3236/2/461 1680/3/464 594/4/1491
f 3105/17/3952 980/18/3153 4509/19/3154 4860/20/4073
f 1864/25/932 3187/26/625 4899/27/4075 4101/28/4077
f 2072/13/1494 3237/14/457 1679/15/460 593/16/1495
f 213/25/2913 1652/26/2911 3923/27/4078 3580/28/3968
f 709/25/883 1845/26/882 4086/27/3888 4087/28/4069
f 2073/1/1498 3238/2/453 1414/3/456 335/4/1499
f 764/13/1503 2076/14/1508 3238/15/453 2073/16/1498
f 2076/9/1508 592/10/1507 1226/11/454 3238/12/453
f 2077/5/1510 3239/6/449 1677/7/452 591/8/1511
f 765/1/1515 2080/2/1520 3239/3/449 2077/4/1510
f 2080/1/1520 432/2/1519 1072/3/450 3239/4/449
f 2081/5/1522 3240/6/445 1676/7/448 590/8/1523
f 3025/29/1193 1961/30/1196 4170/31/3783 4813/32/4070
f 2082/9/3747 589/10/3612 1223/11/446 3240/12/445
f 2083/1/1526 3241/2/441 1415/3/444 336/4/1527
f 766/1/1531 2086/2/1536 3241/3/441 2083/4/1526
f 2086/1/1536 588/2/1535 1222/3/442 3241/4/441
f 2087/1/1538 3242/2/437 1673/3/440 587/4/1539
f 767/1/1543 2090/2/1548 3242/3/437 2087/4/1538
f 2090/1/1548 459/2/1547 1097/3/438 3242/4/437
f 1899/29/1024 653/30/1023 4004/31/3860 4567/32/3935
f 428/25/1753 1511/26/1752 3797/27/3998 3798/28/3563
f 1478/17/966 57/18/91 3401/19/3238 3789/20/2970
f 510/29/2955 1145/30/2956 3528/31/2981 3864/32/3692
f 708/17/871 1843/18/876 4084/19/3365 4085/20/3374
f 2483/21/3194 862/22/2892 4454/23/3209 4456/24/3195
f 2091/13/1550 3243/14/433 1670/15/436 584/16/1551
f 768/1/1555 2094/2/1560 3243/3/433 2091/4/1550
f 2094/5/1560 460/6/1559 1098/7/434 3243/8/433
f 2095/5/1562 3244/6/429 1669/7/432 583/8/1563
f 769/1/1567 2098/2/1572 3244/3/429 2095/4/1562
f 2098/5/1572 582/6/1571 1216/7/430 3244/8/429
f 3015/29/3827 1973/30/3824 4175/31/4079 4810/32/4080
f 770/9/1575 2102/10/1580 3245/11/3463 2099/12/3473
f 2102/1/1580 581/2/1579 1215/3/2909 3245/4/3463
f 2103/1/1582 3246/2/425 1666/3/428 580/4/1583
f 771/1/1587 2106/2/1592 3246/3/425 2103/4/1582
f 2106/13/1592 422/14/1591 1062/15/426 3246/16/425
f 2107/13/1594 3247/14/421 1665/15/424 579/16/1595
f 772/1/1599 2110/2/1604 3247/3/421 2107/4/1594
f 2110/5/1604 578/6/1603 1212/7/422 3247/8/421
f 3264/17/4081 1188/18/2919 3573/19/4014 4944/20/4082
f 1571/25/2204 2746/26/2203 4670/27/4083 4543/28/3784
f 2111/5/1608 577/6/1607 1211/7/418 3248/8/417
f 2112/1/1610 3249/2/413 1662/3/416 576/4/1611
f 773/1/1615 2115/2/1620 3249/3/413 2112/4/1610
f 2115/9/1620 463/10/1619 1101/11/414 3249/12/413
f 2116/9/1622 3250/10/409 1661/11/412 575/12/1623
f 774/1/1627 2119/2/1632 3250/3/409 2116/4/1622
f 2119/1/1632 574/2/1631 1208/3/410 3250/4/409
f 2120/1/1634 3251/2/405 1353/3/408 273/4/1635
f 775/1/1639 2123/2/1644 3251/3/405 2120/4/1634
f 2123/9/1644 573/10/1643 1207/11/406 3251/12/405
f 2124/13/1646 3252/14/401 1658/15/404 572/16/1647
f 776/5/1651 2127/6/1656 3252/7/401 2124/8/1646
f 2127/9/1656 464/10/1655 1102/11/402 3252/12/401
f 2128/1/1658 3253/2/397 1657/3/400 571/4/1659
f 777/13/1662 2131/14/1666 3253/15/397 2128/16/1658
f 2131/1/1666 570/2/1665 1204/3/398 3253/4/397
f 2132/9/1668 3254/10/393 1421/11/396 341/12/1669
f 778/1/1673 2135/2/1678 3254/3/393 2132/4/1668
f 2135/13/1678 569/14/1677 1203/15/394 3254/16/393
f 2136/5/1680 3255/6/389 1654/7/392 568/8/1681
f 779/1/1685 2139/2/1690 3255/3/389 2136/4/1680
f 2139/1/1690 429/2/1689 1069/3/390 3255/4/389
f 470/17/1777 1842/18/872 4082/19/3375 4083/20/3098
f 2482/29/2891 611/30/2890 3956/31/3409 4455/32/3208
f 1713/29/3813 3015/30/3827 4810/31/4080 3971/32/4084
f 3024/17/3831 1963/18/1200 4571/19/3766 4812/20/4085
f 1265/17/2880 3024/18/3831 4812/19/4085 4523/20/3789
f 2169/29/1770 3264/30/4081 4944/31/4082 4292/32/3995
f 2141/1/1692 3256/2/385 1651/3/388 565/4/1693
f 780/1/3440 2143/2/3433 3256/3/385 2141/4/1692
f 2143/1/3433 467/2/3432 1105/3/386 3256/4/385
f 2144/9/1696 3257/10/381 1650/11/384 564/12/1697
f 507/29/3033 1142/30/242 4518/31/4086 3862/32/3725
f 2746/25/2203 1573/26/2995 3847/27/3858 4670/28/4083
f 2145/13/1700 3258/14/377 1335/15/380 256/16/1701
f 781/1/1705 2148/2/1710 3258/3/377 2145/4/1700
f 2148/5/1710 563/6/1709 1196/7/378 3258/8/377
f 2149/9/1712 3259/10/373 1648/11/376 562/12/1713
f 782/1/1717 2152/2/1722 3259/3/373 2149/4/1712
f 2152/5/1722 468/6/1721 1106/7/374 3259/8/373
f 2153/1/1724 3260/2/369 1647/3/372 561/4/1725
f 783/1/1729 2156/2/1734 3260/3/369 2153/4/1724
f 2156/1/1734 560/2/1733 1193/3/370 3260/4/369
f 1474/29/922 53/30/127 3399/31/3282 3785/32/3022
f 784/1/1737 2160/2/1742 3261/3/4087 2157/4/3450
f 2160/1/1742 559/2/1741 1192/3/2917 3261/4/4087
f 2161/1/1744 3262/2/365 1644/3/368 558/4/1745
f 785/1/1749 2164/2/1754 3262/3/365 2161/4/1744
f 2164/1/1754 428/2/1753 1068/3/366 3262/4/365
f 2165/1/1756 3263/2/361 1643/3/364 557/4/1757
f 786/1/1761 2168/2/1766 3263/3/361 2165/4/1756
f 2168/9/1766 556/10/1765 1189/11/362 3263/12/361
f 1863/29/926 3104/30/925 4858/31/4088 4563/32/4074
f 1473/17/894 52/18/135 3397/19/3309 3783/20/3025
f 2169/1/1770 555/2/1769 1188/3/2919 3264/4/4081
f 3014/17/3823 1519/18/3745 3809/19/3746 4809/20/4089
f 3104/25/925 977/26/118 4508/27/4063 4858/28/4088
f 666/17/3743 1298/18/3027 3647/19/3029 4020/20/3744
f 673/17/875 1839/18/864 4079/19/3758 4080/20/3364
f 1973/29/3824 3014/30/3823 4809/31/4089 4175/32/4079
f 1142/29/242 3299/30/241 4968/31/4090 4518/32/4086
f 2176/1/1788 3265/2/357 1350/3/360 270/4/1789
f 789/5/1793 2179/6/1798 3265/7/357 2176/8/1788
f 2179/1/1798 553/2/1797 1187/3/358 3265/4/357
f 2180/13/1800 3266/14/353 1638/15/356 552/16/1801
f 790/1/1805 2183/2/1810 3266/3/353 2180/4/1800
f 2183/9/1810 471/10/1809 1108/11/354 3266/12/353
f 2184/1/1812 3267/2/349 1637/3/352 551/4/1813
f 791/1/1817 2187/2/1822 3267/3/349 2184/4/1812
f 2187/5/1822 550/6/1821 1184/7/350 3267/8/349
f 2188/1/1824 3268/2/345 1426/3/348 346/4/1825
f 792/9/1829 2191/10/1834 3268/11/345 2188/12/1824
f 2191/1/1834 549/2/1833 1183/3/346 3268/4/345
f 2192/1/1836 3269/2/341 1634/3/344 548/4/1837
f 793/1/1841 2195/2/1846 3269/3/341 2192/4/1836
f 2195/13/1846 419/14/1845 1059/15/342 3269/16/341
f 2196/1/1848 3270/2/337 1633/3/340 547/4/1849
f 794/1/1853 2199/2/1858 3270/3/337 2196/4/1848
f 2199/1/1858 546/2/1857 1180/3/338 3270/4/337
f 2200/5/1860 3271/6/333 1427/7/336 347/8/1861
f 795/1/1865 2203/2/1870 3271/3/333 2200/4/1860
f 2203/1/1870 545/2/1869 1179/3/334 3271/4/333
f 2204/9/3961 3272/10/329 1630/11/332 544/12/2923
f 796/1/3377 2206/2/1874 3272/3/329 2204/4/3961
f 2206/1/1874 474/2/1873 1111/3/330 3272/4/329
f 1296/17/936 664/18/935 4018/19/3761 3646/20/3042
f 2688/17/2407 2405/18/2925 4436/19/3477 4642/20/4091
f 995/25/3181 70/26/3182 3430/27/3702 3429/28/4019
f 3299/29/241 2309/30/2144 4588/31/3878 4968/32/4090
f 1629/17/328 2688/18/2407 4642/19/4091 3907/20/3945
f 1675/29/3611 589/30/3612 3938/31/3967 3937/32/4020
f 743/17/1279 1991/18/1278 4189/19/3346 4190/20/3438
f 967/17/82 329/18/3193 3728/19/3196 4506/20/4092
f 2208/1/1878 475/2/1877 1112/3/326 3273/4/325
f 2143/21/3433 780/22/3440 4280/23/3441 4282/24/3434
f 663/17/3767 1295/18/3072 3643/19/3073 4014/20/3768
f 623/29/1275 1990/30/1274 4188/31/3439 3970/32/3113
f 204/29/291 1164/30/290 3547/31/4027 3548/32/3133
f 2599/29/2864 2528/30/2862 4481/31/4093 4612/32/4094
f 2639/29/2899 2472/30/2901 4450/31/4095 4633/32/4096
f 2211/5/1880 3274/6/321 1628/7/324 543/8/1881
f 797/1/1885 2214/2/1890 3274/3/321 2211/4/1880
f 2214/1/1890 426/2/1889 1066/3/322 3274/4/321
f 2215/1/1892 3275/2/317 1627/3/320 542/4/1893
f 798/1/1897 2218/2/1902 3275/3/317 2215/4/1892
f 2218/1/1902 541/2/1901 1175/3/318 3275/4/317
f 2219/9/1904 3276/10/313 1430/11/316 350/12/1905
f 799/1/1909 2222/2/1914 3276/3/313 2219/4/1904
f 2222/5/1914 540/6/1913 1174/7/314 3276/8/313
f 1739/17/1022 2599/18/2864 4612/19/4094 4003/20/3859
f 1091/29/2900 2639/30/2899 4633/31/4096 4516/32/3265
f 1752/29/930 3103/30/929 4856/31/4097 4555/32/3425
f 2223/1/1916 3277/2/3838 1623/3/3008 538/4/1917
f 662/17/3785 1294/18/3277 4525/19/3278 4008/20/3786
f 2409/17/2924 2687/18/2411 4641/19/4098 4441/20/3882
f 2224/1/1920 3278/2/309 1336/3/312 257/4/1921
f 800/1/1925 2227/2/1930 3278/3/309 2224/4/1920
f 2227/1/1930 537/2/1929 1171/3/310 3278/4/309
f 2228/1/1932 3279/2/305 1621/3/308 536/4/1933
f 801/13/1937 2231/14/1942 3279/15/305 2228/16/1932
f 2231/9/1942 478/10/1941 1114/11/306 3279/12/305
f 2232/1/1944 3280/2/301 1620/3/304 535/4/1945
f 802/13/1949 2235/14/1954 3280/15/301 2232/16/1944
f 2235/5/1954 534/6/1953 1168/7/302 3280/8/301
f 1672/21/3597 586/22/3598 3934/23/3691 3933/24/4033
f 803/1/1957 2239/2/1962 3281/3/3712 2236/4/3243
f 2239/13/1962 533/14/1961 1167/15/2933 3281/16/3712
f 2240/9/3603 3282/10/297 1617/11/300 532/12/2937
f 3013/17/3816 1974/18/3812 4180/19/4099 4807/20/4100
f 2241/13/1966 425/14/1965 1065/15/298 3282/16/297
f 2242/1/1968 3283/2/3631 1616/3/3418 531/4/1969
f 804/1/1973 2245/2/3216 3283/3/3631 2242/4/1968
f 3261/29/4087 1192/30/2917 3576/31/3338 4943/32/4101
f 1132/25/2234 497/26/2233 3860/27/3797 3527/28/3103
f 476/25/3378 2205/26/3376 4305/27/3956 4435/28/3487
f 2687/29/2411 1030/30/2414 3448/31/4006 4641/32/4098
f 1671/21/2904 585/22/2905 3932/23/3698 3931/24/4034
f 2472/25/2901 601/26/1435 3948/27/4062 4450/28/4095
f 2249/1/3577 480/2/3898 1115/3/294 3284/4/293
f 2250/1/1980 3285/2/289 1614/3/292 530/4/1981
f 806/1/1985 2253/2/1990 3285/3/289 2250/4/1980
f 2253/1/1990 529/2/1989 1164/3/290 3285/4/289
f 2254/13/1992 3286/14/3500 1346/15/3506 266/16/1993
f 807/1/1997 2257/2/3185 3286/3/3500 2254/4/1992
f 1527/17/1202 3013/18/3816 4807/19/4100 3813/20/4046
f 2258/1/2000 3287/2/285 1611/3/288 528/4/2001
f 808/5/2005 2261/6/2010 3287/7/285 2258/8/2000
f 2261/1/2010 481/2/2009 1116/3/286 3287/4/285
f 2262/1/2012 3288/2/281 1610/3/284 527/4/2013
f 809/13/2017 2265/14/2022 3288/15/281 2262/16/2012
f 2265/9/2022 526/10/2021 1161/11/282 3288/12/281
f 2266/9/2024 3289/10/277 1435/11/280 355/12/2025
f 810/1/2029 2269/2/2034 3289/3/277 2266/4/2024
f 2269/5/2034 525/6/2033 1160/7/278 3289/8/277
f 2270/9/2036 3290/10/273 1607/11/276 524/12/2037
f 811/5/2041 2273/6/2046 3290/7/273 2270/8/2036
f 2273/13/2046 407/14/2045 1047/15/274 3290/16/273
f 2274/13/2048 3291/14/269 1606/15/272 523/16/2049
f 812/1/2053 2277/2/2058 3291/3/269 2274/4/2048
f 2277/1/2058 522/2/2057 1157/3/270 3291/4/269
f 2278/1/2060 3292/2/265 1436/3/268 356/4/2061
f 813/1/2065 2281/2/2070 3292/3/265 2278/4/2060
f 2281/13/2070 521/14/2069 1156/15/266 3292/16/265
f 2282/1/2072 3293/2/261 1603/3/264 520/4/2073
f 814/1/2077 2285/2/2082 3293/3/261 2282/4/2072
f 2285/1/2082 483/2/2081 1118/3/262 3293/4/261
f 964/29/70 325/30/2665 3724/31/3801 4505/32/4037
f 2598/17/2861 1345/18/2863 3671/19/4061 4611/20/4102
f 2157/17/3450 3261/18/4087 4943/19/4101 4287/20/3791
f 2140/17/3148 340/18/2509 3748/19/3607 4277/20/3149
f 796/29/3377 2204/30/3961 4303/31/3962 4306/32/3955
f 183/29/279 1160/30/278 3545/31/3865 3513/32/3111
f 2286/13/2084 3294/14/257 1600/15/260 517/16/2085
f 815/1/2089 2289/2/2094 3294/3/257 2286/4/2084
f 2289/1/2094 484/2/2093 1119/3/258 3294/4/257
f 2528/17/2862 2598/18/2861 4611/19/4102 4481/20/4093
f 496/17/2989 1131/18/2990 3524/19/3121 3856/20/3810
f 3103/29/929 1864/30/932 4101/31/4077 4856/32/4097
f 41/29/3533 1462/30/3124 3779/31/3127 4540/32/3849
f 1800/17/758 359/18/2121 3768/19/4103 4064/20/3138
f 1916/29/1072 3061/30/1065 4834/31/4104 4132/32/3654
f 2290/9/2096 3295/10/253 1597/11/256 514/12/2097
f 816/1/2101 2293/2/2106 3295/3/253 2290/4/2096
f 2293/1/2106 410/2/2105 1050/3/254 3295/4/253
f 2294/1/2108 3296/2/249 1596/3/252 513/4/2109
f 817/1/2113 2297/2/2118 3296/3/249 2294/4/2108
f 2297/1/2118 512/2/2117 1147/3/250 3296/4/249
f 704/25/831 1828/26/836 4076/27/4045 4077/28/4047
f 818/1/2125 2301/2/2130 3297/3/4105 2298/4/2120
f 2301/1/2130 511/2/2129 1146/3/2952 3297/4/4105
f 3012/29/3811 1713/30/3813 3971/31/4084 4806/32/4106
f 1799/25/754 697/26/759 4065/27/3139 4561/28/3356
f 3061/21/1065 955/22/1068 3406/23/3799 4834/24/4104
f 1974/17/3812 3012/18/3811 4806/19/4106 4180/20/4099
f 579/29/1595 1665/30/424 3929/31/3947 3930/32/3756
f 492/29/2959 1127/30/2961 3522/31/3608 3852/32/3848
f 2638/29/2896 2473/30/2898 4452/31/3094 4630/32/4107
f 740/25/1247 1980/26/1246 4185/27/3551 4186/28/3573
f 1239/29/2897 2638/30/2896 4630/31/4107 3600/32/3993
f 2305/1/2132 3298/2/245 1591/3/248 509/4/2133
f 819/1/2137 2308/2/2142 3298/3/245 2305/4/2132
f 2308/5/2142 486/6/2141 1121/7/246 3298/8/245
f 2309/1/2144 3299/2/241 1590/3/244 508/4/2145
f 359/17/2121 2298/18/2120 4378/19/4108 3768/20/4103
f 1154/17/3179 201/18/2943 3543/19/3220 3542/20/4049
f 2310/1/2148 3300/2/237 1441/3/240 362/4/2149
f 820/1/2153 2313/2/2158 3300/3/237 2310/4/2148
f 2313/1/2158 506/2/2157 1141/3/238 3300/4/237
f 2314/1/2160 3301/2/233 1587/3/236 505/4/2161
f 821/1/2165 2317/2/2170 3301/3/233 2314/4/2160
f 2317/13/2170 409/14/2169 1049/15/234 3301/16/233
f 2318/13/2172 3302/14/229 1586/15/232 504/16/2173
f 822/1/2177 2321/2/2182 3302/3/229 2318/4/2172
f 2321/1/2182 503/2/2181 1138/3/230 3302/4/229
f 2322/5/2184 3303/6/225 1442/7/228 363/8/2185
f 823/1/2189 2325/2/2194 3303/3/225 2322/4/2184
f 2325/13/2194 502/14/2193 1137/15/226 3303/16/225
f 2326/1/2196 3304/2/221 1583/3/224 501/4/2197
f 824/5/2201 2329/6/2206 3304/7/221 2326/8/2196
f 2329/1/2206 489/2/2205 1124/3/222 3304/4/221
f 2330/1/2208 3305/2/217 1582/3/220 500/4/2209
f 825/13/2213 2333/14/2218 3305/15/217 2330/16/2208
f 2333/9/2218 499/10/2217 1134/11/218 3305/12/217
f 2334/1/2220 3306/2/213 1344/3/216 265/4/2221
f 826/1/2225 2337/2/2230 3306/3/213 2334/4/2220
f 2337/1/2230 498/2/2229 1133/3/214 3306/4/213
f 2338/9/2232 3307/10/209 1579/11/212 497/12/2233
f 827/1/2237 2341/2/2242 3307/3/209 2338/4/2232
f 2341/1/2242 490/2/2241 1125/3/210 3307/4/209
f 491/17/2994 1126/18/3000 3518/19/3187 3848/20/3857
f 1311/17/812 242/18/2853 3656/19/3227 3658/20/3086
f 36/25/3449 983/26/3448 3423/27/3817 3395/28/3460
f 1153/29/2944 94/30/2945 3541/31/3923 3540/32/4050
f 1310/25/3972 179/26/2929 3507/27/2987 3657/28/4051
f 2028/29/1374 454/30/3264 3822/31/3266 4577/32/3143
f 2342/1/2244 3308/2/205 1577/3/208 495/4/2245
f 828/1/2249 2345/2/2254 3308/3/205 2342/4/2244
f 2345/1/2254 403/2/2253 1043/3/206 3308/4/205
f 2346/9/2256 3309/10/201 1576/11/204 494/12/2257
f 829/1/2261 2349/2/2266 3309/3/201 2346/4/2256
f 2349/1/2266 493/2/2265 1128/3/202 3309/4/201
f 318/29/3198 2515/30/3999 4474/31/4001 3720/32/3199
f 1977/25/1236 322/26/2996 3722/27/2999 4184/28/4109
f 871/17/2877 2514/18/2876 4596/19/3953 4473/20/4000
f 1976/29/1234 3010/30/1233 4805/31/4110 4572/32/4111
f 830/1/2269 2354/2/2274 3310/3/3942 2351/4/2962
f 2354/1/2274 281/2/2273 920/3/3546 3310/4/3942
f 953/25/74 313/26/2645 3718/27/3871 3404/28/3206
f 1151/29/3137 200/30/2948 3538/31/3274 3537/32/4054
f 650/25/2866 1283/26/2867 3635/27/3211 4000/28/3872
f 2355/1/2276 3311/2/197 1464/3/200 384/4/2277
f 831/5/2281 2358/6/2286 3311/7/197 2355/8/2276
f 2358/9/2286 364/10/2285 1005/11/198 3311/12/197
f 2359/9/2288 3312/10/193 1570/11/196 488/12/2289
f 832/1/2293 2362/2/2298 3312/3/193 2359/4/2288
f 2362/1/2298 287/2/2297 926/3/194 3312/4/193
f 2363/13/2300 3313/14/189 1569/15/192 487/16/2301
f 833/1/2305 2366/2/2310 3313/3/189 2363/4/2300
f 2366/5/2310 361/6/2309 1002/7/190 3313/8/189
f 2367/1/2312 3314/2/185 1460/3/188 380/4/2313
f 834/1/2317 2370/2/2322 3314/3/185 2367/4/2312
f 2370/1/2322 360/2/2321 1001/3/186 3314/4/185
f 1150/29/2949 187/30/2950 3536/31/3218 3535/32/4059
f 835/1/2325 2374/2/2330 3315/3/3862 2371/4/2953
f 2374/13/2330 288/14/2329 927/15/2976 3315/16/3862
f 2375/1/2332 3316/2/181 1566/3/184 485/4/2333
f 836/1/2337 2378/2/2342 3316/3/181 2375/4/2332
f 2378/5/2342 358/6/2341 999/7/182 3316/8/181
f 2379/9/2344 3317/10/177 1467/11/180 387/12/2345
f 837/1/2349 2382/2/2354 3317/3/177 2379/4/2344
f 2382/1/2354 357/2/2353 998/3/178 3317/4/177
f 2383/9/2356 3318/10/173 1563/11/176 482/12/2357
f 838/13/2361 2386/14/2366 3318/15/173 2383/16/2356
f 2386/1/2366 285/2/2365 924/3/174 3318/4/173
f 3297/17/4105 1146/18/2952 3534/19/4008 4964/20/4112
f 293/29/3940 2512/30/4009 4471/31/4011 3706/32/3941
f 3010/21/1233 1977/22/1236 4184/23/4109 4805/24/4110
f 2298/29/2120 3297/30/4105 4964/31/4112 4378/32/4108
f 2081/29/1522 2934/30/1521 4764/31/4113 4580/32/3735
f 2388/1/2370 353/2/2369 994/3/170 3319/4/169
f 2389/1/3624 3320/2/165 1560/3/168 479/4/3625
f 839/1/2936 2391/2/2374 3320/3/165 2389/4/3624
f 2391/13/2374 303/14/2373 942/15/166 3320/16/165
f 3181/17/4028 1025/18/4022 3440/19/4023 4896/20/4114
f 840/13/2377 2395/14/2382 3321/15/3633 2392/16/2934
f 2395/9/2382 352/10/2381 993/11/3213 3321/12/3633
f 2396/1/2384 3322/2/161 1456/3/164 376/4/2385
f 841/1/2389 2399/2/2394 3322/3/161 2396/4/2384
f 2399/1/2394 351/2/2393 992/3/162 3322/4/161
f 2400/1/2396 3323/2/157 1558/3/160 477/4/2397
f 842/1/2401 2403/2/2406 3323/3/157 2400/4/2396
f 2403/1/2406 304/2/2405 943/3/158 3323/4/157
f 2404/1/3486 3324/2/153 1557/3/156 476/4/3378
f 843/9/2926 2406/10/2410 3324/11/153 2404/12/3486
f 2406/1/2410 349/2/2409 989/3/154 3324/4/153
f 2407/13/2412 3325/14/149 1471/15/152 390/16/2413
f 844/13/2922 2410/14/2418 3325/15/149 2407/16/2412
f 2410/1/2418 348/2/2417 988/3/150 3325/4/149
f 2411/1/2420 3326/2/145 1554/3/148 473/4/2421
f 845/13/2425 2414/14/2430 3326/15/145 2411/16/2420
f 2414/1/2430 297/2/2429 936/3/146 3326/4/145
f 2415/1/2432 3327/2/141 1553/3/144 472/4/2433
f 846/1/2437 2418/2/2442 3327/3/141 2415/4/2432
f 2418/1/2442 345/2/2441 985/3/142 3327/4/141
f 2419/1/2444 3328/2/137 1472/3/140 391/4/2445
f 847/1/2449 2422/2/2454 3328/3/137 2419/4/2444
f 2422/13/2454 344/14/2453 984/15/138 3328/16/137
f 2423/1/2456 3329/2/133 1550/3/136 469/4/2457
f 848/9/2461 2426/10/2466 3329/11/133 2423/12/2456
f 2426/9/2466 307/10/2465 946/11/134 3329/12/133
f 1712/29/1238 3009/30/1237 4804/31/4115 4549/32/3688
f 849/9/2469 2430/10/2474 3330/11/3316 2427/12/2918
f 2430/5/2474 343/6/2473 982/7/3317 3330/8/3316
f 2431/13/2476 3331/14/129 1455/15/132 375/16/2477
f 850/1/2481 2434/2/2486 3331/3/129 2431/4/2476
f 2434/1/2486 342/2/2485 981/3/130 3331/4/129
f 2435/13/2488 3332/14/125 1548/15/128 466/16/2489
f 851/1/2493 2438/2/2498 3332/3/125 2435/4/2488
f 2438/1/2498 308/2/2497 947/3/126 3332/4/125
f 2439/1/2500 3333/2/121 1547/3/124 465/4/2501
f 852/1/2505 2442/2/2510 3333/3/121 2439/4/2500
f 2442/9/2510 340/10/2509 978/11/122 3333/12/121
f 2443/1/2512 3334/2/117 1475/3/120 394/4/2513
f 853/9/2517 2446/10/2522 3334/11/117 2443/12/2512
f 2446/1/2522 339/2/2521 977/3/118 3334/4/117
f 2447/9/2524 3335/10/113 1544/11/116 462/12/2525
f 854/5/2529 2450/6/2534 3335/7/113 2447/8/2524
f 2450/1/2534 300/2/2533 939/3/114 3335/4/113
f 2451/1/2536 3336/2/109 1543/3/112 461/4/2537
f 855/1/2541 2454/2/2546 3336/3/109 2451/4/2536
f 2454/1/2546 338/2/2545 976/3/110 3336/4/109
f 2455/5/2548 3337/6/105 1476/7/108 395/8/2549
f 856/1/2553 2458/2/2558 3337/3/105 2455/4/2548
f 2458/1/2558 337/2/2557 975/3/106 3337/4/105
f 2459/1/2560 3338/2/101 1540/3/104 458/4/2561
f 857/1/2565 2462/2/2570 3338/3/101 2459/4/2560
f 2462/1/2570 311/2/2569 950/3/102 3338/4/101
f 2463/1/2572 3339/2/97 1539/3/100 457/4/2573
f 858/1/2577 2466/2/2582 3339/3/97 2463/4/2572
f 2466/13/2582 334/14/2581 972/15/98 3339/16/97
f 2467/5/2584 3340/6/93 1449/7/96 369/8/2585
f 859/1/2589 2470/2/2594 3340/3/93 2467/4/2584
f 2470/9/2594 333/10/2593 971/11/94 3340/12/93
f 2471/13/2596 3341/14/89 1537/15/92 455/16/2597
f 1870/29/3303 336/30/1527 3736/31/3662 4118/32/3304
f 1197/29/382 3257/30/381 4942/31/4116 4520/32/3234
f 133/29/651 1305/30/650 3654/31/4064 3467/32/3699
f 2934/17/1521 1094/18/462 4517/19/3842 4764/20/4113
f 1837/17/3738 3181/18/4028 4896/19/4114 4078/20/3739
f 3009/17/1237 1976/18/1234 4572/19/4111 4804/20/4115
f 860/1/2601 2476/2/2606 3342/3/3080 2473/4/2898
f 2476/9/2606 331/10/2605 969/11/3081 3342/12/3080
f 2477/1/2608 3343/2/85 1534/3/88 451/4/2609
f 861/1/2613 2480/2/2618 3343/3/85 2477/4/2608
f 2480/1/2618 299/2/2617 938/3/86 3343/4/85
f 2481/1/2620 3344/2/81 1533/3/84 450/4/2621
f 862/1/2892 2483/2/3194 3344/3/81 2481/4/2620
f 2483/9/3194 329/10/3193 967/11/82 3344/12/81
f 2484/1/2624 3345/2/77 1479/3/80 397/4/2625
f 863/1/2629 2487/2/2634 3345/3/77 2484/4/2624
f 2487/9/2634 328/10/2633 966/11/78 3345/12/77
f 2488/1/2636 3346/2/73 1530/3/76 447/4/2637
f 864/5/2641 2491/6/2646 3346/7/73 2488/8/2636
f 2491/9/2646 313/10/2645 953/11/74 3346/12/73
f 3257/21/381 2144/22/1696 4581/23/3361 4942/24/4116
f 2024/25/1360 752/26/1359 4575/27/4117 4227/28/3963
f 27/17/3547 1448/18/3260 3775/19/3261 3391/20/3548
f 2495/1/2656 3347/2/69 1453/3/72 373/4/2657
f 866/1/2661 2498/2/2666 3347/3/69 2495/4/2656
f 2498/1/2666 325/2/2665 964/3/70 3347/4/69
f 2499/9/2668 3348/10/65 1529/11/68 445/12/2669
f 867/1/2673 2502/2/2678 3348/3/65 2499/4/2668
f 2502/9/2678 314/10/2677 954/11/66 3348/12/65
f 2503/9/2680 3349/10/61 1528/11/64 444/12/2681
f 868/1/2881 2505/2/2997 3349/3/61 2503/4/2680
f 2505/1/2997 322/2/2996 961/3/62 3349/4/61
f 2026/29/1366 2976/30/1365 4780/31/4118 4576/32/4030
f 1819/29/3980 702/30/3981 4068/31/4072 4067/32/4066
f 1791/25/732 695/26/731 4054/27/3257 4052/28/3910
f 2509/5/2692 3350/6/57 1525/7/60 441/8/2693
f 870/1/2697 2512/2/4009 3350/3/57 2509/4/2692
f 2512/5/4009 293/6/3940 932/7/58 3350/8/57
f 2513/1/2700 3351/2/53 1524/3/56 440/4/2701
f 871/9/2877 2515/10/3999 3351/11/53 2513/12/2700
f 2515/9/3999 318/10/3198 958/11/54 3351/12/53
f 2516/5/2704 3352/6/49 1482/7/52 400/8/2705
f 872/1/2709 2519/2/2714 3352/3/49 2516/4/2704
f 2519/1/2714 317/2/2713 957/3/50 3352/4/49
f 310/25/3087 949/26/3061 4504/27/3062 3712/28/3880
f 1278/25/1080 645/26/1079 3998/27/3881 3633/28/3267
f 2976/25/1365 967/26/82 4506/27/4092 4780/28/4118
f 2520/5/2716 3353/6/45 1520/7/48 436/8/2717
f 873/1/2721 2523/2/2726 3353/3/45 2520/4/2716
f 2523/9/2726 278/10/2725 917/11/46 3353/12/45
f 2524/1/2728 3354/2/41 1490/3/44 408/4/2729
f 874/1/2733 2527/2/2738 3354/3/41 2524/4/2728
f 2527/1/2738 277/2/2737 916/3/42 3354/4/41
f 66/21/111 976/22/110 3417/23/4071 3418/24/3868
f 2508/25/2690 321/26/2689 4133/27/3655 4467/28/4017
f 752/21/1359 2022/22/4041 4226/23/4042 4575/24/4117
f 2529/1/2740 3355/2/37 1517/3/40 434/4/2741
f 875/1/2745 2532/2/2750 3355/3/37 2529/4/2740
f 2532/1/2750 275/2/2749 914/3/38 3355/4/37
f 2533/1/2752 3356/2/33 1486/3/36 404/4/2753
f 876/1/2757 2536/2/2762 3356/3/33 2533/4/2752
f 2536/1/2762 274/2/2761 913/3/34 3356/4/33
f 1653/29/3519 567/30/3520 3926/31/3845 3925/32/4076
f 2507/29/2686 869/30/2685 4468/31/4018 4465/32/4021
f 1652/21/2911 566/22/2912 3924/23/3855 3923/24/4078
f 2537/13/2764 3357/14/29 1513/15/32 430/16/2765
f 877/9/2769 2540/10/2774 3357/11/29 2537/12/2764
f 2540/1/2774 272/2/2773 911/3/30 3357/4/29
f 2541/5/2776 3358/6/25 1493/7/28 411/8/2777
f 878/9/2781 2544/10/2786 3358/11/25 2541/12/2776
f 2544/9/2786 271/10/2785 910/11/26 3358/12/25
f 2545/13/2788 3359/14/21 1510/15/24 427/16/2789
f 879/1/2859 2547/2/3828 3359/3/21 2545/4/2788
f 2547/9/3828 264/10/4039 903/11/22 3359/12/21
f 2818/17/2977 2236/18/3243 4342/19/3723 4708/20/2978
f 946/21/134 307/22/2465 3710/23/3890 3396/24/3308
f 2534/29/2756 2593/30/2755 4610/31/2983 4597/32/3024
f 2549/1/2792 3360/2/17 1494/3/20 412/4/2793
f 880/13/2797 2552/14/2802 3360/15/17 2549/16/2792
f 2552/1/2802 267/2/2801 906/3/18 3360/4/17
f 2553/9/2804 3361/10/13 1506/11/16 424/12/2805
f 881/1/2809 2556/2/2814 3361/3/13 2553/4/2804
f 2556/9/2814 252/10/2813 891/11/14 3361/12/13
f 2557/1/2816 3362/2/9 1505/3/12 423/4/2817
f 882/13/2821 2560/14/2826 3362/15/9 2557/16/2816
f 2560/5/2826 255/6/2825 894/7/10 3362/8/9
f 2561/5/2828 3363/6/5 1498/7/8 416/8/2829
f 883/1/2833 2564/2/2838 3363/3/5 2561/4/2828
f 2564/9/2838 254/10/2837 893/11/6 3363/12/5
f 2565/1/2840 3364/2/1 1502/3/4 420/4/2841
f 884/13/2845 2568/14/2850 3364/15/1 2565/16/2840
f 2568/9/2850 248/10/2849 887/11/2 3364/12/1
f 4987/25/4119 3375/26/3383 3376/27/3716 3795/28/3170
f 4986/21/4120 3371/22/4121 3372/23/3705 3799/24/3985
f 4985/17/4122 3369/18/4123 3370/19/4124 3805/20/4125
f 4984/25/4126 3365/26/3491 3366/27/3798 3811/28/3954
f 4983/17/4127 3408/18/4128 3407/19/4129 3793/20/4130
f 4982/21/4131 3409/22/4132 3410/23/4133 3819/24/4134
f 4981/29/3083 3413/30/3082 3403/31/4135 3791/32/4136
f 4980/21/4137 3414/22/4138 3415/23/4139 3821/24/4140
f 4978/17/3319 3421/18/3318 3422/19/4141 3833/20/4142
f 4977/17/3634 3425/18/3333 3426/19/4143 3837/20/4144
f 4975/21/4145 3429/22/4019 3430/23/3702 3841/24/4146
f 4974/17/3863 3392/18/2979 3393/19/4147 3843/20/4148
f 4973/17/4149 3432/18/4150 3433/19/4151 3847/20/3858
f 4972/17/3943 3390/18/3549 3391/19/3548 3849/20/4152
f 4971/29/4153 3522/30/3608 3521/31/4154 3773/32/4155
f 4970/17/4156 3523/18/4157 3519/19/2975 3771/20/2974
f 4969/17/4158 3524/18/3121 3525/19/3104 3857/20/4159
f 4967/29/4160 3528/30/2981 3529/31/2980 3665/32/3960
f 4966/17/4161 3530/18/4162 3531/19/4163 3867/20/4164
f 4965/29/4165 3516/30/4166 3517/31/4167 3869/32/4168
f 4964/17/4112 3534/18/4008 3515/19/4169 3767/20/4170
f 4963/21/4171 3535/22/4059 3536/23/3218 3765/24/4172
f 4962/29/4173 3537/30/4054 3538/31/3274 3875/32/4174
f 4961/17/4175 3540/18/4050 3541/19/3923 3675/20/4176
f 4960/29/4177 3542/30/4049 3543/31/3220 3881/32/4178
f 4959/21/3502 3546/22/4179 3445/23/4180 4529/24/3507
f 4957/17/4181 3550/18/4182 3511/19/4183 3761/20/4184
f 4956/29/3632 3551/30/4185 3552/31/4186 3895/32/3419
f 4954/17/3714 3554/18/3713 3509/19/4187 3759/20/4188
f 4953/17/3840 3555/18/4189 3556/19/3010 4545/20/3009
f 4952/25/4190 3506/26/4191 3507/27/2987 3899/28/2986
f 4951/17/4192 3558/18/4193 3505/19/4194 3757/20/4195
f 4950/29/4196 3559/30/4197 3560/31/4198 3905/32/4199
f 4948/25/4200 3564/26/4201 3449/27/3921 3679/28/3920
f 4947/29/4202 3565/30/4203 3566/31/4204 3913/32/4205
f 4946/21/4206 3569/22/4207 3570/23/4208 3915/24/4209
f 4945/17/4210 3502/18/4211 3503/19/4212 3917/20/4213
f 4944/29/4082 3573/30/4014 3501/31/3437 3755/32/4214
f 4943/29/4101 3576/30/3338 3499/31/4215 3753/32/4216
f 4941/25/4217 3577/26/3854 3578/27/3424 3749/28/4218
f 4940/25/4219 3579/26/3844 3580/27/3968 3927/28/4220
f 4938/17/3465 3584/18/3464 3585/19/3919 3741/20/4221
f 4937/17/4222 3586/18/3697 3587/19/3263 3685/20/4223
f 4936/25/4224 3588/26/3690 3589/27/3893 3935/28/4225
f 4932/17/4226 3591/18/3843 3592/19/3387 3733/20/3386
f 4931/17/3918 3593/18/3753 3594/19/4227 3943/20/3925
f 4930/25/3927 3472/26/3511 3473/27/4228 3945/28/4229
f 4929/21/3971 3490/22/3832 3491/23/4230 3949/24/4231
f 4928/25/3994 3600/26/3993 3459/27/4232 3689/28/4004
f 4926/29/4036 3601/30/3755 3602/31/3754 3953/32/4233
f 4925/29/4234 3604/30/3408 3605/31/3727 3729/32/4235
f 4924/25/4236 3606/26/4237 3607/27/4238 3959/28/4239
f 4923/17/4240 3488/18/4241 3489/19/4242 3961/20/4243
f 4922/29/4244 3610/30/3362 3611/31/3406 3691/32/4245
f 4921/21/4246 3612/22/3352 3613/23/3658 3967/24/4247
f 4920/25/4248 3486/26/4249 3487/27/4250 3969/28/4251
f 4919/29/3071 3484/30/4252 3485/31/4253 4548/32/3095
f 4918/29/4254 3616/30/4255 3617/31/4256 3973/32/4257
f 4917/29/4258 3478/30/4259 3479/31/4260 3975/32/4261
f 4916/17/4262 3482/18/4263 3483/19/4264 3977/20/4265
f 4915/25/4266 3620/26/4267 3461/27/4268 3695/28/4269
f 4914/21/4270 3621/22/4271 3622/23/4272 3979/24/4273
f 4913/21/4274 3464/22/3695 3465/23/3796 3981/24/4275
f 4912/29/4276 3625/30/4277 3626/31/4278 3985/32/4279
f 4911/25/4280 3480/26/4281 3481/27/4282 3987/28/4283
f 4910/17/4284 3629/18/3020 3630/19/3349 3697/20/4285
f 4908/29/4286 3635/30/3211 3636/31/3210 3699/32/3847
f 4906/29/3936 3638/30/4287 3475/31/4288 4533/32/3944
f 4904/25/4289 3639/26/4290 3640/27/3481 4007/28/3480
f 4903/17/4291 3454/18/4292 3455/19/4293 4009/20/4294
f 4902/17/4295 3642/18/4296 3471/19/3636 3711/20/3635
f 4901/17/4297 3643/18/3073 3644/19/3043 4015/20/4298
f 4900/29/4065 3442/30/4299 3443/31/4300 4017/32/3760
f 4898/25/4301 3647/26/3029 3648/27/3028 4021/28/4302
f 4897/17/4303 3650/18/4304 3651/19/4305 4027/20/4306
f 4896/17/4114 3440/18/4023 3441/19/3951 4029/20/4307
f 4895/17/4308 3446/18/4309 3447/19/4310 4031/20/4311
f 4894/17/4312 3655/18/4313 3656/19/3227 4035/20/3226
f 4891/29/4314 3659/30/4315 3660/31/4316 4041/32/4317
f 4890/21/3498 3436/22/3497 3437/23/3116 4043/24/3115
f 4889/29/4318 4047/30/4319 4048/31/3055 4049/32/3054
f 4888/29/4320 3775/30/3261 3776/31/3040 4050/32/3039
f 4886/25/3819 4045/26/4321 4046/27/3016 4558/28/3015
f 4885/17/4322 4051/18/4323 4044/19/4324 3662/20/4325
f 4883/29/4326 4055/30/4327 4042/31/4328 3661/32/4329
f 4882/29/3933 4056/30/3932 4057/31/4330 4058/32/4331
f 4881/17/3958 4039/18/3904 4040/19/4332 4059/20/4333
f 4877/21/4334 4060/22/4335 4061/23/4336 4062/24/4337
f 4876/29/4338 3777/30/4339 3778/31/4340 4063/32/4341
f 4875/25/4342 4037/26/4343 4038/27/4344 4066/28/4345
f 4873/25/4346 4067/26/4066 4068/27/4072 4069/28/4347
f 4872/25/4348 4070/26/4349 4036/27/3584 3657/28/4051
f 4871/21/4350 4071/22/4351 4072/23/4352 4073/24/4353
f 4870/17/4354 4033/18/4355 4034/19/4356 4074/20/4357
f 4869/25/3413 4075/26/3412 4032/27/4358 4526/28/3426
f 4868/21/3740 4078/22/3739 4030/23/4359 3653/24/4360
f 4867/17/4361 4081/18/4362 4028/19/4363 3652/20/4364
f 4865/21/4365 4025/22/4366 4026/23/3336 4088/24/3335
f 4863/29/4367 4089/30/4368 4090/31/3242 4091/32/3241
f 4862/17/4369 4023/18/3704 4024/19/3224 4092/20/3223
f 4861/17/4370 4093/18/4371 4022/19/4372 3649/20/4373
f 4860/21/4073 4094/22/4374 4095/23/4375 4096/24/4376
f 4859/17/4377 4019/18/3423 4020/19/3744 4097/20/4378
f 4857/25/4379 4098/26/4380 4099/27/4381 4100/28/4382
f 4855/29/4383 4102/30/4384 4016/31/4385 3645/32/4386
f 4854/17/4387 4103/18/4388 4104/19/4389 4105/20/4390
f 4853/21/3005 4013/22/3004 4014/23/3768 4106/24/4391
f 4852/21/3036 4107/22/4392 3712/23/3880 4504/24/3062
f 4851/25/4393 4108/26/4394 4109/27/4395 4110/28/4396
f 4850/29/4397 4011/30/4398 4012/31/4399 4111/32/4400
f 4849/25/4401 4112/26/4402 4010/27/4403 3641/28/4404
f 4848/29/3176 4113/30/3175 4114/31/4405 4115/32/4406
f 4847/21/3205 3787/22/3204 3788/23/4407 4116/24/4408
f 4846/17/3272 4117/18/4409 4008/19/3786 4525/20/3278
f 4845/17/3305 4118/18/3304 4119/19/4410 4565/20/3271
f 4844/25/4411 4005/26/3189 4006/27/4412 4120/28/4413
f 4841/17/3722 4121/18/3721 3716/19/4414 3402/20/4415
f 4840/21/4416 4122/22/4417 4002/23/4418 3637/24/4419
f 4839/25/4420 4123/26/4026 4124/27/4421 4125/28/4422
f 4837/29/4038 4127/30/4423 3700/31/3165 4501/32/3164
f 4836/17/4424 4128/18/4425 4129/19/4426 4130/20/4427
f 4835/29/4428 3999/30/3600 4000/31/3872 4131/32/4429
f 4832/17/3159 4134/18/3158 4135/19/4430 4569/20/3146
f 4831/21/4431 3993/22/4432 3994/23/4433 4136/24/4434
f 4830/25/4435 4137/26/4436 3698/27/4437 3389/28/4438
f 4829/17/4439 4138/18/4440 4139/19/4441 4140/20/4442
f 4828/17/4443 3989/18/3726 3990/19/3021 4141/20/4444
f 4827/17/4445 4142/18/4446 3988/19/4447 3628/20/4448
f 4826/21/4449 4143/22/4450 4144/23/4451 4145/24/4452
f 4824/17/4453 4147/18/4454 3986/19/4455 3627/20/4456
f 4823/29/3732 4148/30/3731 4149/31/4457 4150/32/4458
f 4822/17/3774 3983/18/4459 3984/19/4460 4151/20/4461
f 4819/17/4462 4152/18/4463 3982/19/4464 3624/20/4465
f 4818/29/4466 4157/30/4467 3980/31/4468 3623/32/4469
f 4817/29/4470 4162/30/4471 4163/31/3191 4164/32/3200
f 4815/29/4472 4166/30/4473 3696/31/4474 3388/32/4475
f 4814/17/4056 4167/18/4055 4168/19/4476 4169/20/4477
f 4812/17/4085 4171/18/4478 3978/19/4479 4523/20/3789
f 4811/29/4480 4174/30/4481 3976/31/4482 3619/32/4483
f 4810/17/4080 4175/18/4079 4176/19/4484 4177/20/4485
f 4809/21/4089 3809/22/3746 3810/23/4486 4178/24/4487
f 4808/29/4488 4179/30/4489 3974/31/4490 3618/32/4491
f 4807/29/4100 4180/30/4099 4181/31/4492 4182/32/4493
f 4806/29/4106 3971/30/4084 3972/31/4494 4183/32/4495
f 4803/17/4496 3815/18/4497 3816/19/4498 4187/20/4499
f 4801/21/4500 3817/22/4501 3818/23/4502 4191/24/4503
f 4798/25/4504 4192/26/3300 4193/27/3233 3615/28/4505
f 4797/21/3781 4194/22/3780 4195/23/3301 4196/24/4506
f 4796/17/4507 4197/18/3252 4198/19/4053 3411/20/4508
f 4795/25/4509 4199/26/3232 4200/27/3253 4201/28/4510
f 4794/17/4511 4202/18/4512 3968/19/4513 3614/20/4514
f 4793/17/4515 4203/18/4516 4204/19/4517 4205/20/4518
f 4792/25/4519 3965/26/3911 3966/27/3353 4206/28/4520
f 4791/17/4521 4207/18/4522 3692/19/4523 3385/20/4524
f 4790/29/4525 4208/30/4526 4209/31/4527 4210/32/4528
f 4789/17/4529 3963/18/3916 3964/19/3363 4211/20/4530
f 4788/17/4531 4212/18/4532 3962/19/4533 3609/20/4534
f 4787/25/4535 4216/26/4536 3960/27/4537 3608/28/4538
f 4786/29/4539 4217/30/4540 4218/31/4541 4219/32/4542
f 4785/17/4543 3957/18/3922 3958/19/4016 4220/20/4544
f 4784/17/4545 4221/18/4546 3730/19/4547 3412/20/4548
f 4783/29/4549 4222/30/4550 4223/31/4551 4224/32/4552
f 4782/17/4553 3955/18/4554 3956/19/3409 4225/20/4555
f 4781/25/4556 4226/26/4042 3954/27/4557 3603/28/4558
f 4779/29/4559 4229/30/4560 4230/31/4561 4231/32/4562
f 4778/17/4563 3951/18/3937 3952/19/3428 4232/20/4564
f 4776/17/3417 4233/18/3416 3950/19/4565 3599/20/4566
f 4775/17/3742 4234/18/3741 3946/19/4567 3596/20/4568
f 4774/21/3826 4235/22/3825 3944/23/3837 3595/24/4569
f 4773/21/4570 4236/22/4571 3734/23/4572 3416/24/4573
f 4772/25/4574 4237/26/4575 4238/27/4576 4239/28/4577
f 4771/17/4578 3941/18/4579 3942/19/4580 4240/20/4581
f 4769/29/4582 4241/30/4583 4242/31/4584 4243/32/4585
f 4768/17/4586 3823/18/4587 3824/19/4588 4244/20/4589
f 4766/25/4590 4245/26/4591 4246/27/4592 4247/28/4593
f 4765/29/4594 3939/30/4595 3940/31/4596 4248/32/4597
f 4763/29/4598 4249/30/4599 4250/31/4600 4251/32/4601
f 4762/25/4602 3937/26/4020 3938/27/3967 4252/28/3748
f 4761/17/4603 4253/18/4604 3936/19/4605 3590/20/4606
f 4760/17/4607 4254/18/4608 4255/19/4609 4256/20/4610
f 4759/25/4611 3933/26/4033 3934/27/3691 4257/28/4612
f 4758/17/4613 4258/18/4614 3686/19/4615 3381/20/4616
f 4757/17/4617 4259/18/4618 4260/19/4619 4261/20/4620
f 4756/29/4621 3931/30/4034 3932/31/3698 4262/32/4622
f 4755/17/3724 4263/18/3474 3742/19/4623 3419/20/4624
f 4754/21/4625 4264/22/4626 3744/23/4627 3420/24/4628
f 4753/17/4629 4265/18/4630 4266/19/4631 4267/20/4632
f 4751/17/4633 4269/18/4634 3928/19/4635 3581/20/4636
f 4750/29/4637 4270/30/4638 4271/31/4639 4272/32/4640
f 4749/25/4641 3925/26/4076 3926/27/3845 4273/28/4642
f 4748/29/3150 4274/30/4643 3750/31/4644 4509/32/3154
f 4747/29/4645 4275/30/4646 4276/31/4647 4277/32/3149
f 4746/21/4648 3923/22/4078 3924/23/3855 4278/24/4649
f 4744/25/4650 4279/26/4651 4280/27/3441 4281/28/3255
f 4743/29/4652 3831/30/4653 3832/31/3435 4282/32/3434
f 4741/29/4654 4283/30/4655 4284/31/4656 4285/32/4657
f 4740/29/4658 3921/30/4659 3922/31/4660 4286/32/4661
f 4739/17/3792 4287/18/3791 3754/19/4662 3423/20/3817
f 4738/25/4663 4288/26/4664 3756/27/4665 3424/28/4666
f 4737/17/4667 4289/18/4668 4290/19/4669 4291/20/4670
f 4735/25/4671 4293/26/4672 3918/27/4673 3572/28/4674
f 4734/25/4675 4298/26/4676 3916/27/4677 3571/28/4678
f 4731/25/4679 4303/26/3962 4304/27/3884 3568/28/4680
f 4730/29/4681 4305/30/3956 4306/31/3955 4307/32/4682
f 4729/29/4683 4308/30/4684 3914/31/4685 3567/32/4686
f 4728/25/3505 4309/26/4687 4310/27/4688 4311/28/3508
f 4727/17/4689 3911/18/4690 3912/19/4691 4313/20/4692
f 4726/29/4693 4314/30/4694 3680/31/3373 3377/32/3372
f 4725/25/4695 4315/26/4696 4316/27/4697 4317/28/4698
f 4724/17/4699 3909/18/4700 3910/19/4701 4318/20/4702
f 4723/21/4703 4319/22/4704 3908/23/4705 3563/24/4706
f 4722/17/4707 4320/18/4708 4321/19/4709 4322/20/4710
f 4720/17/3788 4324/18/4711 3906/19/4712 3561/20/3800
f 4719/25/3808 4325/26/3807 4326/27/4713 4583/28/3787
f 4718/21/4714 3903/22/4715 3904/23/4716 4327/24/4717
f 4717/17/3861 4328/18/4718 3758/19/4719 4510/20/3504
f 4716/29/4720 4329/30/4721 4330/31/4722 4331/32/4723
f 4715/21/4724 3901/22/4725 3902/23/4726 4332/24/4727
f 4714/29/4728 4333/30/4729 3900/31/3332 3557/32/3982
f 4713/29/4730 4334/30/4731 4335/31/4732 4336/32/4733
f 4712/25/4734 3835/26/4735 3836/27/4736 4337/28/4737
f 4710/21/4738 4338/22/4739 4339/23/4740 4340/24/4741
f 4709/21/4742 3897/22/4743 3898/23/4744 4341/24/4745
f 4708/29/2978 4342/30/3723 3760/31/4746 3427/32/4747
f 4707/17/4748 4343/18/3605 4344/19/3604 3553/20/4749
f 4706/25/4750 4345/26/4751 4346/27/4752 4347/28/4753
f 4704/29/3284 3893/30/4754 3894/31/4755 4585/32/3310
f 4703/21/3321 4349/22/3320 3762/23/4756 3428/24/4757
f 4702/17/4758 3891/18/4759 3892/19/4760 4352/20/4761
f 4701/21/4762 4353/22/4763 3890/23/4764 3549/24/4765
f 4700/29/4766 4354/30/4767 4355/31/4768 4356/32/4769
f 4699/29/4770 3839/30/3701 3840/31/3899 4357/32/3579
f 4698/25/3728 3885/26/3134 3886/27/4771 4586/28/3501
f 4697/17/4772 4358/18/4773 3882/19/4774 3544/20/4775
f 4696/25/4776 4359/26/4777 4360/27/4778 4361/28/4779
f 4695/17/4780 3879/18/3217 3880/19/3574 4362/20/4781
f 4694/25/4782 4363/26/4783 3676/27/4784 3373/28/4785
f 4693/29/4786 4364/30/4787 4365/31/4788 4366/32/4789
f 4692/25/4790 3877/26/3219 3878/27/3582 4367/28/4791
f 4691/17/4792 4368/18/4793 3876/19/4794 3539/20/4795
f 4690/17/4796 4369/18/4797 4370/19/4798 4371/20/4799
f 4689/25/4800 3873/26/3262 3874/27/3596 4372/28/4801
f 4688/29/4802 4373/30/4803 3766/31/4804 3431/32/4805
f 4687/25/4806 4374/26/4807 4375/27/4808 4376/28/4809
f 4686/25/4810 3871/26/3273 3872/27/3606 4377/28/4811
f 4685/21/4812 4379/22/4813 3870/23/4814 3533/24/4815
f 4684/17/3553 4380/18/3552 4381/19/4816 4382/20/4817
f 4683/21/3590 3845/22/3589 3846/23/4818 4383/24/4819
f 4682/29/4820 4384/30/4821 3868/31/4822 3532/32/4823
f 4681/25/3652 4385/26/3651 4386/27/4824 4387/28/4825
f 4680/29/3715 3865/30/3575 3866/31/4826 4388/32/4827
f 4679/29/3764 4389/30/4828 3666/31/3484 4500/32/3483
f 4678/17/3775 4390/18/4829 4391/19/4830 4587/20/3763
f 4677/17/4831 3863/18/3693 3864/19/3692 4392/20/4832
f 4675/17/4833 4393/18/4834 4394/19/4835 4395/20/4836
f 4674/29/4837 3861/30/3405 3862/31/3725 4396/32/4838
f 4669/17/4839 4397/18/4840 3858/19/4841 3526/20/4842
f 4668/17/4843 4398/18/4844 4399/19/4845 4400/20/4846
f 4667/29/4847 3855/30/3503 3856/31/3810 4401/32/4848
f 4666/17/4849 4402/18/4850 3772/19/3315 3434/20/3978
f 4665/21/4851 4403/22/4852 4404/23/4853 4405/24/4854
f 4664/29/4855 3853/30/4856 3854/31/4857 4406/32/4858
f 4663/17/4859 4407/18/4860 3774/19/4861 3435/20/4862
f 4662/25/3545 4408/26/3544 4409/27/4863 4410/28/4864
f 4661/25/3581 3851/26/3580 3852/27/3848 4411/28/4865
f 4660/21/3602 4412/22/3601 3850/23/4866 3520/24/4867
f 4659/29/4868 4413/30/4869 3848/31/3857 3518/32/3187
f 4658/17/4870 4414/18/4871 4415/19/4872 4416/20/4873
f 4657/29/4874 3769/30/2984 3770/31/4875 4417/32/4876
f 4654/21/4007 4418/22/3866 3844/23/4877 3514/24/4878
f 4653/17/3864 4419/18/4879 3842/19/4880 3512/20/4881
f 4652/29/3875 4420/30/4882 4421/31/4883 4591/32/3867
f 4651/17/4884 3763/18/3101 3764/19/3429 4422/20/4885
f 4650/29/4886 4423/30/4887 3782/31/4888 3444/32/4889
f 4649/21/4890 4424/22/4891 4425/23/4892 4426/24/4893
f 4647/17/4894 4428/18/3627 4429/19/3626 3510/20/4895
f 4646/17/4896 4430/18/3619 4431/19/3618 4432/20/4897
f 4645/17/3988 4433/18/3640 3838/19/4898 3508/20/4899
f 4644/29/4900 4434/30/3488 4435/31/3487 3504/32/4901
f 4643/21/4902 4436/22/3477 4437/23/3476 4438/24/4903
f 4640/29/4904 4439/30/3431 4440/31/3430 4441/32/3882
f 4637/17/3323 4442/18/3322 3834/19/4905 3498/20/4906
f 4635/21/4907 4443/22/4908 4444/23/4909 4445/24/4910
f 4634/29/4911 3713/30/4912 3714/31/4913 4446/32/4914
f 4633/17/4096 4447/18/4915 3822/19/3266 4516/20/3265
f 4632/17/4916 4448/18/4917 4449/19/4918 4450/20/4095
f 4631/25/4919 3731/26/4920 3732/27/4921 4451/28/4922
f 4630/21/4107 4452/22/3094 3792/23/4923 3458/24/4924
f 4629/29/4925 4453/30/4926 4454/31/3209 4455/32/3208
f 4628/17/4927 3727/18/4928 3728/19/3196 4456/20/3195
f 4627/17/4929 3725/18/4930 3726/19/4931 4460/20/4932
f 4623/21/3790 4461/22/4933 4462/23/3012 4595/24/3011
f 4622/17/4934 3721/18/4935 3722/19/2999 4463/20/2998
f 4621/17/4936 4464/18/4937 3794/19/4938 3460/20/4939
f 4619/29/4940 3705/30/3795 3706/31/3941 4471/32/4011
f 4618/29/3938 4472/30/4941 4473/31/4000 4596/32/3953
f 4617/17/4942 3719/18/4943 3720/19/3199 4474/20/4001
f 4616/29/4015 4475/30/4944 3812/31/3467 4515/32/3466
f 4615/21/4945 4476/22/4946 4477/23/4947 4478/24/4948
f 4614/17/4949 3663/18/3965 3664/19/3492 4479/20/4950
f 4613/25/4951 4480/26/4952 3806/27/4953 3474/28/4954
f 4612/25/4094 4481/26/4093 4482/27/4955 4483/28/4956
f 4611/29/4102 3671/30/4061 3672/31/4957 4484/32/4958
f 4608/29/4959 4485/30/4960 3800/31/3543 3470/32/3542
f 4607/29/4961 4486/30/4962 4487/31/4963 4488/32/4964
f 4606/21/4965 3673/22/4966 3674/23/4967 4489/24/4968
f 4605/21/4969 4490/22/4970 4491/23/3829 4492/24/3834
f 4604/17/4971 3669/18/3950 3670/19/4040 4493/20/3830
f 4603/17/4972 4494/18/4973 3796/19/4974 3466/20/4975
f 4602/29/3554 4495/30/4976 4496/31/4977 4497/32/3576
f 4601/29/4978 3677/30/4043 3678/31/3384 4499/32/4979
f 4044/29/4324 4043/30/3115 4599/31/3905 4598/32/3886
f 3660/29/4316 3662/30/4325 4600/31/3885 4556/32/3889
f 3662/29/4325 4044/30/4324 4598/31/3886 4600/32/3885
f 4495/21/4976 4601/22/4978 4499/23/4979 4496/24/4977
f 4032/21/4358 4031/22/4311 4601/23/4978 4495/24/4976
f 4031/21/4311 3447/22/4310 3677/23/4043 4601/24/4978
f 4526/17/3426 4032/18/4358 4495/19/4976 4602/20/3554
f 3654/17/4064 4603/18/4972 3466/19/4975 3467/20/3699
f 4498/29/3806 4497/30/3576 4603/31/4972 3654/32/4064
f 4497/17/3576 4496/18/4977 4494/19/4973 4603/20/4972
f 4490/29/4970 4604/30/4971 4493/31/3830 4491/32/3829
f 4030/17/4359 4029/18/4307 4604/19/4971 4490/20/4970
f 4029/29/4307 3441/30/3951 3669/31/3950 4604/32/4971
f 4025/21/4366 4605/22/4969 4492/23/3834 4026/24/3336
f 3651/17/4305 3653/18/4360 4605/19/4969 4025/20/4366
f 3653/17/4360 4030/18/4359 4490/19/4970 4605/20/4969
f 4486/29/4962 4606/30/4965 4489/31/4968 4487/32/4963
f 4018/21/3761 4017/22/3760 4606/23/4965 4486/24/4962
f 4017/21/3760 3443/22/4300 3673/23/4966 4606/24/4965
f 4011/21/4398 4607/22/4961 4488/23/4964 4012/24/4399
f 3644/17/3043 3646/18/3042 4607/19/4961 4011/20/4398
f 3646/17/3042 4018/18/3761 4486/19/4962 4607/20/4961
f 3642/29/4296 4608/30/4959 3470/31/3542 3471/32/3636
f 4012/29/4399 4488/30/4964 4608/31/4959 3642/32/4296
f 4488/25/4964 4487/26/4963 4485/27/4960 4608/28/4959
f 4010/17/4403 4009/18/4294 4609/19/3017 4597/20/3024
f 4009/29/4294 3455/30/4293 4530/31/3018 4609/32/3017
f 3640/17/3481 3641/18/4404 4610/19/2983 4554/20/2982
f 3641/29/4404 4010/30/4403 4597/31/3024 4610/32/2983
f 4481/29/4093 4611/30/4102 4484/31/4958 4482/32/4955
f 4003/25/3859 4612/26/4094 4483/27/4956 4004/28/3860
f 3638/17/4287 4613/18/4951 3474/19/4954 3475/20/4288
f 4004/17/3860 4483/18/4956 4613/19/4951 3638/20/4287
f 4483/17/4956 4482/18/4955 4480/19/4952 4613/20/4951
f 4476/21/4946 4614/22/4949 4479/23/4950 4477/24/4947
f 3998/17/3881 3997/18/3638 4614/19/4949 4476/20/4946
f 3997/29/3638 4528/30/3637 3663/31/3965 4614/32/4949
f 3993/17/4432 4615/18/4945 4478/19/4948 3994/20/4433
f 3634/17/3268 3633/18/3267 4615/19/4945 3993/20/4432
f 3633/25/3267 3998/26/3881 4476/27/4946 4615/28/4945
f 3994/29/4433 4478/30/4948 4616/31/4015 4524/32/3771
f 4478/29/4948 4477/30/4947 4475/31/4944 4616/32/4015
f 4472/29/4941 4617/30/4942 4474/31/4001 4473/32/4000
f 3988/21/4447 3987/22/4283 4617/23/4942 4472/24/4941
f 3987/21/4283 3481/22/4282 3719/23/4943 4617/24/4942
f 3626/25/4278 3628/26/4448 4618/27/3938 4551/28/3852
f 3628/29/4448 3988/30/4447 4472/31/4941 4618/32/3938
f 4469/25/3895 4619/26/4940 4471/27/4011 4470/28/4010
f 3982/29/4464 3981/30/4275 4619/31/4940 4469/32/3895
f 3981/21/4275 3465/22/3796 3705/23/3795 4619/24/4940
f 3622/17/4272 3624/18/4465 4620/19/3894 4550/20/3897
f 3624/25/4465 3982/26/4464 4469/27/3895 4620/28/3894
f 3620/17/4267 4621/18/4936 3460/19/4939 3461/20/4268
f 4466/17/3782 4465/18/4021 4621/19/4936 3620/20/4267
f 4465/29/4021 4468/30/4018 4464/31/4937 4621/32/4936
f 4461/29/4933 4622/30/4934 4463/31/2998 4462/32/3012
f 3978/25/4479 3977/26/4265 4622/27/4934 4461/28/4933
f 3977/29/4265 3483/30/4264 3721/31/4935 4622/32/4934
f 4523/17/3789 3978/18/4479 4461/19/4933 4623/20/3790
f 3976/29/4482 3975/30/4261 4624/31/3717 4594/32/3660
f 3975/21/4261 3479/22/4260 4534/23/3718 4624/24/3717
f 3617/17/4256 3619/18/4483 4625/19/3659 4549/20/3688
f 3619/29/4483 3976/30/4482 4594/31/3660 4625/32/3659
f 4548/25/3095 3485/26/4253 3723/27/3593 4626/28/3592
f 4458/25/3114 4627/26/4929 4460/27/4932 4459/28/3140
f 3970/17/3113 3969/18/4251 4627/19/4929 4458/20/3114
f 3969/21/4251 3487/22/4250 3725/23/4930 4627/24/4929
f 4453/21/4926 4628/22/4927 4456/23/3195 4454/24/3209
f 3962/29/4533 3961/30/4243 4628/31/4927 4453/32/4926
f 3961/21/4243 3489/22/4242 3727/23/4928 4628/24/4927
f 3955/21/4554 4629/22/4925 4455/23/3208 3956/24/3409
f 3607/17/4238 3609/18/4534 4629/19/4925 3955/20/4554
f 3609/25/4534 3962/26/4533 4453/27/4926 4629/28/4925
f 3600/21/3993 4630/22/4107 3458/23/4924 3459/24/4232
f 4448/21/4917 4631/22/4919 4451/23/4922 4449/24/4918
f 3950/25/4565 3949/26/4231 4631/27/4919 4448/28/4917
f 3949/17/4231 3491/18/4230 3731/19/4920 4631/20/4919
f 3947/17/3969 4632/18/4916 4450/19/4095 3948/20/4062
f 3598/25/3809 3599/26/4566 4632/27/4916 3947/28/3969
f 3599/29/4566 3950/30/4565 4448/31/4917 4632/32/4916
f 4450/29/4095 4449/30/4918 4447/31/4915 4633/32/4096
f 4443/17/4908 4634/18/4911 4446/19/4914 4444/20/4909
f 3946/21/4567 3945/22/4229 4634/23/4911 4443/24/4908
f 3945/29/4229 3473/30/4228 3713/31/4912 4634/32/4911
f 3941/17/4579 4635/18/4907 4445/19/4910 3942/20/4580
f 3594/29/4227 3596/30/4568 4635/31/4907 3941/32/4579
f 3596/29/4568 3946/30/4567 4443/31/4908 4635/32/4907
f 3942/25/4580 4445/26/4910 4636/27/4068 3591/28/3843
f 4445/29/4910 4444/30/4909 4593/31/3155 4636/32/4068
f 3576/21/3338 4637/22/3323 3498/23/4906 3499/24/4215
f 3918/25/4673 3917/26/4213 4638/27/3160 4592/28/3129
f 3917/29/4213 3503/30/4212 4536/31/3161 4638/32/3160
f 3570/17/4208 3572/18/4674 4639/19/3128 4546/20/3142
f 3572/29/4674 3918/30/4673 4592/31/3129 4639/32/3128
f 3909/17/4700 4640/18/4904 4441/19/3882 3910/20/4701
f 3566/17/4204 3568/18/4680 4640/19/4904 3909/20/4700
f 3568/29/4680 4304/30/3884 4439/31/3431 4640/32/4904
f 3564/17/4201 4641/18/4098 3448/19/4006 3449/20/3921
f 3910/29/4701 4441/30/3882 4641/31/4098 3564/32/4201
f 3908/17/4705 3907/18/3945 4642/19/4091 4436/20/3477
f 3901/17/4725 4643/18/4902 4438/19/4903 3902/20/4726
f 3560/29/4198 3563/30/4706 4643/31/4902 3901/32/4725
f 3563/29/4706 3908/30/4705 4436/31/3477 4643/32/4902
f 3558/29/4193 4644/30/4900 3504/31/4901 3505/32/4194
f 3902/21/4726 4438/22/4903 4644/23/4900 3558/24/4193
f 4438/17/4903 4437/18/3476 4434/19/3488 4644/20/4900
f 3554/17/3713 4645/18/3988 3508/19/4899 3509/20/4187
f 3891/21/4759 4646/22/4896 4432/23/4897 3892/24/4760
f 3552/25/4186 3553/26/4749 4646/27/4896 3891/28/4759
f 3553/17/4749 4344/18/3604 4430/19/3619 4646/20/4896
f 3550/25/4182 4647/26/4894 3510/27/4895 3511/28/4183
f 3892/17/4760 4432/18/4897 4647/19/4894 3550/20/4182
f 4432/29/4897 4431/30/3618 4428/31/3627 4647/32/4894
f 4424/17/4891 4648/18/3928 4427/19/3750 4425/20/4892
f 3890/17/4764 3889/18/3585 4648/19/3928 4424/20/4891
f 3885/29/3134 4649/30/4890 4426/31/4893 3886/32/4771
f 3548/21/3133 3549/22/4765 4649/23/4890 3885/24/3134
f 3549/29/4765 3890/30/4764 4424/31/4891 4649/32/4890
f 3546/29/4179 4650/30/4886 3444/31/4889 3445/32/4180
f 3886/29/4771 4426/30/4893 4650/31/4886 3546/32/4179
f 4426/17/4893 4425/18/4892 4423/19/4887 4650/20/4886
f 4420/29/4882 4651/30/4884 4422/31/4885 4421/32/4883
f 3884/29/3475 3883/30/3144 4651/31/4884 4420/32/4882
f 3883/29/3144 4537/30/3102 3763/31/3101 4651/32/4884
f 4519/17/3874 3884/18/3475 4420/19/4882 4652/20/3875
f 3545/21/3865 4653/22/3864 3512/23/4881 3513/24/3111
f 4591/29/3867 4421/30/4883 4419/31/4879 4653/32/3864
f 3534/21/4008 4654/22/4007 3514/23/4878 3515/24/4169
f 3870/21/4814 3869/22/4168 4655/23/3996 4590/24/3974
f 3869/29/4168 3517/30/4167 4538/31/3997 4655/32/3996
f 3531/29/4163 3533/30/4815 4656/31/3973 3863/32/3693
f 3533/29/4815 3870/30/4814 4590/31/3974 4656/32/3973
f 4414/29/4871 4657/30/4874 4417/31/4876 4415/32/4872
f 3860/29/3797 3859/30/3485 4657/31/4874 4414/32/4871
f 3859/29/3485 4539/30/2985 3769/31/2984 4657/32/4874
f 3853/17/4856 4658/18/4870 4416/19/4873 3854/20/4857
f 3525/29/3104 3527/30/3103 4658/31/4870 3853/32/4856
f 3527/17/3103 3860/18/3797 4414/19/4871 4658/20/4870
f 3523/25/4157 4659/26/4868 3518/27/3187 3519/28/2975
f 3854/29/4857 4416/30/4873 4659/31/4868 3523/32/4157
f 4416/17/4873 4415/18/4872 4413/19/4869 4659/20/4868
f 3522/21/3608 4660/22/3602 3520/23/4867 3521/24/4154
f 4408/25/3544 4661/26/3581 4411/27/4865 4409/28/4863
f 3769/29/2984 4662/30/3545 4410/31/4864 3770/32/4875
f 3432/21/4150 4663/22/4859 3435/23/4862 3433/24/4151
f 3770/21/4875 4410/22/4864 4663/23/4859 3432/24/4150
f 4410/17/4864 4409/18/4863 4407/19/4860 4663/20/4859
f 4403/21/4852 4664/22/4855 4406/23/4858 4404/24/4853
f 3858/17/4841 3857/18/4159 4664/19/4855 4403/20/4852
f 3857/25/4159 3525/26/3104 3853/27/4856 4664/28/4855
f 3717/17/3595 4665/18/4851 4405/19/4854 3718/20/3871
f 3477/25/3594 3526/26/4842 4665/27/4851 3717/28/3595
f 3526/17/4842 3858/18/4841 4403/19/4852 4665/20/4851
f 3404/29/3206 4666/30/4849 3434/31/3978 3405/32/3207
f 3718/25/3871 4405/26/4854 4666/27/4849 3404/28/3206
f 4405/17/4854 4404/18/4853 4402/19/4850 4666/20/4849
f 4398/25/4844 4667/26/4847 4401/27/4848 4399/28/4845
f 3698/21/4437 3697/22/4285 4667/23/4847 4398/24/4844
f 3697/29/4285 3630/30/3349 3855/31/3503 4667/32/4847
f 3807/29/3966 4668/30/4843 4400/31/4846 3808/32/3493
f 3387/17/3591 3389/18/4438 4668/19/4843 3807/20/3966
f 3389/25/4438 3698/26/4437 4398/27/4844 4668/28/4843
f 3476/29/3494 4669/30/4839 3526/31/4842 3477/32/3594
f 3808/21/3493 4400/22/4846 4669/23/4839 3476/24/3494
f 4400/29/4846 4399/30/4845 4397/31/4840 4669/32/4839
f 3847/29/3858 3433/30/4151 4543/31/3784 4670/32/4083
f 4533/21/3944 3475/22/4288 4544/23/3989 4671/24/4032
f 3806/25/4953 3805/26/4125 4672/27/4002 4589/28/3984
f 3805/17/4125 3370/18/4124 4541/19/3468 4672/20/4002
f 3475/21/4288 3474/22/4954 4673/23/3983 4544/24/3989
f 3474/29/4954 3806/30/4953 4589/31/3984 4673/32/3983
f 4393/25/4834 4674/26/4837 4396/27/4838 4394/28/4835
f 3692/17/4523 3691/18/4245 4674/19/4837 4393/20/4834
f 3691/25/4245 3611/26/3406 3861/27/3405 4674/28/4837
f 3801/17/3979 4675/18/4833 4395/19/4836 3802/20/3512
f 3383/21/3623 3385/22/4524 4675/23/4833 3801/24/3979
f 3385/25/4524 3692/26/4523 4393/27/4834 4675/28/4833
f 3802/29/3512 4395/30/4836 4676/31/3877 4514/32/3513
f 4395/17/4836 4394/18/4835 4588/19/3878 4676/20/3877
f 4390/25/4829 4677/26/4831 4392/27/4832 4391/28/4830
f 3868/21/4822 3867/22/4164 4677/23/4831 4390/24/4829
f 3867/17/4164 3531/18/4163 3863/19/3693 4677/20/4831
f 3455/25/4293 3532/26/4823 4678/27/3775 4530/28/3018
f 3532/29/4823 3868/30/4822 4390/31/4829 4678/32/3775
f 4587/25/3763 4391/26/4830 4389/27/4828 4679/28/3764
f 4385/29/3651 4680/30/3715 4388/31/4827 4386/32/4824
f 3787/17/3204 4681/18/3652 4387/19/4825 3788/20/4407
f 3454/17/4292 4682/18/4820 3532/19/4823 3455/20/4293
f 3788/17/4407 4387/18/4825 4682/19/4820 3454/20/4292
f 4387/29/4825 4386/30/4824 4384/31/4821 4682/32/4820
f 4380/21/3552 4683/22/3590 4383/23/4819 4381/24/4816
f 3865/25/3575 4684/26/3553 4382/27/4817 3866/28/4826
f 3530/25/4162 4685/26/4812 3533/27/4815 3531/28/4163
f 3866/29/4826 4382/30/4817 4685/31/4812 3530/32/4162
f 4382/17/4817 4381/18/4816 4379/19/4813 4685/20/4812
f 4374/17/4807 4686/18/4810 4377/19/4811 4375/20/4808
f 3876/21/4794 3875/22/4174 4686/23/4810 4374/24/4807
f 3875/17/4174 3538/18/3274 3871/19/3273 4686/20/4810
f 3709/17/3664 4687/18/4806 4376/19/4809 3710/20/3890
f 3469/29/3663 3539/30/4795 4687/31/4806 3709/32/3664
f 3539/17/4795 3876/18/4794 4374/19/4807 4687/20/4806
f 3396/25/3308 4688/26/4802 3431/27/4805 3397/28/3309
f 3710/21/3890 4376/22/4809 4688/23/4802 3396/24/3308
f 4376/17/4809 4375/18/4808 4373/19/4803 4688/20/4802
f 4369/17/4797 4689/18/4800 4372/19/4801 4370/20/4798
f 3686/25/4615 3685/26/4223 4689/27/4800 4369/28/4797
f 3685/25/4223 3587/26/3263 3873/27/3262 4689/28/4800
f 3797/25/3998 4690/26/4796 4371/27/4799 3798/28/3563
f 3380/29/3653 3381/30/4616 4690/31/4796 3797/32/3998
f 3381/17/4616 3686/18/4615 4369/19/4797 4690/20/4796
f 3468/21/3564 4691/22/4792 3539/23/4795 3469/24/3663
f 3798/29/3563 4371/30/4799 4691/31/4792 3468/32/3564
f 4371/29/4799 4370/30/4798 4368/31/4793 4691/32/4792
f 4364/25/4787 4692/26/4790 4367/27/4791 4365/28/4788
f 3882/17/4774 3881/18/4178 4692/19/4790 4364/20/4787
f 3881/17/4178 3543/18/3220 3877/19/3219 4692/20/4790
f 3681/21/3913 4693/22/4786 4366/23/4789 3682/24/3358
f 3451/25/3912 3544/26/4775 4693/27/4786 3681/28/3913
f 3544/21/4775 3882/22/4774 4364/23/4787 4693/24/4786
f 3378/25/3359 4694/26/4782 3373/27/4785 3374/28/3668
f 3682/17/3358 4366/18/4789 4694/19/4782 3378/20/3359
f 4366/17/4789 4365/18/4788 4363/19/4783 4694/20/4782
f 4359/17/4777 4695/18/4780 4362/19/4781 4360/20/4778
f 3766/17/4804 3765/18/4172 4695/19/4780 4359/20/4777
f 3765/25/4172 3536/26/3218 3879/27/3217 4695/28/4780
f 3783/17/3025 4696/18/4776 4361/19/4779 3784/20/3026
f 3397/25/3309 3431/26/4805 4696/27/4776 3783/28/3025
f 3431/29/4805 3766/30/4804 4359/31/4777 4696/32/4776
f 3450/17/3873 4697/18/4772 3544/19/4775 3451/20/3912
f 3784/17/3026 4361/18/4779 4697/19/4772 3450/20/3873
f 4361/21/4779 4360/22/4778 4358/23/4773 4697/24/4772
f 4354/29/4767 4699/30/4770 4357/31/3579 4355/32/4768
f 3842/17/4880 3841/18/4146 4699/19/4770 4354/20/4767
f 3841/21/4146 3430/22/3702 3839/23/3701 4699/24/4770
f 3887/29/3112 4700/30/4766 4356/31/4769 3888/32/3442
f 3513/25/3111 3512/26/4881 4700/27/4766 3887/28/3112
f 3512/17/4881 3842/18/4880 4354/19/4767 4700/20/4766
f 3547/21/4027 4701/22/4762 3549/23/4765 3548/24/3133
f 3888/29/3442 4356/30/4769 4701/31/4762 3547/32/4027
f 4356/25/4769 4355/26/4768 4353/27/4763 4701/28/4762
f 4350/29/3514 4702/30/4758 4352/31/4761 4351/32/3515
f 3896/21/3420 3895/22/3419 4702/23/4758 4350/24/3514
f 3895/17/3419 3552/18/4186 3891/19/4759 4702/20/4758
f 3425/21/3333 4703/22/3321 3428/23/4757 3426/24/4143
f 4531/25/3283 3467/26/3699 3893/27/4754 4704/28/3284
f 4345/29/4751 4705/30/3169 4348/31/3186 4346/32/4752
f 3796/17/4974 3795/18/3170 4705/19/3169 4345/20/4751
f 3893/17/4754 4706/18/4750 4347/19/4753 3894/20/4755
f 3467/17/3699 3466/18/4975 4706/19/4750 3893/20/4754
f 3466/17/4975 3796/18/4974 4345/19/4751 4706/20/4750
f 3551/29/4185 4707/30/4748 3553/31/4749 3552/32/4186
f 3894/29/4755 4347/30/4753 4707/31/4748 3551/32/4185
f 4347/17/4753 4346/18/4752 4343/19/3605 4707/20/4748
f 3392/29/2979 4708/30/2978 3427/31/4747 3393/32/4147
f 4338/25/4739 4709/26/4742 4341/27/4745 4339/28/4740
f 3760/29/4746 3759/30/4188 4709/31/4742 4338/32/4739
f 3759/29/4188 3509/30/4187 3897/31/4743 4709/32/4742
f 3777/17/4339 4710/18/4738 4340/19/4741 3778/20/4340
f 3393/25/4147 3427/26/4747 4710/27/4738 3777/28/4339
f 3427/29/4747 3760/30/4746 4338/31/4739 4710/32/4738
f 3778/25/4340 4340/26/4741 4711/27/4048 4511/28/3380
f 4340/25/4741 4339/26/4740 4584/27/3839 4711/28/4048
f 4334/17/4731 4712/18/4734 4337/19/4737 4335/20/4732
f 3838/17/4898 3837/18/4144 4712/19/4734 4334/20/4731
f 3837/17/4144 3426/18/4143 3835/19/4735 4712/20/4734
f 3897/17/4743 4713/18/4730 4336/19/4733 3898/20/4744
f 3509/17/4187 3508/18/4899 4713/19/4730 3897/20/4743
f 3508/29/4899 3838/30/4898 4334/31/4731 4713/32/4730
f 3555/29/4189 4714/30/4728 3557/31/3982 3556/32/3010
f 3898/21/4744 4336/22/4733 4714/23/4728 3555/24/4189
f 4336/29/4733 4335/30/4732 4333/31/4729 4714/32/4728
f 4329/21/4721 4715/22/4724 4332/23/4727 4330/24/4722
f 3906/29/4712 3905/30/4199 4715/31/4724 4329/32/4721
f 3905/17/4199 3560/18/4198 3901/19/4725 4715/20/4724
f 3707/17/3752 4716/18/4720 4331/19/4723 3708/20/3030
f 3562/25/3751 3561/26/3800 4716/27/4720 3707/28/3752
f 3561/17/3800 3906/18/4712 4329/19/4721 4716/20/4720
f 3708/21/3030 4331/22/4723 4717/23/3861 4503/24/3031
f 4331/21/4723 4330/22/4722 4328/23/4718 4717/24/3861
f 4325/21/3807 4718/22/4714 4327/23/4717 4326/24/4713
f 4512/17/3711 3462/18/3710 4718/19/4714 4325/20/3807
f 3462/25/3710 3463/26/3805 3903/27/4715 4718/28/4714
f 4583/17/3787 4326/18/4713 4324/19/4711 4720/20/3788
f 4320/25/4708 4721/26/3765 4323/27/3772 4321/28/4709
f 3704/29/3110 4502/30/3109 4721/31/3765 4320/32/4708
f 3903/29/4715 4722/30/4707 4322/31/4710 3904/32/4716
f 3463/21/3805 3703/22/3804 4722/23/4707 3903/24/4715
f 3703/17/3804 3704/18/3110 4320/19/4708 4722/20/4707
f 3559/17/4197 4723/18/4703 3563/19/4706 3560/20/4198
f 3904/25/4716 4322/26/4710 4723/27/4703 3559/28/4197
f 4322/29/4710 4321/30/4709 4319/31/4704 4723/32/4703
f 4315/17/4696 4724/18/4699 4318/19/4702 4316/20/4697
f 3914/17/4685 3913/18/4205 4724/19/4699 4315/20/4696
f 3913/17/4205 3566/18/4204 3909/19/4700 4724/20/4699
f 3673/25/4966 4725/26/4695 4317/27/4698 3674/28/4967
f 3443/17/4300 3567/18/4686 4725/19/4695 3673/20/4966
f 3567/29/4686 3914/30/4685 4315/31/4696 4725/32/4695
f 3371/21/4121 4726/22/4693 3377/23/3372 3372/24/3705
f 3674/17/4967 4317/18/4698 4726/19/4693 3371/20/4121
f 4317/17/4698 4316/18/4697 4314/19/4694 4726/20/4693
f 4309/21/4687 4727/22/4689 4313/23/4692 4310/24/4688
f 3758/17/4719 3757/18/4195 4727/19/4689 4309/20/4687
f 3757/25/4195 3505/26/4194 3911/27/4690 4727/28/4689
f 4510/29/3504 3758/30/4719 4309/31/4687 4728/32/3505
f 3442/21/4299 4729/22/4683 3567/23/4686 3443/24/4300
f 4312/25/3048 4311/26/3508 4729/27/4683 3442/28/4299
f 4311/17/3508 4310/18/4688 4308/19/4684 4729/20/4683
f 3911/29/4690 4730/30/4681 4307/31/4682 3912/32/4691
f 3505/25/4194 3504/26/4901 4730/27/4681 3911/28/4690
f 3504/25/4901 4435/26/3487 4305/27/3956 4730/28/4681
f 3565/21/4203 4731/22/4679 3568/23/4680 3566/24/4204
f 3912/17/4691 4307/18/4682 4731/19/4679 3565/20/4203
f 4307/17/4682 4306/18/3955 4303/19/3962 4731/20/4679
f 3916/29/4677 3915/30/4209 4732/31/4067 4582/32/4058
f 3915/25/4209 3570/26/4208 4546/27/3142 4732/28/4067
f 3447/17/4310 3571/18/4678 4733/19/4057 3677/20/4043
f 3571/17/4678 3916/18/4677 4582/19/4058 4733/20/4057
f 3446/17/4309 4734/18/4675 3571/19/4678 3447/20/4310
f 4300/29/4012 4299/30/3078 4734/31/4675 3446/32/4309
f 4299/29/3078 4302/30/3077 4298/31/4676 4734/32/4675
f 3569/25/4207 4735/26/4671 3572/27/4674 3570/28/4208
f 4295/17/3065 4294/18/3106 4735/19/4671 3569/20/4207
f 4294/25/3106 4297/26/3105 4293/27/4672 4735/28/4671
f 4289/29/4668 4736/30/3987 4292/31/3995 4290/32/4669
f 3920/25/3068 3919/26/3067 4736/27/3987 4289/28/4668
f 3751/17/3237 4737/18/4667 4291/19/4670 3752/20/3586
f 3575/21/3236 3574/22/3879 4737/23/4667 3751/24/3237
f 3574/21/3879 3920/22/3068 4289/23/4668 4737/24/4667
f 3421/21/3318 4738/22/4663 3424/23/4666 3422/24/4141
f 3752/25/3586 4291/26/4670 4738/27/4663 3421/28/3318
f 4291/29/4670 4290/30/4669 4288/31/4664 4738/32/4663
f 4283/29/4655 4740/30/4658 4286/31/4661 4284/32/4656
f 3754/29/4662 3753/30/4216 4740/31/4658 4283/32/4655
f 3753/17/4216 3499/18/4215 3921/19/4659 4740/20/4658
f 3394/25/3119 4741/26/4654 4285/27/4657 3702/28/3120
f 3395/21/3460 3423/22/3817 4741/23/4654 3394/24/3119
f 3423/29/3817 3754/30/4662 4283/31/4655 4741/32/4654
f 3702/29/3120 4285/30/4657 4742/31/3360 3701/32/3371
f 4285/21/4657 4284/22/4656 4581/23/3361 4742/24/3360
f 4279/29/4651 4743/30/4652 4282/31/3434 4280/32/3441
f 3834/21/4905 3833/22/4142 4743/23/4652 4279/24/4651
f 3833/29/4142 3422/30/4141 3831/31/4653 4743/32/4652
f 3921/21/4659 4744/22/4650 4281/23/3255 3922/24/4660
f 3499/29/4215 3498/30/4906 4744/31/4650 3921/32/4659
f 3498/17/4906 3834/18/4905 4279/19/4651 4744/20/4650
f 3922/25/4660 4281/26/3255 4745/27/3235 4520/28/3234
f 4275/21/4646 4746/22/4648 4278/23/4649 4276/24/4647
f 3928/29/4635 3927/30/4220 4746/31/4648 4275/32/4646
f 3927/29/4220 3580/30/3968 3923/31/4078 4746/32/4648
f 3747/21/3280 4747/22/4645 4277/23/3149 3748/24/3607
f 3497/29/3279 3581/30/4636 4747/31/4645 3747/32/3280
f 3581/29/4636 3928/30/4635 4275/31/4646 4747/32/4645
f 4277/29/3149 4276/30/4647 4274/31/4643 4748/32/3150
f 4270/17/4638 4749/18/4641 4273/19/4642 4271/20/4639
f 3780/17/3126 3438/18/3907 4749/19/4641 4270/20/4638
f 3438/17/3907 3439/18/4029 3925/19/4076 4749/20/4641
f 3829/21/3850 4750/22/4637 4272/23/4640 3830/24/3166
f 4540/21/3849 3779/22/3127 4750/23/4637 3829/24/3850
f 3779/17/3127 3780/18/3126 4270/19/4638 4750/20/4637
f 3496/29/3167 4751/30/4633 3581/31/4636 3497/32/3279
f 3830/21/3166 4272/22/4640 4751/23/4633 3496/24/3167
f 4272/17/4640 4271/18/4639 4269/19/4634 4751/20/4633
f 4265/17/4630 4752/18/3946 4268/19/3369 4266/20/4631
f 3930/29/3756 3929/30/3947 4752/31/3946 4265/32/4630
f 3739/29/3340 4753/30/4629 4267/31/4632 3740/32/3639
f 3583/21/3339 3582/22/3757 4753/23/4629 3739/24/3340
f 3582/17/3757 3930/18/3756 4265/19/4630 4753/20/4629
f 3417/17/4071 4754/18/4625 3420/19/4628 3418/20/3868
f 3740/21/3639 4267/22/4632 4754/23/4625 3417/24/4071
f 4267/21/4632 4266/22/4631 4264/23/4626 4754/24/4625
f 3398/17/3281 4755/18/3724 3419/19/4624 3399/20/3282
f 4259/25/4618 4756/26/4621 4262/27/4622 4260/28/4619
f 3936/21/4605 3935/22/4225 4756/23/4621 4259/24/4618
f 3935/21/4225 3589/22/3893 3931/23/4034 4756/24/4621
f 3683/21/3909 4757/22/4617 4261/23/4620 3684/24/3347
f 3453/29/3908 3590/30/4606 4757/31/4617 3683/32/3909
f 3590/17/4606 3936/18/4605 4259/19/4618 4757/20/4617
f 3379/29/3348 4758/30/4613 3381/31/4616 3380/32/3653
f 3684/25/3347 4261/26/4620 4758/27/4613 3379/28/3348
f 4261/21/4620 4260/22/4619 4258/23/4614 4758/24/4613
f 4254/29/4608 4759/30/4611 4257/31/4612 4255/32/4609
f 3742/25/4623 3741/26/4221 4759/27/4611 4254/28/4608
f 3741/21/4221 3585/22/3919 3933/23/4033 4759/24/4611
f 3785/17/3022 4760/18/4607 4256/19/4610 3786/20/3023
f 3399/17/3282 3419/18/4624 4760/19/4607 3785/20/3022
f 3419/17/4624 3742/18/4623 4254/19/4608 4760/20/4607
f 3452/17/3870 4761/18/4603 3590/19/4606 3453/20/3908
f 3786/17/3023 4256/18/4610 4761/19/4603 3452/20/3870
f 4256/17/4610 4255/18/4609 4253/19/4604 4761/20/4603
f 4249/17/4599 4762/18/4602 4252/19/3748 4250/20/4600
f 3716/17/4414 3715/18/3610 4762/19/4602 4249/20/4599
f 3715/17/3610 4532/18/3609 3937/19/4020 4762/20/4602
f 3823/17/4587 4763/18/4598 4251/19/4601 3824/20/4588
f 3403/17/4135 3402/18/4415 4763/19/4598 3823/20/4587
f 3402/21/4415 3716/22/4414 4249/23/4599 4763/24/4598
f 3824/29/4588 4251/30/4601 4764/31/4113 4517/32/3842
f 4251/29/4601 4250/30/4600 4580/31/3735 4764/32/4113
f 4245/17/4591 4765/18/4594 4248/19/4597 4246/20/4592
f 3690/25/3296 3689/26/4004 4765/27/4594 4245/28/4591
f 3689/29/4004 3459/30/4232 3939/31/4595 4765/32/4594
f 3367/17/3471 4766/18/4590 4247/19/4593 3668/20/3472
f 3368/29/3621 3384/30/3297 4766/31/4590 3367/32/3471
f 3384/21/3297 3690/22/3296 4245/23/4591 4766/24/4590
f 3668/21/3472 4247/22/4593 4767/23/4060 3667/24/4052
f 4247/29/4593 4246/30/4592 4579/31/3822 4767/32/4060
f 4241/29/4583 4768/30/4586 4244/31/4589 4242/32/4584
f 3792/17/4923 3791/18/4136 4768/19/4586 4241/20/4583
f 3791/29/4136 3403/30/4135 3823/31/4587 4768/32/4586
f 3939/29/4595 4769/30/4582 4243/31/4585 3940/32/4596
f 3459/17/4232 3458/18/4924 4769/19/4582 3939/20/4595
f 3458/21/4924 3792/22/4923 4241/23/4583 4769/24/4582
f 3940/29/4596 4243/30/4585 4770/31/4044 4521/32/3815
f 4243/25/4585 4242/26/4584 4578/27/3853 4770/28/4044
f 4237/29/4575 4771/30/4578 4240/31/4581 4238/32/4576
f 3944/29/3837 3943/30/3925 4771/31/4578 4237/32/4575
f 3943/17/3925 3594/18/4227 3941/19/4579 4771/20/4578
f 3731/25/4920 4772/26/4574 4239/27/4577 3732/28/4921
f 3491/29/4230 3595/30/4569 4772/31/4574 3731/32/4920
f 3595/25/4569 3944/26/3837 4237/27/4575 4772/28/4574
f 3414/21/4138 4773/22/4570 3416/23/4573 3415/24/4139
f 3732/25/4921 4239/26/4577 4773/27/4570 3414/28/4138
f 4239/29/4577 4238/30/4576 4236/31/4571 4773/32/4570
f 3490/29/3832 4774/30/3826 3595/31/4569 3491/32/4230
f 3593/21/3753 4775/22/3742 3596/23/4568 3594/24/4227
f 3597/29/3421 4776/30/3417 3599/31/4566 3598/32/3809
f 3822/17/3266 3821/18/4140 4777/19/3130 4577/20/3143
f 3821/29/4140 3415/30/4139 4542/31/3131 4777/32/3130
f 4229/29/4560 4778/30/4563 4232/31/4564 4230/32/4561
f 3954/21/4557 3953/22/4233 4778/23/4563 4229/24/4560
f 3953/29/4233 3602/30/3754 3951/31/3937 4778/32/4563
f 3727/17/4928 4779/18/4559 4231/19/4562 3728/20/3196
f 3489/29/4242 3603/30/4558 4779/31/4559 3727/32/4928
f 3603/25/4558 3954/26/4557 4229/27/4560 4779/28/4559
f 3728/29/3196 4231/30/4562 4780/31/4118 4506/32/4092
f 4231/29/4562 4230/30/4561 4576/31/4030 4780/32/4118
f 3488/17/4241 4781/18/4556 3603/19/4558 3489/20/4242
f 4228/17/3084 4227/18/3963 4781/19/4556 3488/20/4241
f 4227/21/3963 4575/22/4117 4226/23/4042 4781/24/4556
f 4222/17/4550 4782/18/4553 4225/19/4555 4223/20/4551
f 3960/29/4537 3959/30/4239 4782/31/4553 4222/32/4550
f 3959/29/4239 3607/30/4238 3955/31/4554 4782/32/4553
f 3713/29/4912 4783/30/4549 4224/31/4552 3714/32/4913
f 3473/17/4228 3608/18/4538 4783/19/4549 3713/20/4912
f 3608/21/4538 3960/22/4537 4222/23/4550 4783/24/4549
f 3400/17/3152 4784/18/4545 3412/19/4548 3401/20/3238
f 3714/17/4913 4224/18/4552 4784/19/4545 3400/20/3152
f 4224/17/4552 4223/18/4551 4221/19/4546 4784/20/4545
f 4217/17/4540 4785/18/4543 4220/19/4544 4218/20/4541
f 3676/21/4784 3675/22/4176 4785/23/4543 4217/24/4540
f 3675/29/4176 3541/30/3923 3957/31/3922 4785/32/4543
f 3803/29/3976 4786/30/4539 4219/31/4542 3804/32/3510
f 3374/17/3668 3373/18/4785 4786/19/4539 3803/20/3976
f 3373/17/4785 3676/18/4784 4217/19/4540 4786/20/4539
f 3472/21/3511 4787/22/4535 3608/23/4538 3473/24/4228
f 3804/25/3510 4219/26/4542 4787/27/4535 3472/28/3511
f 4219/29/4542 4218/30/4541 4216/31/4536 4787/32/4535
f 3606/29/4237 4788/30/4531 3609/31/4534 3607/32/4238
f 3958/17/4016 4213/18/3097 4788/19/4531 3606/20/4237
f 4213/29/3097 4215/30/3096 4212/31/4532 4788/32/4531
f 4208/29/4526 4789/30/4529 4211/31/4530 4209/32/4527
f 3968/17/4513 3967/18/4247 4789/19/4529 4208/20/4526
f 3967/29/4247 3613/30/3658 3963/31/3916 4789/32/4529
f 3687/17/3892 4790/18/4525 4210/19/4528 3688/20/3313
f 3457/29/3891 3614/30/4514 4790/31/4525 3687/32/3892
f 3614/25/4514 3968/26/4513 4208/27/4526 4790/28/4525
f 3382/17/3314 4791/18/4521 3385/19/4524 3383/20/3623
f 3688/25/3313 4210/26/4528 4791/27/4521 3382/28/3314
f 4210/29/4528 4209/30/4527 4207/31/4522 4791/32/4521
f 4203/17/4516 4792/18/4519 4206/19/4520 4204/20/4517
f 3730/21/4547 3729/22/4235 4792/23/4519 4203/24/4516
f 3729/17/4235 3605/18/3727 3965/19/3911 4792/20/4519
f 3789/17/2970 4793/18/4515 4205/19/4518 3790/20/2971
f 3401/21/3238 3412/22/4548 4793/23/4515 3789/24/2970
f 3412/21/4548 3730/22/4547 4203/23/4516 4793/24/4515
f 3456/29/3856 4794/30/4511 3614/31/4514 3457/32/3891
f 3790/17/2971 4205/18/4518 4794/19/4511 3456/20/3856
f 4205/21/4518 4204/22/4517 4202/23/4512 4794/24/4511
f 3725/17/4930 4795/18/4509 4201/19/4510 3726/20/4931
f 3487/25/4250 3615/26/4505 4795/27/4509 3725/28/4930
f 3615/25/4505 4193/26/3233 4199/27/3232 4795/28/4509
f 3409/25/4132 4796/26/4507 3411/27/4508 3410/28/4133
f 3726/17/4931 4201/18/4510 4796/19/4507 3409/20/4132
f 4201/17/4510 4200/18/3253 4197/19/3252 4796/20/4507
f 3817/25/4501 4797/26/3781 4196/27/4506 3818/28/4502
f 3407/25/4129 3406/26/3799 4797/27/3781 3817/28/4501
f 3486/29/4249 4798/30/4504 3615/31/4505 3487/32/4250
f 3818/17/4502 4196/18/4506 4798/19/4504 3486/20/4249
f 4196/17/4506 4195/18/3301 4192/19/3300 4798/20/4504
f 3696/21/4474 3695/22/4269 4799/23/3499 4574/24/3462
f 3695/21/4269 3461/22/4268 4547/23/3357 4799/24/3499
f 3370/29/4124 3388/30/4475 4800/31/3461 4541/32/3468
f 3388/29/4475 3696/30/4474 4574/31/3462 4800/32/3461
f 4189/25/3346 4801/26/4500 4191/27/4503 4190/28/3438
f 3794/21/4938 3793/22/4130 4801/23/4500 4189/24/3346
f 3793/29/4130 3407/30/4129 3817/31/4501 4801/32/4500
f 3461/17/4268 3460/18/4939 4802/19/3345 4547/20/3357
f 3460/25/4939 3794/26/4938 4189/27/3346 4802/28/3345
f 4185/21/3551 4803/22/4496 4187/23/4499 4186/24/3573
f 3820/25/3550 3819/26/4134 4803/27/4496 4185/28/3551
f 3819/17/4134 3410/18/4133 3815/19/4497 4803/20/4496
f 3974/21/4490 3973/22/4257 4804/23/4115 4572/24/4111
f 3973/29/4257 3617/30/4256 4549/31/3688 4804/32/4115
f 3721/29/4935 4805/30/4110 4184/31/4109 3722/32/2999
f 3483/29/4264 3618/30/4491 4805/31/4110 3721/32/4935
f 3618/29/4491 3974/30/4490 4572/31/4111 4805/32/4110
f 4180/29/4099 4806/30/4106 4183/31/4495 4181/32/4492
f 3813/25/4046 4807/26/4100 4182/27/4493 3814/28/3762
f 3482/29/4263 4808/30/4488 3618/31/4491 3483/32/4264
f 3814/17/3762 4182/18/4493 4808/19/4488 3482/20/4263
f 4182/17/4493 4181/18/4492 4179/19/4489 4808/20/4488
f 4175/29/4079 4809/30/4089 4178/31/4487 4176/32/4484
f 3971/29/4084 4810/30/4080 4177/31/4485 3972/32/4494
f 3616/17/4255 4811/18/4480 3619/19/4483 3617/20/4256
f 3972/21/4494 4177/22/4485 4811/23/4480 3616/24/4255
f 4177/17/4485 4176/18/4484 4174/19/4481 4811/20/4480
f 4571/21/3766 4173/22/3057 4171/23/4478 4812/24/4085
f 4167/25/4055 4813/26/4070 4170/27/3783 4168/28/4476
f 3671/17/4061 4814/18/4056 4169/19/4477 3672/20/4957
f 3369/17/4123 4815/18/4472 3388/19/4475 3370/20/4124
f 3672/21/4957 4169/22/4477 4815/23/4472 3369/24/4123
f 4169/17/4477 4168/18/4476 4166/19/4473 4815/20/4472
f 4162/25/4471 4816/26/3977 4165/27/3192 4163/28/3191
f 3980/29/4468 3979/30/4273 4816/31/3977 4162/32/4471
f 3979/29/4273 3622/30/4272 4550/31/3897 4816/32/3977
f 3719/21/4943 4817/22/4470 4164/23/3200 3720/24/3199
f 3481/25/4282 3623/26/4469 4817/27/4470 3719/28/4943
f 3623/29/4469 3980/30/4468 4162/31/4471 4817/32/4470
f 3480/17/4281 4818/18/4466 3623/19/4469 3481/20/4282
f 4159/25/3249 4158/26/3248 4818/27/4466 3480/28/4281
f 4158/21/3248 4161/22/3229 4157/23/4467 4818/24/4466
f 3621/29/4271 4819/30/4462 3624/31/4465 3622/32/4272
f 4154/17/3286 4153/18/3285 4819/19/4462 3621/20/4271
f 4153/29/3285 4156/30/3276 4152/31/4463 4819/32/4462
f 3986/25/4455 3985/26/4279 4820/27/3851 4570/28/3821
f 3985/25/4279 3626/26/4278 4551/27/3852 4820/28/3851
f 3479/25/4260 3627/26/4456 4821/27/3820 4534/28/3718
f 3627/29/4456 3986/30/4455 4570/31/3821 4821/32/3820
f 4148/29/3731 4822/30/3774 4151/31/4461 4149/32/4457
f 4529/17/3507 3445/18/4180 3983/19/4459 4822/20/3774
f 3809/21/3746 4823/22/3732 4150/23/4458 3810/24/4486
f 3478/25/4259 4824/26/4453 3627/27/4456 3479/28/4260
f 3810/29/4486 4150/30/4458 4824/31/4453 3478/32/4259
f 4150/17/4458 4149/18/4457 4147/19/4454 4824/20/4453
f 4143/21/4450 4825/22/3656 4146/23/3680 4144/24/4451
f 3782/21/4888 3781/22/3657 4825/23/3656 4143/24/4450
f 3983/17/4459 4826/18/4449 4145/19/4452 3984/20/4460
f 3445/29/4180 3444/30/4889 4826/31/4449 3983/32/4459
f 3444/21/4889 3782/22/4888 4143/23/4450 4826/24/4449
f 3625/17/4277 4827/18/4445 3628/19/4448 3626/20/4278
f 3984/25/4460 4145/26/4452 4827/27/4445 3625/28/4277
f 4145/29/4452 4144/30/4451 4142/31/4446 4827/32/4445
f 4138/21/4440 4828/22/4443 4141/23/4444 4139/24/4441
f 3992/25/3006 3991/26/3708 4828/27/4443 4138/28/4440
f 3991/25/3708 4552/26/3707 3989/27/3726 4828/28/4443
f 3693/17/3876 4829/18/4439 4140/19/4442 3694/20/3258
f 3632/17/3337 3631/18/3007 4829/19/4439 3693/20/3876
f 3631/21/3007 3992/22/3006 4138/23/4440 4829/24/4439
f 3386/17/3259 4830/18/4435 3389/19/4438 3387/20/3591
f 3694/17/3258 4140/18/4442 4830/19/4435 3386/20/3259
f 4140/29/4442 4139/30/4441 4137/31/4436 4830/32/4435
f 4134/29/3158 4831/30/4431 4136/31/4434 4135/32/4430
f 3996/25/3883 3995/26/3641 4831/27/4431 4134/28/3158
f 3995/17/3641 3634/18/3268 3993/19/4432 4831/20/4431
f 4569/25/3146 4135/26/4430 4568/27/3123 4833/28/3122
f 3408/25/4128 4834/26/4104 3406/27/3799 3407/28/4129
f 4133/29/3655 4132/30/3654 4834/31/4104 3408/32/4128
f 4128/25/4425 4835/26/4428 4131/27/4429 4129/28/4426
f 4002/17/4418 4001/18/3588 4835/19/4428 4128/20/4425
f 4001/29/3588 4553/30/3587 3999/31/3600 4835/32/4428
f 3723/25/3593 4836/26/4424 4130/27/4427 3724/28/3801
f 3485/21/4253 3637/22/4419 4836/23/4424 3723/24/3593
f 3637/29/4419 4002/30/4418 4128/31/4425 4836/32/4424
f 3724/17/3801 4130/18/4427 4837/19/4038 4505/20/4037
f 4130/29/4427 4129/30/4426 4127/31/4423 4837/32/4038
f 4123/29/4026 4838/30/4025 4126/31/3915 4124/32/4421
f 3815/17/4497 4839/18/4420 4125/19/4422 3816/20/4498
f 3410/29/4133 3411/30/4508 4839/31/4420 3815/32/4497
f 3411/29/4508 4198/30/4053 4123/31/4026 4839/32/4420
f 3484/17/4252 4840/18/4416 3637/19/4419 3485/20/4253
f 3816/29/4498 4125/30/4422 4840/31/4416 3484/32/4252
f 4125/29/4422 4124/30/4421 4122/31/4417 4840/32/4416
f 3413/25/3082 4841/26/3722 3402/27/4415 3403/28/4135
f 3734/21/4572 3733/22/3386 4842/23/3689 4566/24/3629
f 3415/25/4139 3416/26/4573 4843/27/3628 4542/28/3131
f 3416/29/4573 3734/30/4572 4566/31/3629 4843/32/3628
f 4118/17/3304 4844/18/4411 4120/19/4413 4119/20/4410
f 3736/17/3662 3735/18/3355 4844/19/4411 4118/20/3304
f 3735/25/3355 4535/26/3354 4005/27/3189 4844/28/4411
f 4565/17/3271 4119/18/4410 4117/19/4409 4846/20/3272
f 4113/29/3175 4847/30/3205 4116/31/4408 4114/32/4405
f 4005/17/3189 4848/18/3176 4115/19/4406 4006/20/4412
f 3639/17/4290 4849/18/4401 3641/19/4404 3640/20/3481
f 4006/21/4412 4115/22/4406 4849/23/4401 3639/24/4290
f 4115/29/4406 4114/30/4405 4112/31/4402 4849/32/4401
f 4108/29/4394 4850/30/4397 4111/31/4400 4109/32/4395
f 4016/21/4385 4015/22/4298 4850/23/4397 4108/24/4394
f 4015/25/4298 3644/26/3043 4011/27/4398 4850/28/4397
f 3737/25/3342 4851/26/4393 4110/27/4396 3738/28/3642
f 3493/29/3341 3645/30/4386 4851/31/4393 3737/32/3342
f 3645/17/4386 4016/18/4385 4108/19/4394 4851/20/4393
f 3738/29/3642 4110/30/4396 4852/31/3036 4507/32/3035
f 4110/29/4396 4109/30/4395 4107/31/4392 4852/32/3036
f 4103/17/4388 4853/18/3005 4106/19/4391 4104/20/4389
f 3744/17/4627 3743/18/3019 4853/19/3005 4103/20/4388
f 3825/17/3869 4854/18/4387 4105/19/4390 3826/20/3201
f 3418/29/3868 3420/30/4628 4854/31/4387 3825/32/3869
f 3420/29/4628 3744/30/4627 4103/31/4388 4854/32/4387
f 3492/29/3202 4855/30/4383 3645/31/4386 3493/32/3341
f 3826/25/3201 4105/26/4390 4855/27/4383 3492/28/3202
f 4105/21/4390 4104/22/4389 4102/23/4384 4855/24/4383
f 4098/17/4380 4856/18/4097 4101/19/4077 4099/20/4381
f 4022/21/4372 4021/22/4302 4856/23/4097 4098/24/4380
f 4021/17/4302 3648/18/3028 4555/19/3425 4856/20/4097
f 3745/21/3307 4857/22/4379 4100/23/4382 3746/24/3622
f 3495/17/3306 3649/18/4373 4857/19/4379 3745/20/3307
f 3649/17/4373 4022/18/4372 4098/19/4380 4857/20/4379
f 3746/17/3622 4100/18/4382 4858/19/4088 4508/20/4063
f 4100/29/4382 4099/30/4381 4563/31/4074 4858/32/4088
f 4094/17/4374 4859/18/4377 4097/19/4378 4095/20/4375
f 3750/25/4644 3749/26/4218 4859/27/4377 4094/28/4374
f 3749/17/4218 3578/18/3424 4019/19/3423 4859/20/4377
f 3827/29/3975 4860/30/4073 4096/31/4376 3828/32/3171
f 4509/29/3154 3750/30/4644 4094/31/4374 4860/32/4073
f 3494/21/3172 4861/22/4370 3649/23/4373 3495/24/3306
f 3828/17/3171 4096/18/4376 4861/19/4370 3494/20/3172
f 4096/29/4376 4095/30/4375 4093/31/4371 4861/32/4370
f 4089/25/4368 4862/26/4369 4092/27/3223 4090/28/3242
f 3756/17/4665 3755/18/4214 4862/19/4369 4089/20/4368
f 3755/25/4214 3501/26/3437 4023/27/3704 4862/28/4369
f 3831/29/4653 4863/30/4367 4091/31/3241 3832/32/3435
f 3422/21/4141 3424/22/4666 4863/23/4367 3831/24/4653
f 3424/21/4666 3756/22/4665 4089/23/4368 4863/24/4367
f 3501/29/3437 3500/30/3436 4864/31/3929 4023/32/3704
f 4086/17/3888 4865/18/4365 4088/19/3335 4087/20/4069
f 4028/29/4363 4027/30/4306 4865/31/4365 4086/32/3888
f 4027/29/4306 3651/30/4305 4025/31/4366 4865/32/4365
f 3503/25/4212 3652/26/4364 4866/27/3887 4536/28/3161
f 3652/17/4364 4028/18/4363 4086/19/3888 4866/20/3887
f 3502/25/4211 4867/26/4361 3652/27/4364 3503/28/4212
f 4083/29/3098 4082/30/3375 4867/31/4361 3502/32/4211
f 4082/21/3375 4085/22/3374 4081/23/4362 4867/24/4361
f 3650/29/4304 4868/30/3740 3653/31/4360 3651/32/4305
f 4080/29/3364 4079/30/3758 4868/31/3740 3650/32/4304
f 4071/29/4351 4870/30/4354 4074/31/4357 4072/32/4352
f 3762/25/4756 3761/26/4184 4870/27/4354 4071/28/4351
f 3761/17/4184 3511/18/4183 4033/19/4355 4870/20/4354
f 3835/29/4735 4871/30/4350 4073/31/4353 3836/32/4736
f 3426/21/4143 3428/22/4757 4871/23/4350 3835/24/4735
f 3428/25/4757 3762/26/4756 4071/27/4351 4871/28/4350
f 3506/25/4191 4872/26/4348 3657/27/4051 3507/28/2987
f 3836/17/4736 4073/18/4353 4872/19/4348 3506/20/4191
f 4073/29/4353 4072/30/4352 4070/31/4349 4872/32/4348
f 4033/21/4355 4873/22/4346 4069/23/4347 4034/24/4356
f 3511/25/4183 3510/26/4895 4873/27/4346 4033/28/4355
f 3510/21/4895 4429/22/3626 4067/23/4066 4873/24/4346
f 3655/29/4313 4874/30/3046 3658/31/3086 3656/32/3227
f 4034/21/4356 4069/22/4347 4874/23/3046 3655/24/4313
f 4069/17/4347 4068/18/4072 4562/19/3047 4874/20/3046
f 4064/29/3138 4875/30/4342 4066/31/4345 4065/32/3139
f 3768/29/4103 3767/30/4170 4875/31/4342 4064/32/3138
f 3767/17/4170 3515/18/4169 4037/19/4343 4875/20/4342
f 4060/21/4335 4876/22/4338 4063/23/4341 4061/24/4336
f 3844/17/4877 3843/18/4148 4876/19/4338 4060/20/4335
f 3843/25/4148 3393/26/4147 3777/27/4339 4876/28/4338
f 4037/25/4343 4877/26/4334 4062/27/4337 4038/28/4344
f 3515/21/4169 3514/22/4878 4877/23/4334 4037/24/4343
f 3514/29/4878 3844/30/4877 4060/31/4335 4877/32/4334
f 4038/29/4344 4062/30/4337 4878/31/4013 4527/32/3344
f 4062/17/4337 4061/18/4336 4560/19/3388 4878/20/4013
f 4042/29/4328 4041/30/4317 4879/31/4005 4559/32/3991
f 4041/21/4317 3660/22/4316 4556/23/3889 4879/24/4005
f 3517/29/4167 3661/30/4329 4880/31/3990 4538/32/3997
f 3661/21/4329 4042/22/4328 4559/23/3991 4880/24/3990
f 4056/29/3932 4881/30/3958 4059/31/4333 4057/32/4330
f 3845/25/3589 4882/26/3933 4058/27/4331 3846/28/4818
f 3516/21/4166 4883/22/4326 3661/23/4329 3517/24/4167
f 3846/17/4818 4058/18/4331 4883/19/4326 3516/20/4166
f 4058/17/4331 4057/18/4330 4055/19/4327 4883/20/4326
f 4039/25/3904 4884/26/3903 4052/27/3910 4040/28/4332
f 3659/25/4315 4885/26/4322 3662/27/4325 3660/28/4316
f 4040/17/4332 4052/18/3910 4885/19/4322 3659/20/4315
f 4052/25/3910 4054/26/3257 4051/27/4323 4885/28/4322
f 3774/25/4861 3773/26/4155 4886/27/3819 4557/28/3778
f 3773/17/4155 3521/18/4154 4045/19/4321 4886/20/3819
f 3433/29/4151 3435/30/4862 4887/31/3777 4543/32/3784
f 3435/17/4862 3774/18/4861 4557/19/3778 4887/20/3777
f 4047/17/4319 4888/18/4320 4050/19/3039 4048/20/3055
f 3850/25/4866 3849/26/4152 4888/27/4320 4047/28/4319
f 3849/25/4152 3391/26/3548 3775/27/3261 4888/28/4320
f 4045/29/4321 4889/30/4318 4049/31/3054 4046/32/3016
f 3521/17/4154 3520/18/4867 4889/19/4318 4045/20/4321
f 3520/29/4867 3850/30/4866 4047/31/4319 4889/32/4318
f 4051/21/4323 4890/22/3498 4043/23/3115 4044/24/4324
f 4054/29/3257 4053/30/3256 4890/31/3498 4051/32/4323
f 4055/25/4327 4891/26/4314 4041/27/4317 4042/28/4328
f 4057/25/4330 4059/26/4333 4891/27/4314 4055/28/4327
f 4059/17/4333 4040/18/4332 3659/19/4315 4891/20/4314
f 4061/17/4336 4063/18/4341 4892/19/3379 4560/20/3388
f 4063/17/4341 3778/18/4340 4511/19/3380 4892/20/3379
f 4065/29/3139 4066/30/4345 4893/31/3343 4561/32/3356
f 4066/29/4345 4038/30/4344 4527/31/3344 4893/32/3343
f 4070/25/4349 4894/26/4312 4035/27/3226 4036/28/3584
f 4072/25/4352 4074/26/4357 4894/27/4312 4070/28/4349
f 4074/29/4357 4034/30/4356 3655/31/4313 4894/32/4312
f 4075/17/3412 4895/18/4308 4031/19/4311 4032/20/4358
f 4077/29/4047 4076/30/4045 4895/31/4308 4075/32/3412
f 4076/29/4045 4300/30/4012 3446/31/4309 4895/32/4308
f 4078/29/3739 4896/30/4114 4029/31/4307 4030/32/4359
f 4081/25/4362 4897/26/4303 4027/27/4306 4028/28/4363
f 4085/21/3374 4084/22/3365 4897/23/4303 4081/24/4362
f 4084/21/3365 4080/22/3364 3650/23/4304 4897/24/4303
f 4093/25/4371 4898/26/4301 4021/27/4302 4022/28/4372
f 4095/17/4375 4097/18/4378 4898/19/4301 4093/20/4371
f 4097/21/4378 4020/22/3744 3647/23/3029 4898/24/4301
f 4099/25/4381 4101/26/4077 4899/27/4075 4563/28/4074
f 4564/29/3049 4312/30/3048 3442/31/4299 4900/32/4065
f 4102/17/4384 4901/18/4297 4015/19/4298 4016/20/4385
f 4104/17/4389 4106/18/4391 4901/19/4297 4102/20/4384
f 4106/29/4391 4014/30/3768 3643/31/3073 4901/32/4297
f 4107/29/4392 4902/30/4295 3711/31/3635 3712/32/3880
f 4109/21/4395 4111/22/4400 4902/23/4295 4107/24/4392
f 4111/21/4400 4012/22/4399 3642/23/4296 4902/24/4295
f 4112/17/4402 4903/18/4291 4009/19/4294 4010/20/4403
f 4114/17/4405 4116/18/4408 4903/19/4291 4112/20/4402
f 4116/21/4408 3788/22/4407 3454/23/4292 4903/24/4291
f 4117/25/4409 4904/26/4289 4007/27/3480 4008/28/3786
f 4119/17/4410 4120/18/4413 4904/19/4289 4117/20/4409
f 4120/17/4413 4006/18/4412 3639/19/4290 4904/20/4289
f 4121/17/3721 4905/18/3986 3715/19/3610 3716/20/4414
f 4567/17/3935 4004/18/3860 3638/19/4287 4906/20/3936
f 4122/17/4417 4907/18/3914 4001/19/3588 4002/20/4418
f 4124/21/4421 4126/22/3915 4907/23/3914 4122/24/4417
f 4127/17/4423 4908/18/4286 3699/19/3847 3700/20/3165
f 4129/29/4426 4131/30/4429 4908/31/4286 4127/32/4423
f 4131/25/4429 4000/26/3872 3635/27/3211 4908/28/4286
f 4135/25/4430 4136/26/4434 4909/27/3770 4568/28/3123
f 4136/21/4434 3994/22/4433 4524/23/3771 4909/24/3770
f 4137/17/4436 4910/18/4284 3697/19/4285 3698/20/4437
f 4139/29/4441 4141/30/4444 4910/31/4284 4137/32/4436
f 4141/29/4444 3990/30/3021 3629/31/3020 4910/32/4284
f 4142/17/4446 4911/18/4280 3987/19/4283 3988/20/4447
f 4144/17/4451 4146/18/3680 4911/19/4280 4142/20/4446
f 4146/17/3680 4159/18/3249 3480/19/4281 4911/20/4280
f 4147/21/4454 4912/22/4276 3985/23/4279 3986/24/4455
f 4149/17/4457 4151/18/4461 4912/19/4276 4147/20/4454
f 4151/17/4461 3984/18/4460 3625/19/4277 4912/20/4276
f 4152/17/4463 4913/18/4274 3981/19/4275 3982/20/4464
f 4156/29/3276 4155/30/3275 4913/31/4274 4152/32/4463
f 4155/25/3275 4513/26/3696 3464/27/3695 4913/28/4274
f 4157/21/4467 4914/22/4270 3979/23/4273 3980/24/4468
f 4161/17/3229 4160/18/3228 4914/19/4270 4157/20/4467
f 4160/17/3228 4154/18/3286 3621/19/4271 4914/20/4270
f 4166/21/4473 4915/22/4266 3695/23/4269 3696/24/4474
f 4168/29/4476 4170/30/3783 4915/31/4266 4166/32/4473
f 4170/21/3783 4466/22/3782 3620/23/4267 4915/24/4266
f 4171/17/4478 4916/18/4262 3977/19/4265 3978/20/4479
f 4173/21/3057 4172/22/3056 4916/23/4262 4171/24/4478
f 4172/21/3056 3814/22/3762 3482/23/4263 4916/24/4262
f 4174/25/4481 4917/26/4258 3975/27/4261 3976/28/4482
f 4176/25/4484 4178/26/4487 4917/27/4258 4174/28/4481
f 4178/29/4487 3810/30/4486 3478/31/4259 4917/32/4258
f 4179/21/4489 4918/22/4254 3973/23/4257 3974/24/4490
f 4181/29/4492 4183/30/4495 4918/31/4254 4179/32/4489
f 4183/29/4495 3972/30/4494 3616/31/4255 4918/32/4254
f 4186/25/3573 4187/26/4499 4919/27/3071 4573/28/3070
f 4187/17/4499 3816/18/4498 3484/19/4252 4919/20/3071
f 4188/17/3439 4920/18/4248 3969/19/4251 3970/20/3113
f 4190/29/3438 4191/30/4503 4920/31/4248 4188/32/3439
f 4191/25/4503 3818/26/4502 3486/27/4249 4920/28/4248
f 4202/17/4512 4921/18/4246 3967/19/4247 3968/20/4513
f 4204/25/4517 4206/26/4520 4921/27/4246 4202/28/4512
f 4206/17/4520 3966/18/3353 3612/19/3352 4921/20/4246
f 4207/17/4522 4922/18/4244 3691/19/4245 3692/20/4523
f 4209/21/4527 4211/22/4530 4922/23/4244 4207/24/4522
f 4211/17/4530 3964/18/3363 3610/19/3362 4922/20/4244
f 4212/29/4532 4923/30/4240 3961/31/4243 3962/32/4533
f 4215/17/3096 4214/18/3085 4923/19/4240 4212/20/4532
f 4214/17/3085 4228/18/3084 3488/19/4241 4923/20/4240
f 4216/29/4536 4924/30/4236 3959/31/4239 3960/32/4537
f 4218/25/4541 4220/26/4544 4924/27/4236 4216/28/4536
f 4220/17/4544 3958/18/4016 3606/19/4237 4924/20/4236
f 4221/29/4546 4925/30/4234 3729/31/4235 3730/32/4547
f 4223/29/4551 4225/30/4555 4925/31/4234 4221/32/4546
f 4225/29/4555 3956/30/3409 3604/31/3408 4925/32/4234
f 4226/29/4042 4926/30/4036 3953/31/4233 3954/32/4557
f 4230/17/4561 4232/18/4564 4927/19/4024 4576/20/4030
f 4232/17/4564 3952/18/3428 4522/19/3427 4927/20/4024
f 4233/21/3416 4929/22/3971 3949/23/4231 3950/24/4565
f 4234/17/3741 4930/18/3927 3945/19/4229 3946/20/4567
f 4236/29/4571 4932/30/4226 3733/31/3386 3734/32/4572
f 4238/29/4576 4240/30/4581 4932/31/4226 4236/32/4571
f 4240/17/4581 3942/18/4580 3591/19/3843 4932/20/4226
f 4242/17/4584 4244/18/4589 4933/19/3841 4578/20/3853
f 4244/29/4589 3824/30/4588 4517/31/3842 4933/32/3841
f 4246/29/4592 4248/30/4597 4934/31/3814 4579/32/3822
f 4248/21/4597 3940/22/4596 4521/23/3815 4934/24/3814
f 4250/17/4600 4252/18/3748 4935/19/3736 4580/20/3735
f 4253/29/4604 4936/30/4224 3935/31/4225 3936/32/4605
f 4255/17/4609 4257/18/4612 4936/19/4224 4253/20/4604
f 4257/25/4612 3934/26/3691 3588/27/3690 4936/28/4224
f 4258/29/4614 4937/30/4222 3685/31/4223 3686/32/4615
f 4260/17/4619 4262/18/4622 4937/19/4222 4258/20/4614
f 4262/29/4622 3932/30/3698 3586/31/3697 4937/32/4222
f 4263/17/3474 4938/18/3465 3741/19/4221 3742/20/4623
f 4264/21/4626 4939/22/3368 3743/23/3019 3744/24/4627
f 4266/17/4631 4268/18/3369 4939/19/3368 4264/20/4626
f 4269/17/4634 4940/18/4219 3927/19/4220 3928/20/4635
f 4271/17/4639 4273/18/4642 4940/19/4219 4269/20/4634
f 4273/17/4642 3926/18/3845 3579/19/3844 4940/20/4219
f 4274/29/4643 4941/30/4217 3749/31/4218 3750/32/4644
f 4276/21/4647 4278/22/4649 4941/23/4217 4274/24/4643
f 4278/29/4649 3924/30/3855 3577/31/3854 4941/32/4217
f 4284/21/4656 4286/22/4661 4942/23/4116 4581/24/3361
f 4286/25/4661 3922/26/4660 4520/27/3234 4942/28/4116
f 4287/29/3791 4943/30/4101 3753/31/4216 3754/32/4662
f 4288/17/4664 4944/18/4082 3755/19/4214 3756/20/4665
f 4290/17/4669 4292/18/3995 4944/19/4082 4288/20/4664
f 4293/17/4672 4945/18/4210 3917/19/4213 3918/20/4673
f 4297/25/3105 4296/26/3099 4945/27/4210 4293/28/4672
f 4296/21/3099 4083/22/3098 3502/23/4211 4945/24/4210
f 4298/29/4676 4946/30/4206 3915/31/4209 3916/32/4677
f 4302/21/3077 4301/22/3066 4946/23/4206 4298/24/4676
f 4301/21/3066 4295/22/3065 3569/23/4207 4946/24/4206
f 4308/17/4684 4947/18/4202 3913/19/4205 3914/20/4685
f 4310/29/4688 4313/30/4692 4947/31/4202 4308/32/4684
f 4313/17/4692 3912/18/4691 3565/19/4203 4947/20/4202
f 4314/29/4694 4948/30/4200 3679/31/3920 3680/32/3373
f 4316/17/4697 4318/18/4702 4948/19/4200 4314/20/4694
f 4318/29/4702 3910/30/4701 3564/31/4201 4948/32/4200
f 4319/25/4704 4949/26/3939 3907/27/3945 3908/28/4705
f 4321/21/4709 4323/22/3772 4949/23/3939 4319/24/4704
f 4324/25/4711 4950/26/4196 3905/27/4199 3906/28/4712
f 4326/17/4713 4327/18/4717 4950/19/4196 4324/20/4711
f 4327/25/4717 3904/26/4716 3559/27/4197 4950/28/4196
f 4328/17/4718 4951/18/4192 3757/19/4195 3758/20/4719
f 4330/17/4722 4332/18/4727 4951/19/4192 4328/20/4718
f 4332/21/4727 3902/22/4726 3558/23/4193 4951/24/4192
f 4333/17/4729 4952/18/4190 3899/19/2986 3900/20/3332
f 4335/29/4732 4337/30/4737 4952/31/4190 4333/32/4729
f 4337/17/4737 3836/18/4736 3506/19/4191 4952/20/4190
f 4339/17/4740 4341/18/4745 4953/19/3840 4584/20/3839
f 4341/29/4745 3898/30/4744 3555/31/4189 4953/32/3840
f 4342/29/3723 4954/30/3714 3759/31/4188 3760/32/4746
f 4346/17/4752 4348/18/3186 4955/19/3661 4343/20/3605
f 4585/29/3310 3894/30/4755 3551/31/4185 4956/32/3632
f 4349/17/3320 4957/18/4181 3761/19/4184 3762/20/4756
f 4351/21/3515 4352/22/4761 4957/23/4181 4349/24/3320
f 4352/21/4761 3892/22/4760 3550/23/4182 4957/24/4181
f 4353/25/4763 4958/26/3578 3889/27/3585 3890/28/4764
f 4355/29/4768 4357/30/3579 4958/31/3578 4353/32/4763
f 4586/17/3501 3886/18/4771 3546/19/4179 4959/20/3502
f 4358/29/4773 4960/30/4177 3881/31/4178 3882/32/4774
f 4360/21/4778 4362/22/4781 4960/23/4177 4358/24/4773
f 4362/17/4781 3880/18/3574 3542/19/4049 4960/20/4177
f 4363/17/4783 4961/18/4175 3675/19/4176 3676/20/4784
f 4365/21/4788 4367/22/4791 4961/23/4175 4363/24/4783
f 4367/21/4791 3878/22/3582 3540/23/4050 4961/24/4175
f 4368/17/4793 4962/18/4173 3875/19/4174 3876/20/4794
f 4370/29/4798 4372/30/4801 4962/31/4173 4368/32/4793
f 4372/17/4801 3874/18/3596 3537/19/4054 4962/20/4173
f 4373/29/4803 4963/30/4171 3765/31/4172 3766/32/4804
f 4375/17/4808 4377/18/4811 4963/19/4171 4373/20/4803
f 4377/29/4811 3872/30/3606 3535/31/4059 4963/32/4171
f 4378/29/4108 4964/30/4112 3767/31/4170 3768/32/4103
f 4379/29/4813 4965/30/4165 3869/31/4168 3870/32/4814
f 4381/17/4816 4383/18/4819 4965/19/4165 4379/20/4813
f 4383/21/4819 3846/22/4818 3516/23/4166 4965/24/4165
f 4384/29/4821 4966/30/4161 3867/31/4164 3868/32/4822
f 4386/29/4824 4388/30/4827 4966/31/4161 4384/32/4821
f 4388/29/4827 3866/30/4826 3530/31/4162 4966/32/4161
f 4389/29/4828 4967/30/4160 3665/31/3960 3666/32/3484
f 4391/29/4830 4392/30/4832 4967/31/4160 4389/32/4828
f 4392/17/4832 3864/18/3692 3528/19/2981 4967/20/4160
f 4394/21/4835 4396/22/4838 4968/23/4090 4588/24/3878
f 4396/25/4838 3862/26/3725 4518/27/4086 4968/28/4090
f 4397/17/4840 4969/18/4158 3857/19/4159 3858/20/4841
f 4399/25/4845 4401/26/4848 4969/27/4158 4397/28/4840
f 4401/21/4848 3856/22/3810 3524/23/3121 4969/24/4158
f 4402/17/4850 4970/18/4156 3771/19/2974 3772/20/3315
f 4404/21/4853 4406/22/4858 4970/23/4156 4402/24/4850
f 4406/25/4858 3854/26/4857 3523/27/4157 4970/28/4156
f 4407/17/4860 4971/18/4153 3773/19/4155 3774/20/4861
f 4409/21/4863 4411/22/4865 4971/23/4153 4407/24/4860
f 4411/29/4865 3852/30/3848 3522/31/3608 4971/32/4153
f 4412/25/3601 4972/26/3943 3849/27/4152 3850/28/4866
f 4413/25/4869 4973/26/4149 3847/27/3858 3848/28/3857
f 4415/17/4872 4417/18/4876 4973/19/4149 4413/20/4869
f 4417/17/4876 3770/18/4875 3432/19/4150 4973/20/4149
f 4418/21/3866 4974/22/3863 3843/23/4148 3844/24/4877
f 4419/25/4879 4975/26/4145 3841/27/4146 3842/28/4880
f 4421/29/4883 4422/30/4885 4975/31/4145 4419/32/4879
f 4422/29/4885 3764/30/3429 3429/31/4019 4975/32/4145
f 4423/29/4887 4976/30/3749 3781/31/3657 3782/32/4888
f 4425/29/4892 4427/30/3750 4976/31/3749 4423/32/4887
f 4433/29/3640 4977/30/3634 3837/31/4144 3838/32/4898
f 4442/21/3322 4978/22/3319 3833/23/4142 3834/24/4905
f 4444/29/4909 4446/30/4914 4979/31/3151 4593/32/3155
f 4446/25/4914 3714/26/4913 3400/27/3152 4979/28/3151
f 4447/25/4915 4980/26/4137 3821/27/4140 3822/28/3266
f 4449/25/4918 4451/26/4922 4980/27/4137 4447/28/4915
f 4451/29/4922 3732/30/4921 3414/31/4138 4980/32/4137
f 4452/25/3094 4981/26/3083 3791/27/4136 3792/28/4923
f 4457/29/3141 4982/30/4131 3819/31/4134 3820/32/3550
f 4459/25/3140 4460/26/4932 4982/27/4131 4457/28/3141
f 4460/25/4932 3726/26/4931 3409/27/4132 4982/28/4131
f 4464/17/4937 4983/18/4127 3793/19/4130 3794/20/4938
f 4468/25/4018 4467/26/4017 4983/27/4127 4464/28/4937
f 4467/25/4017 4133/26/3655 3408/27/4128 4983/28/4127
f 4475/21/4944 4984/22/4126 3811/23/3954 3812/24/3467
f 4477/17/4947 4479/18/4950 4984/19/4126 4475/20/4944
f 4479/29/4950 3664/30/3492 3365/31/3491 4984/32/4126
f 4480/17/4952 4985/18/4122 3805/19/4125 3806/20/4953
f 4482/17/4955 4484/18/4958 4985/19/4122 4480/20/4952
f 4484/17/4958 3672/18/4957 3369/19/4123 4985/20/4122
f 4485/25/4960 4986/26/4120 3799/27/3985 3800/28/3543
f 4487/25/4963 4489/26/4968 4986/27/4120 4485/28/4960
f 4489/17/4968 3674/18/4967 3371/19/4121 4986/20/4120
f 4494/25/4973 4987/26/4119 3795/27/3170 3796/28/4974
f 4496/25/4977 4499/26/4979 4987/27/4119 4494/28/4973
f 4499/17/4979 3678/18/3384 3375/19/3383 4987/20/4119
o collidable.002
v 7.611170 1.605047 37.181847
v 11.046945 3.037738 39.529816
v 6.253178 2.952616 41.160397
v 4.066859 3.373197 37.070232
v 6.318804 3.097744 33.087761
v 9.850641 3.806529 35.728043
v 8.794521 6.461105 40.140369
v 4.983281 6.603706 38.964390
v 4.904007 6.764892 35.051704
v 8.464928 6.700949 33.623226
v 12.298753 7.413751 37.054718
v 7.633830 9.095959 36.883514
v 6.833753 1.527576 39.098930
v 9.285323 1.824085 38.199360
v 8.406556 3.216627 39.961224
v 11.411526 2.662407 37.019970
v 9.268942 1.512446 35.816570
v 5.914141 2.375176 37.206619
v 4.396337 2.650633 39.349892
v 7.013455 1.919991 35.189594
v 5.454609 3.657298 35.470303
v 8.683132 2.835066 33.576138
v 11.265907 5.043298 38.430271
v 11.188098 5.120021 35.866280
v 7.551520 5.093742 41.448692
v 9.975760 5.232187 40.294666
v 4.217523 5.001613 38.280121
v 4.793308 5.152775 40.908676
v 5.249475 5.089393 33.844482
v 4.702209 5.041063 36.002987
v 9.544027 5.159275 34.143425
v 7.698257 5.112840 33.175934
v 9.862919 6.998520 38.815472
v 6.762369 6.406075 39.314789
v 4.951230 6.663530 37.056526
v 6.471469 7.428059 33.496880
v 10.108614 7.038772 35.361519
v 8.182110 8.136100 38.824364
v 9.632854 8.402141 37.064011
v 6.227368 7.766555 37.984753
v 6.215031 8.496218 35.796715
v 8.079796 8.568963 35.102737
v 7.240520 0.954740 38.090302
v 10.228619 2.538314 38.711876
v 7.502556 2.824717 40.908398
v 11.586103 2.646880 38.498100
v 9.448130 2.993158 35.881126
v 6.823048 2.002939 37.282803
v 4.346240 3.221795 38.096413
v 7.442934 2.090486 36.275742
v 6.122424 3.616411 34.503654
v 8.875530 3.669432 35.103443
v 11.752548 3.933641 39.230812
v 12.002182 6.240434 36.379333
v 6.917846 4.060084 40.598263
v 9.599491 6.275231 41.066227
v 4.121530 4.085134 37.696735
v 4.657187 6.133716 39.993229
v 5.853682 4.108617 33.481384
v 4.960195 5.862180 35.577126
v 9.512914 4.507229 35.160652
v 8.332462 6.277428 32.419891
v 9.658459 7.209802 40.083241
v 5.798090 6.479164 39.204372
v 5.220894 6.532002 36.111538
v 7.636405 7.376475 33.055252
v 11.315589 7.384837 36.033726
v 8.585423 7.144801 39.297157
v 8.646714 9.274078 37.068871
v 5.837019 6.939980 38.368820
v 5.757648 7.295540 35.518089
v 8.040117 7.229486 34.667889
v 6.553763 2.365791 40.106941
v 8.283146 1.624947 37.607113
v 9.520897 3.359449 39.296917
v 10.866116 3.075325 35.882286
v 8.391060 1.348912 36.449192
v 5.268669 3.208838 37.226276
v 5.234199 2.681122 40.503063
v 6.854949 2.717266 34.232254
v 5.061407 3.716642 36.380127
v 7.472912 2.944236 33.256992
v 12.069311 6.211011 37.786331
v 10.642893 4.204377 35.556309
v 8.260970 6.098711 41.164776
v 10.238989 4.310385 39.341919
v 4.685805 5.898492 38.708599
v 5.424248 3.906275 41.250343
v 5.186820 5.971752 34.592957
v 4.606019 4.204957 36.609665
v 9.128329 5.952153 33.615303
v 6.859691 3.972082 32.625179
v 11.092558 7.175460 37.890255
v 7.783782 6.459120 39.754158
v 5.065954 6.585074 38.014671
v 5.729492 6.925900 34.544964
v 8.990204 6.514488 34.876823
v 7.891505 8.589931 37.889931
v 11.066844 8.179199 37.014267
v 6.943810 7.991158 37.212288
v 6.725291 9.423723 36.316410
v 7.948842 9.729630 35.921352
v 8.948694 8.608491 36.061085
v 10.285203 8.248717 35.892799
v 9.088985 7.613209 35.416473
v 6.967911 9.339670 35.005829
v 7.252060 8.415213 33.923767
v 6.288020 8.118866 34.614120
v 6.076676 8.219937 36.897400
v 5.362840 7.561352 36.505569
v 5.687109 7.202503 37.469322
v 7.135698 7.517254 38.184902
v 6.430899 7.329387 38.852154
v 7.440224 6.981197 38.860985
v 9.098080 8.870871 38.235600
v 9.474060 8.257516 39.285072
v 10.114815 8.107124 38.134777
v 10.814320 6.134804 35.578979
v 10.180688 5.179296 35.287720
v 9.832453 5.998023 34.773178
v 7.024881 6.305867 33.082947
v 6.426228 5.085067 33.504803
v 5.936688 6.140482 33.795715
v 4.609468 5.948234 36.556053
v 4.854603 5.067613 37.132309
v 4.685061 5.924644 37.591141
v 5.786901 6.053656 40.358589
v 6.265702 5.043268 40.706127
v 7.171492 5.763325 40.278389
v 10.262796 6.152983 39.915783
v 11.297465 5.172446 39.731270
v 10.783879 5.988793 38.626003
v 8.934656 5.056695 32.851818
v 8.806684 4.266109 34.087936
v 8.166994 3.954931 33.097813
v 4.740722 5.013183 34.881718
v 5.110385 4.219678 34.495224
v 4.526630 4.166634 35.470631
v 4.281969 5.057877 39.529522
v 3.774789 3.907341 38.955818
v 4.801398 3.953422 39.955666
v 8.765979 5.199593 40.909794
v 8.086062 4.075139 40.709663
v 9.166296 4.159476 40.147549
v 10.834254 5.220779 37.147144
v 11.148211 3.820096 37.886742
v 10.570126 4.001041 36.548389
v 8.486826 2.525816 35.114555
v 8.136889 1.295867 35.238434
v 7.822270 1.988213 34.158562
v 6.390265 3.055161 35.493999
v 6.438155 2.333225 36.250408
v 5.673451 2.909856 36.268505
v 5.091559 2.212722 38.252907
v 6.076907 1.414981 38.250034
v 5.382710 1.606335 39.486927
v 10.061572 2.495339 36.600918
v 10.496385 2.026814 37.717548
v 9.372114 1.583649 37.053452
v 7.801335 2.157286 39.847702
v 7.989102 1.898466 38.575352
v 8.826786 2.599980 38.987389
vn 0.3175 -0.8276 -0.4629
vn 0.1370 -0.9005 0.4127
vn -0.4113 -0.6534 -0.6355
vn -0.4573 -0.8164 -0.3525
vn -0.5488 -0.7750 -0.3133
vn 0.7397 -0.4027 0.5391
vn 0.2191 0.3339 0.9168
vn -0.9606 -0.1384 0.2411
vn -0.9033 -0.4279 0.0315
vn 0.5388 -0.3578 -0.7626
vn 0.1265 0.2230 0.9666
vn 0.3684 0.2354 0.8994
vn -0.8633 0.3691 -0.3441
vn -0.6483 -0.0018 -0.7614
vn 0.1222 -0.5884 -0.7993
vn -0.4906 0.6133 0.6190
vn -0.0083 0.8758 0.4826
vn -0.6236 0.7034 0.3410
vn 0.6692 0.7363 -0.1004
vn 0.4748 0.7389 -0.4781
vn 0.6342 0.7188 -0.2847
vn 0.2622 0.9648 0.0197
vn 0.1883 0.4193 -0.8881
vn 0.4427 0.5496 -0.7085
vn 0.5313 0.7080 -0.4653
vn -0.8257 0.4091 -0.3885
vn -0.8784 0.4779 0.0095
vn -0.7014 0.7071 0.0893
vn -0.6345 0.7604 0.1382
vn 0.1572 0.8997 0.4073
vn 0.1545 0.8964 0.4155
vn -0.2824 0.7769 0.5627
vn -0.3288 0.8053 0.4934
vn -0.2722 0.7851 0.5564
vn 0.5295 0.3533 0.7713
vn 0.5603 -0.0280 -0.8278
vn 0.4942 -0.0634 -0.8670
vn 0.8485 0.0986 -0.5199
vn -0.4351 -0.3115 -0.8448
vn -0.2405 -0.2096 -0.9478
vn -0.7008 0.4319 -0.5678
vn -0.9320 0.1144 -0.3440
vn -0.9738 -0.1823 0.1357
vn -0.8886 0.4585 0.0113
vn -0.1899 0.6557 0.7308
vn 0.1538 0.3858 0.9097
vn -0.6131 0.5833 0.5328
vn 0.8618 -0.0615 0.5034
vn 0.3896 0.2440 0.8881
vn 0.5324 0.0974 0.8409
vn 0.8847 0.1765 -0.4314
vn 0.7439 -0.5953 -0.3037
vn 0.2184 -0.2964 -0.9297
vn -0.8693 0.2824 -0.4056
vn -0.8755 -0.1918 -0.4435
vn -0.4758 -0.8668 -0.1491
vn -0.8911 0.4531 0.0256
vn -0.9200 0.3907 0.0299
vn -0.8085 -0.0220 0.5880
vn 0.4076 -0.0299 0.9127
vn 0.4016 -0.3903 0.8285
vn 0.4838 -0.5278 0.6981
vn 0.6880 -0.6506 -0.3214
vn 0.9487 0.0476 -0.3126
vn 0.8572 0.4518 -0.2470
vn 0.6357 -0.0433 -0.7707
vn 0.4768 -0.2213 -0.8507
vn -0.5516 -0.6836 -0.4780
vn -0.8797 -0.4267 -0.2097
vn -0.8646 -0.3896 -0.3171
vn -0.7842 -0.6038 -0.1429
vn -0.6479 -0.4878 -0.5851
vn -0.5366 -0.6610 -0.5245
vn 0.1349 -0.7431 0.6554
vn 0.2415 -0.8693 -0.4313
vn 0.2472 -0.8554 -0.4552
vn 0.0697 -0.9752 0.2099
vn 0.0046 -0.7683 0.6401
vn 0.3932 -0.8879 0.2386
vn 0.1138 -0.6740 0.7299
vn 0.4467 -0.6561 0.6082
vn 0.1479 -0.4862 0.8613
vn -0.2494 -0.6953 0.6741
vn 0.6799 -0.4505 0.5786
vn 0.5494 -0.7992 0.2437
vn 0.1778 -0.6475 0.7410
vn 0.0092 -0.8724 0.4886
vn -0.0328 -0.8501 0.5256
vn 0.7276 -0.4693 0.5003
vn 0.2099 -0.9770 0.0387
vn 0.0846 -0.9675 0.2385
vn -0.1110 -0.9690 0.2207
vn 0.7899 -0.6125 -0.0306
vn 0.5560 -0.6668 -0.4963
vn 0.2445 -0.9451 0.2168
vn 0.0118 -0.1906 -0.9816
vn 0.0470 -0.8024 -0.5950
vn 0.7388 -0.0601 -0.6712
vn -0.6627 -0.5608 0.4963
vn 0.0560 -0.6818 0.7294
vn -0.0690 -0.8798 0.4704
vn -0.7048 -0.6883 -0.1719
vn -0.6132 -0.7566 -0.2271
vn -0.0150 -0.9894 0.1446
vn -0.1202 -0.9863 -0.1128
vn -0.5865 -0.5284 -0.6139
vn -0.7618 -0.6004 -0.2431
vn -0.7793 -0.5496 -0.3010
vn -0.7973 -0.5834 -0.1548
vn -0.0524 -0.8619 -0.5044
vn -0.4441 -0.7115 -0.5445
vn -0.4984 -0.6427 -0.5818
vn -0.5814 -0.7620 -0.2852
vn -0.7480 -0.6499 0.1343
vn -0.7875 -0.6027 -0.1286
vn -0.5076 -0.8012 -0.3168
vn 0.1377 -0.6525 -0.7452
vn -0.5447 -0.6721 -0.5016
vn -0.0866 -0.9568 -0.2775
vn 0.6789 -0.7317 -0.0605
vn 0.8546 -0.2868 -0.4328
vn -0.4333 -0.8108 -0.3936
vn 0.5330 -0.4037 -0.7436
vn 0.6734 -0.2357 -0.7007
vn 0.9455 -0.3208 0.0562
vn 0.8644 -0.5013 -0.0394
vn 0.9673 0.2250 0.1171
vn -0.0624 -0.2882 -0.9555
vn 0.9027 -0.3307 0.2754
vn 0.9178 -0.0039 -0.3970
vn 0.8504 0.4254 -0.3098
vn 0.9748 -0.2170 -0.0510
vn 0.6394 -0.7675 -0.0466
vn 0.7249 -0.6416 0.2507
vn 0.5607 -0.5123 0.6506
vn 0.5727 -0.4644 0.6755
vn -0.1387 0.0579 0.9886
vn 0.4191 -0.4262 0.8017
vn 0.4458 -0.4111 0.7951
vn 0.4309 -0.4962 0.7537
vn -0.1049 0.9535 0.2826
vn 0.1003 -0.2189 0.9706
vn 0.4167 -0.4387 0.7962
vn -0.8571 -0.3240 0.4005
vn -0.8962 -0.1213 0.4267
vn -0.4061 -0.4291 0.8068
vn -0.8923 -0.2845 0.3504
vn -0.6956 -0.0507 0.7166
vn -0.6902 -0.1174 0.7141
vn -0.9041 0.4163 -0.0964
vn -0.9284 0.3612 -0.0868
vn -0.9262 0.1804 0.3310
vn -0.9852 0.1593 0.0633
vn -0.7120 -0.6984 0.0731
vn -0.5402 -0.1117 -0.8341
vn -0.9748 0.2194 -0.0389
vn -0.8457 -0.1437 -0.5139
vn -0.4562 -0.8310 -0.3182
vn -0.9499 -0.1993 -0.2409
vn -0.9121 0.3737 -0.1684
vn -0.9590 0.2806 -0.0399
vn 0.3356 0.1980 -0.9210
vn 0.3138 -0.3543 -0.8809
vn 0.0610 -0.4960 -0.8662
vn -0.2550 -0.0380 -0.9662
vn 0.7502 -0.5896 -0.2994
vn 0.8130 0.1326 -0.5669
vn 0.7121 0.6341 -0.3015
vn 0.8370 0.2387 -0.4923
vn -0.2472 -0.4293 -0.8687
vn 0.5333 0.3412 0.7741
vn 0.4594 0.3787 0.8035
vn 0.4705 0.3913 0.7909
vn 0.7410 0.6349 0.2186
vn 0.6929 0.6951 0.1915
vn 0.8831 0.4642 -0.0675
vn -0.5139 0.6369 0.5747
vn 0.8127 0.3972 0.4264
vn 0.8706 0.4885 0.0590
vn -0.3022 0.7288 0.6144
vn -0.5375 0.7554 0.3748
vn -0.1091 0.9536 0.2805
vn 0.2065 0.8522 0.4807
vn 0.1323 0.3779 0.9163
vn -0.3464 0.7613 0.5481
vn 0.0152 0.9077 0.4194
vn -0.0452 0.9375 0.3452
vn 0.0315 0.9377 0.3460
vn -0.8941 0.4247 0.1418
vn -0.8695 0.4937 0.0121
vn -0.9062 0.4138 -0.0870
vn -0.9193 0.3861 0.0759
vn -0.9716 -0.2274 0.0658
vn -0.8733 0.0842 -0.4799
vn -0.9435 0.1209 0.3087
vn -0.7658 0.5559 -0.3232
vn -0.7635 0.5731 -0.2976
vn -0.8429 0.2381 -0.4826
vn -0.7134 0.3760 -0.5914
vn -0.5415 0.2679 -0.7969
vn -0.5514 0.0355 -0.8335
vn -0.5454 -0.0221 -0.8379
vn -0.2743 0.1352 -0.9521
vn 0.7179 0.6282 -0.3001
vn -0.4365 0.2268 -0.8706
vn -0.3426 0.1718 -0.9237
vn 0.1686 0.4508 -0.8766
vn 0.4672 0.8255 -0.3168
vn 0.7308 0.6497 -0.2096
vn 0.5868 0.2749 -0.7617
vn 0.6382 -0.1963 -0.7444
vn 0.8715 0.0652 -0.4860
vn 0.7005 0.2147 -0.6806
vn 0.5520 0.0806 -0.8299
vn 0.4509 0.1399 -0.8816
vn 0.1573 0.9679 0.1959
vn 0.6358 0.5167 0.5734
vn 0.3613 0.6184 0.6979
vn 0.5969 0.8009 -0.0480
vn 0.5987 0.7662 0.2333
vn 0.8749 0.0930 0.4752
vn -0.2367 0.8424 0.4841
vn -0.3178 0.8515 0.4172
vn 0.6624 0.7491 0.0026
vn -0.3761 0.2697 0.8864
vn -0.3242 0.7571 0.5672
vn -0.2484 0.7213 0.6465
vn -0.6424 0.4327 0.6325
vn 0.2748 0.8098 0.5183
vn 0.1607 0.4877 0.8581
vn -0.6854 0.5648 0.4595
vn -0.6808 0.5966 0.4250
vn -0.6455 0.5886 0.4866
vn -0.8089 0.5144 0.2849
vn -0.5131 0.7972 0.3182
vn -0.3975 0.9161 -0.0526
vn -0.8127 0.4891 0.3166
vn -0.7273 0.5262 0.4406
vn -0.6781 0.5844 0.4457
vn -0.3452 0.4592 0.8185
vn -0.1748 0.5028 0.8466
vn 0.1092 0.9227 0.3696
vn -0.9048 0.3862 -0.1791
vn -0.8942 0.4265 -0.1361
vn -0.3673 0.8730 -0.3210
vn -0.8209 0.5274 -0.2190
vn -0.5960 0.5265 -0.6063
vn -0.5609 0.6598 -0.5001
vn -0.0351 0.8399 0.5416
vn -0.2749 0.9549 -0.1121
vn -0.8132 0.5515 -0.1859
vn 0.4985 0.2543 -0.8288
vn 0.4509 0.3605 -0.8165
vn 0.6150 0.7756 -0.1423
vn 0.6404 0.4791 -0.6003
vn 0.0421 0.5473 -0.8359
vn 0.1630 0.3766 -0.9119
vn -0.2363 0.8452 0.4793
vn 0.7436 0.6384 -0.1988
vn 0.6348 0.4919 -0.5959
vn 0.1520 0.9874 -0.0447
vn 0.6220 0.6781 -0.3915
vn 0.3884 0.3224 -0.8633
vn 0.7970 0.1650 -0.5811
vn 0.8670 0.4667 -0.1745
vn -0.2731 0.5556 -0.7853
vn -0.8052 0.4068 -0.4314
vn -0.8631 0.2800 -0.4204
vn -0.9239 0.2412 -0.2972
vn -0.7148 0.5426 0.4412
vn -0.6892 0.6476 0.3250
vn -0.0709 0.4264 0.9018
vn -0.3456 0.2857 0.8938
vn -0.5468 0.4444 0.7096
vn 0.9605 0.2547 0.1124
vn 0.4979 -0.0029 -0.8672
vn 0.2996 -0.1187 -0.9466
vn 0.6922 -0.6170 -0.3743
vn -0.2202 0.5506 -0.8052
vn -0.5772 0.3560 -0.7349
vn -0.2721 0.1822 -0.9449
vn -0.9709 0.2033 0.1262
vn -0.8379 0.4384 -0.3251
vn -0.8232 0.3637 -0.4360
vn 0.1528 0.3324 0.9307
vn 0.3821 0.1534 0.9113
vn -0.4498 -0.3867 0.8051
vn 0.2718 -0.6530 0.7069
vn -0.0276 -0.3831 0.9233
vn 0.9291 0.3651 -0.0588
vn 0.7326 -0.5830 -0.3513
vn 0.7509 -0.5459 -0.3717
vn 0.9939 -0.0510 -0.0973
vn -0.7880 -0.2831 -0.5467
vn -0.4914 -0.8282 -0.2696
vn -0.4864 -0.8201 -0.3013
vn -0.9436 0.2424 -0.2256
vn -0.8826 -0.3662 -0.2948
vn -0.8565 -0.4817 -0.1853
vn -0.0675 -0.6089 0.7904
vn -0.0956 0.1996 0.9752
vn 0.7500 -0.2528 0.6112
vn 0.9046 0.0973 -0.4150
vn 0.9016 0.1200 -0.4155
vn 0.9486 0.2973 -0.1089
vn 0.1859 -0.9826 0.0040
vn -0.6262 -0.7620 0.1648
vn -0.4713 -0.8236 0.3156
vn -0.2337 -0.9422 0.2403
vn -0.2238 -0.9494 -0.2203
vn -0.3628 -0.9183 -0.1585
vn -0.2465 -0.7320 -0.6351
vn -0.3510 -0.6552 -0.6690
vn -0.2949 -0.8771 0.3792
vn 0.5316 -0.8440 -0.0716
vn 0.1451 -0.8634 0.4832
vn 0.3330 -0.7990 0.5007
vn 0.4740 -0.6698 0.5716
vn 0.6184 -0.6868 0.3818
vn 0.0259 -0.9599 0.2790
vt 0.947464 0.066268
vt 0.951893 0.080465
vt 0.942496 0.079894
vt 0.778785 0.123791
vt 0.775082 0.109227
vt 0.784325 0.111694
vt 0.936922 0.064208
vt 0.948302 0.049999
vt 0.957893 0.065399
vt 0.787218 0.129336
vt 0.929325 0.121782
vt 0.937873 0.123950
vt 0.930351 0.137989
vt 0.907059 0.072591
vt 0.912953 0.084612
vt 0.903797 0.087673
vt 0.849538 0.023284
vt 0.875071 0.032195
vt 0.858686 0.038259
vt 0.801758 0.076148
vt 0.804879 0.060448
vt 0.810921 0.076876
vt 0.777073 0.139854
vt 0.920941 0.126664
vt 0.897591 0.073431
vt 0.844222 0.039119
vt 0.804910 0.091272
vt 0.942011 0.185866
vt 0.875071 0.176955
vt 0.899339 0.180643
vt 0.894230 0.133002
vt 0.897351 0.148702
vt 0.885040 0.138812
vt 0.871258 0.085359
vt 0.876798 0.097456
vt 0.867554 0.099923
vt 0.836852 0.087369
vt 0.845401 0.085200
vt 0.840955 0.101500
vt 0.814587 0.136559
vt 0.820481 0.124538
vt 0.824248 0.141781
vt 0.833908 0.147003
vt 0.839483 0.131317
vt 0.844450 0.144943
vt 0.830142 0.129760
vt 0.826375 0.112517
vt 0.831614 0.099943
vt 0.835716 0.114074
vt 0.845057 0.115631
vt 0.854454 0.115059
vt 0.850024 0.129257
vt 0.849503 0.099331
vt 0.853949 0.083032
vt 0.862603 0.084195
vt 0.858899 0.098760
vt 0.863850 0.114487
vt 0.869850 0.129554
vt 0.859421 0.128685
vt 0.873094 0.112020
vt 0.882337 0.109553
vt 0.888284 0.121278
vt 0.879093 0.127087
vt 0.875849 0.144621
vt 0.866258 0.160020
vt 0.865420 0.143752
vt 0.888161 0.154511
vt 0.900472 0.164402
vt 0.921241 0.175134
vt 0.878569 0.169911
vt 0.856667 0.175419
vt 0.845288 0.161211
vt 0.855829 0.159151
vt 0.832399 0.171732
vt 0.808131 0.168045
vt 0.811359 0.152302
vt 0.821020 0.157524
vt 0.808061 0.106397
vt 0.817218 0.109457
vt 0.811324 0.121478
vt 0.814073 0.092000
vt 0.820084 0.077604
vt 0.828468 0.082486
vt 0.823229 0.095061
vt 0.838905 0.054954
vt 0.846427 0.068993
vt 0.837879 0.071161
vt 0.853369 0.054094
vt 0.867834 0.053234
vt 0.869546 0.069296
vt 0.860891 0.068133
vt 0.888123 0.074271
vt 0.885230 0.091912
vt 0.879690 0.079815
vt 0.894328 0.088512
vt 0.900534 0.102754
vt 0.897382 0.117878
vt 0.891436 0.106153
vt 0.912556 0.131547
vt 0.906514 0.147974
vt 0.903393 0.132275
vt 0.921967 0.142872
vt 0.931377 0.154197
vt 0.936694 0.170031
vt 0.915925 0.159299
vt 0.960306 0.155917
vt 0.976691 0.161981
vt 0.951158 0.170891
vt 0.775361 0.155917
vt 0.785506 0.145398
vt 0.791746 0.161981
vt 0.795651 0.134880
vt 0.805119 0.135719
vt 0.801891 0.151462
vt 0.829495 0.066279
vt 0.814042 0.061176
vt 0.807999 0.044748
vt 0.828769 0.034016
vt 0.823452 0.049851
vt 0.877978 0.063752
vt 0.884218 0.047170
vt 0.900603 0.041106
vt 0.903831 0.056849
vt 0.894363 0.057688
vt 0.906545 0.117150
vt 0.909690 0.099693
vt 0.918847 0.096633
vt 0.924086 0.109207
vt 0.915702 0.114090
vt 0.945842 0.155057
vt 0.938899 0.140158
vt 0.946421 0.126119
vt 0.955076 0.124955
vt 0.953364 0.141018
vt 0.801856 0.120638
vt 0.792758 0.117239
vt 0.789865 0.099598
vt 0.795811 0.087873
vt 0.798963 0.102997
vt 0.783377 0.064529
vt 0.795688 0.054639
vt 0.792567 0.070339
vt 0.773786 0.049130
vt 0.764195 0.033731
vt 0.806867 0.028508
vt 0.786097 0.039240
vt 0.949140 0.033731
vt 0.924871 0.037419
vt 0.899339 0.028508
vt 0.937760 0.047939
vt 0.926381 0.062147
vt 0.916720 0.067369
vt 0.913492 0.051627
vt 0.922614 0.079390
vt 0.931955 0.077833
vt 0.937529 0.093520
vt 0.933427 0.107651
vt 0.928188 0.095076
vt 0.786621 0.082063
vt 0.780622 0.097130
vt 0.956322 0.094663
vt 0.962322 0.079596
vt 0.941975 0.109819
vt 0.946926 0.094091
vt 0.960026 0.109227
vt 0.951372 0.110391
vt 0.963730 0.123791
vt 0.968322 0.064529
vt 0.777377 0.079596
vt 0.771378 0.094663
vt 0.962018 0.139854
vt 0.967543 0.176955
vt 0.993075 0.168045
vt 0.854991 0.142883
vt 0.958731 0.049130
s 0
f 4988/33/4980 5061/34/4980 5030/35/4980
f 4989/36/4981 5031/37/4981 5033/38/4981
f 4988/33/4982 5030/35/4982 5035/39/4982
f 4988/33/4983 5035/39/4983 5037/40/4983
f 4988/33/4984 5037/40/4984 5064/41/4984
f 4989/36/4985 5033/38/4985 5040/42/4985
f 4990/43/4986 5032/44/4986 5042/45/4986
f 4991/46/4987 5036/47/4987 5044/48/4987
f 4992/49/4988 5038/50/4988 5046/51/4988
f 4993/52/4989 5039/53/4989 5048/54/4989
f 4989/36/4990 5040/42/4990 5073/55/4990
f 4990/43/4991 5042/45/4991 5075/56/4991
f 4991/46/4992 5044/48/4992 5077/57/4992
f 4992/49/4993 5046/51/4993 5079/58/4993
f 4993/52/4994 5048/54/4994 5071/59/4994
f 4994/60/4995 5050/61/4995 5055/62/4995
f 4995/63/4996 5051/64/4996 5057/65/4996
f 4996/66/4997 5052/67/4997 5058/68/4997
f 4997/69/4998 5053/70/4998 5059/71/4998
f 4998/72/4999 5054/73/4999 5086/74/4999
f 5026/75/5000 5090/76/5000 5056/77/5000
f 5026/75/5001 5091/78/5001 5090/76/5001
f 5024/79/5002 5084/80/5002 5092/81/5002
f 5029/82/5003 5093/83/5003 5089/84/5003
f 5029/82/5004 5094/85/5004 5093/83/5004
f 5023/86/5005 5083/87/5005 5095/88/5005
f 5028/89/5006 5096/90/5006 5088/91/5006
f 5028/89/5007 5097/92/5007 5096/90/5007
f 5022/93/5008 5082/94/5008 5098/95/5008
f 5027/96/5009 5099/97/5009 5087/98/5009
f 5027/96/5010 5100/99/5010 5099/97/5010
f 5021/100/5011 5081/101/5011 5101/102/5011
f 5025/103/5012 5102/104/5012 5085/105/5012
f 5025/103/5013 5103/106/5013 5102/104/5013
f 5020/107/5014 5080/108/5014 5104/109/5014
f 5011/110/5015 5105/111/5015 5041/112/5015
f 5011/110/5016 5106/113/5016 5105/111/5016
f 5018/114/5017 5078/115/5017 5107/116/5017
f 5019/117/5018 5108/118/5018 5049/119/5018
f 5019/117/5019 5109/120/5019 5108/118/5019
f 5016/121/5020 5076/122/5020 5110/123/5020
f 5017/124/5021 5111/125/5021 5047/126/5021
f 5017/124/5022 5112/127/5022 5111/125/5022
f 5014/128/5023 5074/129/5023 5113/130/5023
f 5015/131/5024 5114/132/5024 5045/133/5024
f 5015/131/5025 5115/134/5025 5114/132/5025
f 5012/135/5026 5072/136/5026 5116/137/5026
f 5013/138/5027 5117/139/5027 5043/140/5027
f 5013/141/5028 5118/142/5028 5117/143/5028
f 5010/144/5029 5070/145/5029 5119/146/5029
f 5018/114/5030 5120/147/5030 5078/115/5030
f 5018/114/5031 5121/148/5031 5120/147/5031
f 5009/149/5032 5069/150/5032 5122/151/5032
f 5016/121/5033 5123/152/5033 5076/122/5033
f 5016/121/5034 5124/153/5034 5123/152/5034
f 5008/154/5035 5068/155/5035 5125/156/5035
f 5014/128/5036 5126/157/5036 5074/129/5036
f 5014/128/5037 5127/158/5037 5126/157/5037
f 5006/159/5038 5066/160/5038 5128/161/5038
f 5012/135/5039 5129/162/5039 5072/136/5039
f 5012/135/5040 5130/163/5040 5129/162/5040
f 5002/164/5041 5062/165/5041 5131/166/5041
f 5010/144/5042 5132/167/5042 5070/145/5042
f 5010/144/5043 5133/168/5043 5132/167/5043
f 5003/169/5044 5063/170/5044 5134/171/5044
f 5004/172/5045 5135/173/5045 5034/174/5045
f 5004/172/5046 5136/175/5046 5135/173/5046
f 5007/176/5047 5067/177/5047 5137/178/5047
f 5007/179/5048 5138/180/5048 5067/181/5048
f 5007/179/5049 5139/182/5049 5138/180/5049
f 5005/183/5050 5065/184/5050 5140/185/5050
f 5005/183/5051 5141/186/5051 5065/184/5051
f 5005/183/5052 5142/187/5052 5141/186/5052
f 5000/188/5053 5060/189/5053 5143/190/5053
f 5003/169/5054 5144/191/5054 5063/170/5054
f 5003/169/5055 5145/192/5055 5144/191/5055
f 5001/193/5056 5061/34/5056 5146/194/5056
f 5000/188/5057 5147/195/5057 5060/189/5057
f 5000/188/5058 5148/196/5058 5147/195/5058
f 5001/193/5059 5031/197/5059 5149/198/5059
f 5149/198/5060 5062/165/5060 5002/164/5060
f 5149/198/5061 5031/197/5061 5062/165/5061
f 5031/197/5062 4989/199/5062 5062/165/5062
f 5147/195/5063 5149/198/5063 5002/164/5063
f 5147/195/5064 5148/196/5064 5149/198/5064
f 5148/196/5065 5001/193/5065 5149/198/5065
f 5060/189/5066 5032/44/5066 4990/43/5066
f 5060/189/5067 5147/195/5067 5032/44/5067
f 5147/195/5068 5002/164/5068 5032/44/5068
f 5146/194/5069 5064/41/5069 5004/200/5069
f 5146/194/5070 5061/34/5070 5064/41/5070
f 5061/34/5071 4988/33/5071 5064/41/5071
f 5144/191/5072 5146/201/5072 5004/172/5072
f 5144/191/5073 5145/192/5073 5146/201/5073
f 5145/192/5074 5001/202/5074 5146/201/5074
f 5063/170/5075 5034/174/5075 4993/52/5075
f 5063/170/5076 5144/191/5076 5034/174/5076
f 5144/191/5077 5004/172/5077 5034/174/5077
f 5143/190/5078 5066/160/5078 5006/159/5078
f 5143/190/5079 5060/189/5079 5066/160/5079
f 5060/189/5080 4990/43/5080 5066/160/5080
f 5141/186/5081 5143/190/5081 5006/159/5081
f 5141/186/5082 5142/187/5082 5143/190/5082
f 5142/187/5083 5000/188/5083 5143/190/5083
f 5065/184/5084 5036/47/5084 4991/46/5084
f 5065/184/5085 5141/186/5085 5036/47/5085
f 5141/186/5086 5006/159/5086 5036/47/5086
f 5140/185/5087 5068/155/5087 5008/154/5087
f 5140/185/5088 5065/184/5088 5068/155/5088
f 5065/184/5089 4991/46/5089 5068/155/5089
f 5138/180/5090 5140/185/5090 5008/154/5090
f 5138/180/5091 5139/182/5091 5140/185/5091
f 5139/182/5092 5005/183/5092 5140/185/5092
f 5067/181/5093 5038/50/5093 4992/49/5093
f 5067/181/5094 5138/180/5094 5038/50/5094
f 5138/180/5095 5008/154/5095 5038/50/5095
f 5137/178/5096 5069/150/5096 5009/149/5096
f 5137/178/5097 5067/177/5097 5069/150/5097
f 5067/177/5098 4992/49/5098 5069/150/5098
f 5135/173/5099 5137/178/5099 5009/149/5099
f 5135/173/5100 5136/175/5100 5137/178/5100
f 5136/175/5101 5007/176/5101 5137/178/5101
f 5034/174/5102 5039/53/5102 4993/52/5102
f 5034/174/5103 5135/173/5103 5039/53/5103
f 5135/173/5104 5009/149/5104 5039/53/5104
f 5134/171/5105 5071/59/5105 5011/110/5105
f 5134/171/5106 5063/170/5106 5071/59/5106
f 5063/170/5107 4993/52/5107 5071/59/5107
f 5132/167/5108 5134/171/5108 5011/110/5108
f 5132/167/5109 5133/168/5109 5134/171/5109
f 5133/168/5110 5003/169/5110 5134/171/5110
f 5070/145/5111 5041/112/5111 4998/72/5111
f 5070/145/5112 5132/167/5112 5041/112/5112
f 5132/167/5113 5011/110/5113 5041/112/5113
f 5131/166/5114 5073/203/5114 5013/138/5114
f 5131/166/5115 5062/165/5115 5073/203/5115
f 5062/165/5116 4989/199/5116 5073/203/5116
f 5129/162/5117 5131/166/5117 5013/138/5117
f 5129/162/5118 5130/163/5118 5131/166/5118
f 5130/163/5119 5002/164/5119 5131/166/5119
f 5072/136/5120 5043/140/5120 4994/60/5120
f 5072/136/5121 5129/162/5121 5043/140/5121
f 5129/162/5122 5013/138/5122 5043/140/5122
f 5128/161/5123 5075/56/5123 5015/131/5123
f 5128/161/5124 5066/160/5124 5075/56/5124
f 5066/160/5125 4990/43/5125 5075/56/5125
f 5126/157/5126 5128/161/5126 5015/131/5126
f 5126/157/5127 5127/158/5127 5128/161/5127
f 5127/158/5128 5006/159/5128 5128/161/5128
f 5074/129/5129 5045/133/5129 4995/63/5129
f 5074/129/5130 5126/157/5130 5045/133/5130
f 5126/157/5131 5015/131/5131 5045/133/5131
f 5125/156/5132 5077/57/5132 5017/124/5132
f 5125/156/5133 5068/155/5133 5077/57/5133
f 5068/155/5134 4991/46/5134 5077/57/5134
f 5123/152/5135 5125/156/5135 5017/124/5135
f 5123/152/5136 5124/153/5136 5125/156/5136
f 5124/153/5137 5008/154/5137 5125/156/5137
f 5076/122/5138 5047/126/5138 4996/66/5138
f 5076/122/5139 5123/152/5139 5047/126/5139
f 5123/152/5140 5017/124/5140 5047/126/5140
f 5122/151/5141 5079/58/5141 5019/117/5141
f 5122/151/5142 5069/150/5142 5079/58/5142
f 5069/150/5143 4992/49/5143 5079/58/5143
f 5120/147/5144 5122/151/5144 5019/117/5144
f 5120/147/5145 5121/148/5145 5122/151/5145
f 5121/148/5146 5009/149/5146 5122/151/5146
f 5078/115/5147 5049/119/5147 4997/69/5147
f 5078/115/5148 5120/147/5148 5049/119/5148
f 5120/147/5149 5019/117/5149 5049/119/5149
f 5119/146/5150 5080/108/5150 5020/107/5150
f 5119/146/5151 5070/145/5151 5080/108/5151
f 5070/145/5152 4998/72/5152 5080/108/5152
f 5117/143/5153 5119/146/5153 5020/107/5153
f 5117/143/5154 5118/142/5154 5119/146/5154
f 5118/142/5155 5010/144/5155 5119/146/5155
f 5043/140/5156 5050/204/5156 4994/60/5156
f 5043/140/5157 5117/139/5157 5050/204/5157
f 5117/139/5158 5020/205/5158 5050/204/5158
f 5116/137/5159 5081/101/5159 5021/100/5159
f 5116/137/5160 5072/136/5160 5081/101/5160
f 5072/136/5161 4994/60/5161 5081/101/5161
f 5114/132/5162 5116/137/5162 5021/100/5162
f 5114/132/5163 5115/134/5163 5116/137/5163
f 5115/134/5164 5012/135/5164 5116/137/5164
f 5045/133/5165 5051/64/5165 4995/63/5165
f 5045/133/5166 5114/132/5166 5051/64/5166
f 5114/132/5167 5021/100/5167 5051/64/5167
f 5113/130/5168 5082/94/5168 5022/93/5168
f 5113/130/5169 5074/129/5169 5082/94/5169
f 5074/129/5170 4995/63/5170 5082/94/5170
f 5111/125/5171 5113/130/5171 5022/93/5171
f 5111/125/5172 5112/127/5172 5113/130/5172
f 5112/127/5173 5014/128/5173 5113/130/5173
f 5047/126/5174 5052/67/5174 4996/66/5174
f 5047/126/5175 5111/125/5175 5052/67/5175
f 5111/125/5176 5022/93/5176 5052/67/5176
f 5110/123/5177 5083/87/5177 5023/86/5177
f 5110/123/5178 5076/122/5178 5083/87/5178
f 5076/122/5179 4996/66/5179 5083/87/5179
f 5108/118/5180 5110/123/5180 5023/86/5180
f 5108/118/5181 5109/120/5181 5110/123/5181
f 5109/120/5182 5016/121/5182 5110/123/5182
f 5049/119/5183 5053/70/5183 4997/69/5183
f 5049/119/5184 5108/118/5184 5053/70/5184
f 5108/118/5185 5023/86/5185 5053/70/5185
f 5107/116/5186 5084/80/5186 5024/79/5186
f 5107/116/5187 5078/115/5187 5084/80/5187
f 5078/115/5188 4997/69/5188 5084/80/5188
f 5105/111/5189 5107/116/5189 5024/79/5189
f 5105/111/5190 5106/113/5190 5107/116/5190
f 5106/113/5191 5018/114/5191 5107/116/5191
f 5041/112/5192 5054/73/5192 4998/72/5192
f 5041/112/5193 5105/111/5193 5054/73/5193
f 5105/111/5194 5024/79/5194 5054/73/5194
f 5104/109/5195 5086/74/5195 5026/75/5195
f 5104/109/5196 5080/108/5196 5086/74/5196
f 5080/108/5197 4998/72/5197 5086/74/5197
f 5102/104/5198 5104/109/5198 5026/75/5198
f 5102/104/5199 5103/106/5199 5104/109/5199
f 5103/106/5200 5020/107/5200 5104/109/5200
f 5085/105/5201 5056/77/5201 4999/206/5201
f 5085/105/5202 5102/104/5202 5056/77/5202
f 5102/104/5203 5026/75/5203 5056/77/5203
f 5101/102/5204 5055/62/5204 5025/103/5204
f 5101/102/5205 5081/101/5205 5055/62/5205
f 5081/101/5206 4994/60/5206 5055/62/5206
f 5099/97/5207 5101/102/5207 5025/103/5207
f 5099/97/5208 5100/99/5208 5101/102/5208
f 5100/99/5209 5021/100/5209 5101/102/5209
f 5087/98/5210 5085/105/5210 4999/206/5210
f 5087/98/5211 5099/97/5211 5085/105/5211
f 5099/97/5212 5025/103/5212 5085/105/5212
f 5098/95/5213 5057/65/5213 5027/96/5213
f 5098/95/5214 5082/94/5214 5057/65/5214
f 5082/94/5215 4995/63/5215 5057/65/5215
f 5096/90/5216 5098/95/5216 5027/96/5216
f 5096/90/5217 5097/92/5217 5098/95/5217
f 5097/92/5218 5022/93/5218 5098/95/5218
f 5088/91/5219 5087/98/5219 4999/206/5219
f 5088/91/5220 5096/90/5220 5087/98/5220
f 5096/90/5221 5027/96/5221 5087/98/5221
f 5095/88/5222 5058/68/5222 5028/89/5222
f 5095/88/5223 5083/87/5223 5058/68/5223
f 5083/87/5224 4996/66/5224 5058/68/5224
f 5093/83/5225 5095/88/5225 5028/89/5225
f 5093/83/5226 5094/85/5226 5095/88/5226
f 5094/85/5227 5023/86/5227 5095/88/5227
f 5089/84/5228 5088/91/5228 4999/206/5228
f 5089/84/5229 5093/83/5229 5088/91/5229
f 5093/83/5230 5028/89/5230 5088/91/5230
f 5092/81/5231 5059/71/5231 5029/82/5231
f 5092/81/5232 5084/80/5232 5059/71/5232
f 5084/80/5233 4997/69/5233 5059/71/5233
f 5090/76/5234 5092/81/5234 5029/82/5234
f 5090/76/5235 5091/78/5235 5092/81/5235
f 5091/78/5236 5024/79/5236 5092/81/5236
f 5056/77/5237 5089/84/5237 4999/206/5237
f 5056/77/5238 5090/76/5238 5089/84/5238
f 5090/76/5239 5029/82/5239 5089/84/5239
f 5086/74/5240 5091/78/5240 5026/75/5240
f 5086/74/5241 5054/73/5241 5091/78/5241
f 5054/73/5242 5024/79/5242 5091/78/5242
f 5059/71/5243 5094/85/5243 5029/82/5243
f 5059/71/5244 5053/70/5244 5094/85/5244
f 5053/70/5245 5023/86/5245 5094/85/5245
f 5058/68/5246 5097/92/5246 5028/89/5246
f 5058/68/5247 5052/67/5247 5097/92/5247
f 5052/67/5248 5022/93/5248 5097/92/5248
f 5057/65/5249 5100/99/5249 5027/96/5249
f 5057/65/5250 5051/64/5250 5100/99/5250
f 5051/64/5251 5021/100/5251 5100/99/5251
f 5055/62/5252 5103/106/5252 5025/103/5252
f 5055/62/5253 5050/61/5253 5103/106/5253
f 5050/61/5254 5020/107/5254 5103/106/5254
f 5071/59/5255 5106/113/5255 5011/110/5255
f 5071/59/5256 5048/54/5256 5106/113/5256
f 5048/54/5257 5018/114/5257 5106/113/5257
f 5079/58/5258 5109/120/5258 5019/117/5258
f 5079/58/5259 5046/51/5259 5109/120/5259
f 5046/51/5260 5016/121/5260 5109/120/5260
f 5077/57/5261 5112/127/5261 5017/124/5261
f 5077/57/5262 5044/48/5262 5112/127/5262
f 5044/48/5263 5014/128/5263 5112/127/5263
f 5075/56/5264 5115/134/5264 5015/131/5264
f 5075/56/5265 5042/45/5265 5115/134/5265
f 5042/45/5266 5012/135/5266 5115/134/5266
f 5073/55/5267 5118/142/5267 5013/141/5267
f 5073/55/5268 5040/42/5268 5118/142/5268
f 5040/42/5269 5010/144/5269 5118/142/5269
f 5048/54/5270 5121/148/5270 5018/114/5270
f 5048/54/5271 5039/53/5271 5121/148/5271
f 5039/53/5272 5009/149/5272 5121/148/5272
f 5046/51/5273 5124/153/5273 5016/121/5273
f 5046/51/5274 5038/50/5274 5124/153/5274
f 5038/50/5275 5008/154/5275 5124/153/5275
f 5044/48/5276 5127/158/5276 5014/128/5276
f 5044/48/5277 5036/47/5277 5127/158/5277
f 5036/47/5278 5006/159/5278 5127/158/5278
f 5042/45/5279 5130/163/5279 5012/135/5279
f 5042/45/5280 5032/44/5280 5130/163/5280
f 5032/44/5281 5002/164/5281 5130/163/5281
f 5040/42/5282 5133/168/5282 5010/144/5282
f 5040/42/5283 5033/38/5283 5133/168/5283
f 5033/38/5284 5003/169/5284 5133/168/5284
f 5064/41/5285 5136/207/5285 5004/200/5285
f 5064/41/5286 5037/40/5286 5136/207/5286
f 5037/40/5287 5007/179/5287 5136/207/5287
f 5037/40/5288 5139/182/5288 5007/179/5288
f 5037/40/5289 5035/39/5289 5139/182/5289
f 5035/39/5290 5005/183/5290 5139/182/5290
f 5035/39/5291 5142/187/5291 5005/183/5291
f 5035/39/5292 5030/35/5292 5142/187/5292
f 5030/35/5293 5000/188/5293 5142/187/5293
f 5033/38/5294 5145/192/5294 5003/169/5294
f 5033/38/5295 5031/37/5295 5145/192/5295
f 5031/37/5296 5001/202/5296 5145/192/5296
f 5030/35/5297 5148/196/5297 5000/188/5297
f 5030/35/5298 5061/34/5298 5148/196/5298
f 5061/34/5299 5001/193/5299 5148/196/5299
o collidable.003
v 11.108069 0.697937 94.052299
v 14.543844 2.130627 96.400269
v 9.750078 2.045506 98.030846
v 7.563759 2.466086 93.940681
v 9.815704 2.190633 89.958206
v 13.347542 2.899418 92.598488
v 12.291421 5.553995 97.010818
v 8.480181 5.696596 95.834839
v 8.400907 5.857781 91.922157
v 11.961827 5.793838 90.493675
v 15.795652 6.506639 93.925163
v 11.130730 8.188848 93.753967
v 10.330652 0.620465 95.969383
v 12.782223 0.916975 95.069809
v 11.903456 2.309516 96.831673
v 14.908425 1.755297 93.890419
v 12.765841 0.605335 92.687019
v 9.411040 1.468066 94.077072
v 7.893236 1.743522 96.220345
v 10.510355 1.012880 92.060043
v 8.951509 2.750187 92.340752
v 12.180032 1.927955 90.446587
v 14.762807 4.136188 95.300720
v 14.684998 4.212910 92.736725
v 11.048420 4.186631 98.319145
v 13.472660 4.325076 97.165115
v 7.714423 4.094502 95.150566
v 8.290208 4.245664 97.779129
v 8.746374 4.182282 90.714928
v 8.199108 4.133953 92.873436
v 13.040927 4.252164 91.013878
v 11.195157 4.205729 90.046387
v 13.359818 6.091409 95.685921
v 10.259269 5.498964 96.185242
v 8.448130 5.756419 93.926979
v 9.968369 6.520948 90.367332
v 13.605514 6.131661 92.231964
v 11.679009 7.228989 95.694817
v 13.129753 7.495030 93.934464
v 9.724267 6.859445 94.855202
v 9.711930 7.589107 92.667160
v 11.576695 7.661852 91.973183
v 10.737420 0.047629 94.960747
v 13.725517 1.631204 95.582321
v 10.999455 1.917606 97.778847
v 15.083003 1.739770 95.368546
v 12.945029 2.086047 92.751579
v 10.319947 1.095828 94.153252
v 7.843140 2.314684 94.966866
v 10.939833 1.183376 93.146194
v 9.619324 2.709300 91.374100
v 12.372429 2.762322 91.973892
v 15.249449 3.026531 96.101257
v 15.499081 5.333323 93.249779
v 10.414745 3.152974 97.468712
v 13.096391 5.368121 97.936676
v 7.618429 3.178023 94.567184
v 8.154087 5.226605 96.863678
v 9.350581 3.201506 90.351830
v 8.457094 4.955069 92.447571
v 13.009813 3.600119 92.031105
v 11.829362 5.370317 89.290344
v 13.155359 6.302691 96.953690
v 9.294990 5.572053 96.074821
v 8.717794 5.624891 92.981987
v 11.133306 6.469364 89.925705
v 14.812489 6.477727 92.904175
v 12.082323 6.237690 96.167603
v 12.143614 8.366968 93.939323
v 9.333919 6.032869 95.239273
v 9.254548 6.388430 92.388542
v 11.537017 6.322376 91.538338
v 10.050663 1.458680 96.977394
v 11.780046 0.717836 94.477562
v 13.017797 2.452339 96.167366
v 14.363015 2.168214 92.752731
v 11.887959 0.441802 93.319641
v 8.765569 2.301728 94.096725
v 8.731098 1.774011 97.373512
v 10.351849 1.810156 91.102699
v 8.558307 2.809531 93.250580
v 10.969811 2.037125 90.127441
v 15.566210 5.303901 94.656784
v 14.139791 3.297266 92.426758
v 11.757870 5.191600 98.035225
v 13.735888 3.403275 96.212372
v 8.182705 4.991381 95.579048
v 8.921147 2.999165 98.120789
v 8.683720 5.064641 91.463402
v 8.102919 3.297846 93.480118
v 12.625229 5.045043 90.485756
v 10.356590 3.064971 89.495628
v 14.589458 6.268349 94.760704
v 11.280682 5.552009 96.624611
v 8.562854 5.677963 94.885117
v 9.226392 6.018789 91.415413
v 12.487103 5.607377 91.747269
v 11.388405 7.682820 94.760376
v 14.563744 7.272089 93.884712
v 10.440710 7.084047 94.082733
v 10.222190 8.516613 93.186859
v 11.445742 8.822519 92.791801
v 12.445594 7.701381 92.931534
v 13.782103 7.341607 92.763252
v 12.585886 6.706099 92.286926
v 10.464810 8.432560 91.876282
v 10.748960 7.508101 90.794220
v 9.784920 7.211755 91.484566
v 9.573576 7.312827 93.767853
v 8.859739 6.654241 93.376015
v 9.184009 6.295393 94.339775
v 10.632598 6.610144 95.055351
v 9.927798 6.422276 95.722603
v 10.937123 6.074087 95.731430
v 12.594979 7.963759 95.106049
v 12.970960 7.350406 96.155525
v 13.611715 7.200014 95.005226
v 14.311220 5.227693 92.449432
v 13.677588 4.272185 92.158165
v 13.329352 5.090912 91.643631
v 10.521781 5.398757 89.953400
v 9.923128 4.177956 90.375252
v 9.433588 5.233371 90.666161
v 8.106368 5.041123 93.426506
v 8.351502 4.160502 94.002754
v 8.181961 5.017533 94.461594
v 9.283800 5.146545 97.229042
v 9.762601 4.136157 97.576576
v 10.668391 4.856215 97.148834
v 13.759695 5.245872 96.786232
v 14.794365 4.265335 96.601715
v 14.280779 5.081682 95.496452
v 12.431556 4.149584 89.722267
v 12.303583 3.358998 90.958389
v 11.663894 3.047820 89.968262
v 8.237621 4.106072 91.752167
v 8.607285 3.312567 91.365677
v 8.023530 3.259523 92.341080
v 7.778869 4.150766 96.399971
v 7.271688 3.000231 95.826271
v 8.298298 3.046312 96.826111
v 12.262878 4.292482 97.780243
v 11.582962 3.168028 97.580116
v 12.663197 3.252365 97.017998
v 14.331154 4.313669 94.017593
v 14.645111 2.912985 94.757195
v 14.067025 3.093931 93.418839
v 11.983726 1.618705 91.985001
v 11.633788 0.388757 92.108879
v 11.319169 1.081102 91.029007
v 9.887164 2.148051 92.364449
v 9.935055 1.426114 93.120857
v 9.170351 2.002745 93.138954
v 8.588459 1.305611 95.123352
v 9.573807 0.507870 95.120483
v 8.879609 0.699224 96.357376
v 13.558472 1.588228 93.471367
v 13.993284 1.119703 94.587997
v 12.869014 0.676538 93.923897
v 11.298235 1.250175 96.718155
v 11.486002 0.991355 95.445801
v 12.323686 1.692870 95.857834
vn 0.3175 -0.8276 -0.4629
vn 0.1370 -0.9005 0.4127
vn -0.4113 -0.6534 -0.6355
vn -0.4573 -0.8164 -0.3525
vn -0.5488 -0.7750 -0.3133
vn 0.7397 -0.4027 0.5391
vn 0.2191 0.3339 0.9168
vn -0.9606 -0.1384 0.2411
vn -0.9033 -0.4279 0.0315
vn 0.5388 -0.3578 -0.7626
vn 0.1265 0.2230 0.9666
vn 0.3684 0.2354 0.8994
vn -0.8633 0.3691 -0.3441
vn -0.6483 -0.0018 -0.7614
vn 0.1222 -0.5884 -0.7993
vn -0.4906 0.6133 0.6190
vn -0.0083 0.8758 0.4826
vn -0.6236 0.7034 0.3410
vn 0.6692 0.7363 -0.1004
vn 0.4748 0.7389 -0.4781
vn 0.6342 0.7188 -0.2847
vn 0.2622 0.9648 0.0197
vn 0.1883 0.4193 -0.8881
vn 0.4427 0.5496 -0.7085
vn 0.5313 0.7080 -0.4653
vn -0.8257 0.4091 -0.3885
vn -0.8784 0.4779 0.0095
vn -0.7014 0.7071 0.0893
vn -0.6345 0.7604 0.1382
vn 0.1572 0.8997 0.4073
vn 0.1545 0.8964 0.4155
vn -0.2824 0.7769 0.5627
vn -0.3288 0.8053 0.4934
vn -0.2722 0.7851 0.5564
vn 0.5295 0.3533 0.7713
vn 0.5603 -0.0280 -0.8278
vn 0.4942 -0.0634 -0.8670
vn 0.8485 0.0986 -0.5199
vn -0.4351 -0.3115 -0.8448
vn -0.2405 -0.2096 -0.9478
vn -0.7008 0.4319 -0.5678
vn -0.9320 0.1144 -0.3440
vn -0.9738 -0.1823 0.1357
vn -0.8886 0.4585 0.0113
vn -0.1899 0.6557 0.7308
vn 0.1538 0.3858 0.9097
vn -0.6131 0.5833 0.5328
vn 0.8618 -0.0615 0.5034
vn 0.3896 0.2440 0.8881
vn 0.5324 0.0974 0.8409
vn 0.8847 0.1765 -0.4314
vn 0.7439 -0.5953 -0.3037
vn 0.2184 -0.2964 -0.9297
vn -0.8693 0.2824 -0.4056
vn -0.8755 -0.1918 -0.4435
vn -0.4758 -0.8668 -0.1491
vn -0.8911 0.4531 0.0256
vn -0.9200 0.3907 0.0299
vn -0.8085 -0.0220 0.5880
vn 0.4076 -0.0299 0.9127
vn 0.4016 -0.3903 0.8285
vn 0.4838 -0.5278 0.6981
vn 0.6880 -0.6506 -0.3214
vn 0.9487 0.0476 -0.3126
vn 0.8572 0.4518 -0.2470
vn 0.6357 -0.0433 -0.7707
vn 0.4768 -0.2213 -0.8507
vn -0.5516 -0.6836 -0.4780
vn -0.8797 -0.4267 -0.2097
vn -0.8646 -0.3896 -0.3171
vn -0.7842 -0.6038 -0.1429
vn -0.6479 -0.4878 -0.5851
vn -0.5366 -0.6610 -0.5245
vn 0.1349 -0.7431 0.6554
vn 0.2415 -0.8693 -0.4313
vn 0.2472 -0.8554 -0.4552
vn 0.0697 -0.9752 0.2099
vn 0.0046 -0.7683 0.6401
vn 0.3932 -0.8879 0.2386
vn 0.1138 -0.6740 0.7299
vn 0.4467 -0.6561 0.6082
vn 0.1479 -0.4862 0.8613
vn -0.2494 -0.6953 0.6741
vn 0.6799 -0.4505 0.5786
vn 0.5494 -0.7992 0.2437
vn 0.1778 -0.6475 0.7410
vn 0.0092 -0.8724 0.4886
vn -0.0328 -0.8501 0.5256
vn 0.7276 -0.4693 0.5003
vn 0.2099 -0.9770 0.0387
vn 0.0846 -0.9675 0.2385
vn -0.1110 -0.9690 0.2207
vn 0.7899 -0.6125 -0.0306
vn 0.5560 -0.6668 -0.4963
vn 0.2445 -0.9451 0.2168
vn 0.0118 -0.1906 -0.9816
vn 0.0470 -0.8024 -0.5950
vn 0.7388 -0.0601 -0.6712
vn -0.6627 -0.5608 0.4963
vn 0.0560 -0.6818 0.7294
vn -0.0690 -0.8798 0.4704
vn -0.7048 -0.6883 -0.1719
vn -0.6132 -0.7566 -0.2271
vn -0.0150 -0.9894 0.1446
vn -0.1202 -0.9863 -0.1128
vn -0.5865 -0.5284 -0.6139
vn -0.7618 -0.6004 -0.2431
vn -0.7793 -0.5496 -0.3010
vn -0.7973 -0.5834 -0.1548
vn -0.0524 -0.8619 -0.5044
vn -0.4441 -0.7115 -0.5445
vn -0.4984 -0.6427 -0.5818
vn -0.5814 -0.7620 -0.2852
vn -0.7480 -0.6499 0.1343
vn -0.7875 -0.6027 -0.1286
vn -0.5076 -0.8012 -0.3168
vn 0.1377 -0.6525 -0.7452
vn -0.5447 -0.6721 -0.5016
vn -0.0866 -0.9568 -0.2775
vn 0.6789 -0.7317 -0.0605
vn 0.8546 -0.2868 -0.4328
vn -0.4333 -0.8108 -0.3936
vn 0.5330 -0.4037 -0.7436
vn 0.6734 -0.2357 -0.7007
vn 0.9455 -0.3208 0.0562
vn 0.8644 -0.5013 -0.0394
vn 0.9673 0.2250 0.1171
vn -0.0624 -0.2882 -0.9555
vn 0.9027 -0.3307 0.2754
vn 0.9178 -0.0039 -0.3970
vn 0.8504 0.4254 -0.3098
vn 0.9748 -0.2170 -0.0510
vn 0.6394 -0.7675 -0.0466
vn 0.7249 -0.6416 0.2507
vn 0.5607 -0.5123 0.6506
vn 0.5727 -0.4644 0.6755
vn -0.1387 0.0579 0.9886
vn 0.4191 -0.4262 0.8017
vn 0.4458 -0.4111 0.7951
vn 0.4309 -0.4962 0.7537
vn -0.1049 0.9535 0.2826
vn 0.1003 -0.2189 0.9706
vn 0.4167 -0.4387 0.7962
vn -0.8571 -0.3240 0.4005
vn -0.8962 -0.1213 0.4267
vn -0.4061 -0.4291 0.8068
vn -0.8923 -0.2845 0.3504
vn -0.6956 -0.0507 0.7166
vn -0.6902 -0.1174 0.7141
vn -0.9041 0.4163 -0.0964
vn -0.9284 0.3612 -0.0868
vn -0.9262 0.1804 0.3310
vn -0.9852 0.1593 0.0633
vn -0.7120 -0.6984 0.0731
vn -0.5402 -0.1117 -0.8341
vn -0.9748 0.2194 -0.0389
vn -0.8457 -0.1437 -0.5139
vn -0.4562 -0.8310 -0.3182
vn -0.9499 -0.1993 -0.2409
vn -0.9121 0.3737 -0.1684
vn -0.9590 0.2806 -0.0399
vn 0.3356 0.1980 -0.9210
vn 0.3138 -0.3543 -0.8809
vn 0.0610 -0.4960 -0.8662
vn -0.2550 -0.0380 -0.9662
vn 0.7502 -0.5896 -0.2994
vn 0.8130 0.1326 -0.5669
vn 0.7121 0.6341 -0.3015
vn 0.8370 0.2387 -0.4923
vn -0.2472 -0.4293 -0.8687
vn 0.5333 0.3412 0.7741
vn 0.4594 0.3787 0.8035
vn 0.4705 0.3913 0.7909
vn 0.7410 0.6349 0.2186
vn 0.6929 0.6951 0.1915
vn 0.8831 0.4642 -0.0675
vn -0.5139 0.6369 0.5747
vn 0.8127 0.3972 0.4264
vn 0.8706 0.4885 0.0590
vn -0.3022 0.7288 0.6144
vn -0.5375 0.7554 0.3748
vn -0.1091 0.9536 0.2805
vn 0.2065 0.8522 0.4807
vn 0.1323 0.3779 0.9163
vn -0.3464 0.7613 0.5481
vn 0.0152 0.9077 0.4194
vn -0.0452 0.9375 0.3452
vn 0.0315 0.9377 0.3460
vn -0.8941 0.4247 0.1418
vn -0.8695 0.4937 0.0121
vn -0.9062 0.4138 -0.0870
vn -0.9193 0.3861 0.0759
vn -0.9716 -0.2274 0.0658
vn -0.8733 0.0842 -0.4799
vn -0.9435 0.1209 0.3087
vn -0.7658 0.5559 -0.3232
vn -0.7635 0.5731 -0.2976
vn -0.8429 0.2381 -0.4826
vn -0.7134 0.3760 -0.5914
vn -0.5415 0.2679 -0.7969
vn -0.5514 0.0355 -0.8335
vn -0.5454 -0.0221 -0.8379
vn -0.2743 0.1352 -0.9521
vn 0.7179 0.6282 -0.3001
vn -0.4365 0.2268 -0.8706
vn -0.3426 0.1718 -0.9237
vn 0.1686 0.4508 -0.8766
vn 0.4672 0.8255 -0.3168
vn 0.7308 0.6497 -0.2096
vn 0.5868 0.2749 -0.7617
vn 0.6382 -0.1963 -0.7444
vn 0.8715 0.0652 -0.4860
vn 0.7005 0.2147 -0.6806
vn 0.5520 0.0806 -0.8299
vn 0.4509 0.1399 -0.8816
vn 0.1573 0.9679 0.1959
vn 0.6358 0.5167 0.5734
vn 0.3613 0.6184 0.6979
vn 0.5969 0.8009 -0.0480
vn 0.5987 0.7662 0.2333
vn 0.8749 0.0930 0.4752
vn -0.2367 0.8424 0.4841
vn -0.3178 0.8515 0.4172
vn 0.6624 0.7491 0.0026
vn -0.3761 0.2697 0.8864
vn -0.3242 0.7571 0.5672
vn -0.2484 0.7213 0.6465
vn -0.6424 0.4327 0.6325
vn 0.2748 0.8098 0.5183
vn 0.1607 0.4877 0.8581
vn -0.6854 0.5648 0.4595
vn -0.6808 0.5966 0.4250
vn -0.6455 0.5886 0.4866
vn -0.8089 0.5144 0.2849
vn -0.5131 0.7972 0.3182
vn -0.3975 0.9161 -0.0526
vn -0.8127 0.4891 0.3166
vn -0.7273 0.5262 0.4406
vn -0.6781 0.5844 0.4457
vn -0.3452 0.4592 0.8185
vn -0.1748 0.5028 0.8466
vn 0.1092 0.9227 0.3696
vn -0.9048 0.3862 -0.1791
vn -0.8942 0.4265 -0.1361
vn -0.3673 0.8730 -0.3210
vn -0.8209 0.5274 -0.2190
vn -0.5960 0.5265 -0.6063
vn -0.5609 0.6598 -0.5001
vn -0.0351 0.8399 0.5416
vn -0.2749 0.9549 -0.1121
vn -0.8132 0.5515 -0.1859
vn 0.4985 0.2543 -0.8288
vn 0.4509 0.3605 -0.8165
vn 0.6150 0.7756 -0.1423
vn 0.6404 0.4791 -0.6003
vn 0.0421 0.5473 -0.8359
vn 0.1630 0.3766 -0.9119
vn -0.2363 0.8452 0.4793
vn 0.7436 0.6384 -0.1988
vn 0.6348 0.4919 -0.5959
vn 0.1520 0.9874 -0.0447
vn 0.6220 0.6781 -0.3915
vn 0.3884 0.3224 -0.8633
vn 0.7970 0.1650 -0.5811
vn 0.8670 0.4667 -0.1745
vn -0.2731 0.5556 -0.7853
vn -0.8052 0.4068 -0.4314
vn -0.8631 0.2800 -0.4204
vn -0.9239 0.2412 -0.2972
vn -0.7148 0.5426 0.4412
vn -0.6892 0.6476 0.3250
vn -0.0709 0.4264 0.9018
vn -0.3456 0.2857 0.8938
vn -0.5468 0.4444 0.7096
vn 0.9605 0.2547 0.1124
vn 0.4979 -0.0029 -0.8672
vn 0.2996 -0.1187 -0.9466
vn 0.6922 -0.6170 -0.3743
vn -0.2202 0.5506 -0.8052
vn -0.5772 0.3560 -0.7349
vn -0.2721 0.1822 -0.9449
vn -0.9709 0.2033 0.1262
vn -0.8379 0.4384 -0.3251
vn -0.8232 0.3637 -0.4360
vn 0.1528 0.3324 0.9307
vn 0.3821 0.1534 0.9113
vn -0.4498 -0.3867 0.8051
vn 0.2718 -0.6530 0.7069
vn -0.0276 -0.3831 0.9233
vn 0.9291 0.3651 -0.0588
vn 0.7326 -0.5830 -0.3513
vn 0.7509 -0.5459 -0.3717
vn 0.9939 -0.0510 -0.0973
vn -0.7880 -0.2831 -0.5467
vn -0.4914 -0.8282 -0.2696
vn -0.4864 -0.8201 -0.3013
vn -0.9436 0.2424 -0.2256
vn -0.8826 -0.3662 -0.2948
vn -0.8565 -0.4817 -0.1853
vn -0.0675 -0.6089 0.7904
vn -0.0956 0.1996 0.9752
vn 0.7500 -0.2528 0.6112
vn 0.9046 0.0973 -0.4150
vn 0.9016 0.1200 -0.4155
vn 0.9486 0.2973 -0.1089
vn 0.1859 -0.9826 0.0040
vn -0.6262 -0.7620 0.1648
vn -0.4713 -0.8236 0.3156
vn -0.2337 -0.9422 0.2403
vn -0.2238 -0.9494 -0.2203
vn -0.3628 -0.9183 -0.1585
vn -0.2465 -0.7320 -0.6351
vn -0.3510 -0.6552 -0.6690
vn -0.2949 -0.8771 0.3792
vn 0.5316 -0.8440 -0.0716
vn 0.1451 -0.8634 0.4832
vn 0.3330 -0.7990 0.5007
vn 0.4740 -0.6698 0.5716
vn 0.6184 -0.6868 0.3818
vn 0.0259 -0.9599 0.2790
vt 0.947464 0.066268
vt 0.951893 0.080465
vt 0.942496 0.079894
vt 0.778785 0.123791
vt 0.775082 0.109227
vt 0.784325 0.111694
vt 0.936922 0.064208
vt 0.948302 0.049999
vt 0.957893 0.065399
vt 0.787218 0.129336
vt 0.929325 0.121782
vt 0.937873 0.123950
vt 0.930351 0.137989
vt 0.907059 0.072591
vt 0.912953 0.084612
vt 0.903797 0.087673
vt 0.849538 0.023284
vt 0.875071 0.032195
vt 0.858686 0.038259
vt 0.801758 0.076148
vt 0.804879 0.060448
vt 0.810921 0.076876
vt 0.777073 0.139854
vt 0.920941 0.126664
vt 0.897591 0.073431
vt 0.844222 0.039119
vt 0.804910 0.091272
vt 0.942011 0.185866
vt 0.875071 0.176955
vt 0.899339 0.180643
vt 0.894230 0.133002
vt 0.897351 0.148702
vt 0.885040 0.138812
vt 0.871258 0.085359
vt 0.876798 0.097456
vt 0.867554 0.099923
vt 0.836852 0.087369
vt 0.845401 0.085200
vt 0.840955 0.101500
vt 0.814587 0.136559
vt 0.820481 0.124538
vt 0.824248 0.141781
vt 0.833908 0.147003
vt 0.839483 0.131317
vt 0.844450 0.144943
vt 0.830142 0.129760
vt 0.826375 0.112517
vt 0.831614 0.099943
vt 0.835716 0.114074
vt 0.845057 0.115631
vt 0.854454 0.115059
vt 0.850024 0.129257
vt 0.849503 0.099331
vt 0.853949 0.083032
vt 0.862603 0.084195
vt 0.858899 0.098760
vt 0.863850 0.114487
vt 0.869850 0.129554
vt 0.859421 0.128685
vt 0.873094 0.112020
vt 0.882337 0.109553
vt 0.888284 0.121278
vt 0.879093 0.127087
vt 0.875849 0.144621
vt 0.866258 0.160020
vt 0.865420 0.143752
vt 0.888161 0.154511
vt 0.900472 0.164402
vt 0.921241 0.175134
vt 0.878569 0.169911
vt 0.856667 0.175419
vt 0.845288 0.161211
vt 0.855829 0.159151
vt 0.832399 0.171732
vt 0.808131 0.168045
vt 0.811359 0.152302
vt 0.821020 0.157524
vt 0.808061 0.106397
vt 0.817218 0.109457
vt 0.811324 0.121478
vt 0.814073 0.092000
vt 0.820084 0.077604
vt 0.828468 0.082486
vt 0.823229 0.095061
vt 0.838905 0.054954
vt 0.846427 0.068993
vt 0.837879 0.071161
vt 0.853369 0.054094
vt 0.867834 0.053234
vt 0.869546 0.069296
vt 0.860891 0.068133
vt 0.888123 0.074271
vt 0.885230 0.091912
vt 0.879690 0.079815
vt 0.894328 0.088512
vt 0.900534 0.102754
vt 0.897382 0.117878
vt 0.891436 0.106153
vt 0.912556 0.131547
vt 0.906514 0.147974
vt 0.903393 0.132275
vt 0.921967 0.142872
vt 0.931377 0.154197
vt 0.936694 0.170031
vt 0.915925 0.159299
vt 0.960306 0.155917
vt 0.976691 0.161981
vt 0.951158 0.170891
vt 0.775361 0.155917
vt 0.785506 0.145398
vt 0.791746 0.161981
vt 0.795651 0.134880
vt 0.805119 0.135719
vt 0.801891 0.151462
vt 0.829495 0.066279
vt 0.814042 0.061176
vt 0.807999 0.044748
vt 0.828769 0.034016
vt 0.823452 0.049851
vt 0.877978 0.063752
vt 0.884218 0.047170
vt 0.900603 0.041106
vt 0.903831 0.056849
vt 0.894363 0.057688
vt 0.906545 0.117150
vt 0.909690 0.099693
vt 0.918847 0.096633
vt 0.924086 0.109207
vt 0.915702 0.114090
vt 0.945842 0.155057
vt 0.938899 0.140158
vt 0.946421 0.126119
vt 0.955076 0.124955
vt 0.953364 0.141018
vt 0.801856 0.120638
vt 0.792758 0.117239
vt 0.789865 0.099598
vt 0.795811 0.087873
vt 0.798963 0.102997
vt 0.783377 0.064529
vt 0.795688 0.054639
vt 0.792567 0.070339
vt 0.773786 0.049130
vt 0.764195 0.033731
vt 0.806867 0.028508
vt 0.786097 0.039240
vt 0.949140 0.033731
vt 0.924871 0.037419
vt 0.899339 0.028508
vt 0.937760 0.047939
vt 0.926381 0.062147
vt 0.916720 0.067369
vt 0.913492 0.051627
vt 0.922614 0.079390
vt 0.931955 0.077833
vt 0.937529 0.093520
vt 0.933427 0.107651
vt 0.928188 0.095076
vt 0.786621 0.082063
vt 0.780622 0.097130
vt 0.956322 0.094663
vt 0.962322 0.079596
vt 0.941975 0.109819
vt 0.946926 0.094091
vt 0.960026 0.109227
vt 0.951372 0.110391
vt 0.963730 0.123791
vt 0.968322 0.064529
vt 0.777377 0.079596
vt 0.771378 0.094663
vt 0.962018 0.139854
vt 0.967543 0.176955
vt 0.993075 0.168045
vt 0.854991 0.142883
vt 0.958731 0.049130
s 0
f 5150/208/5300 5223/209/5300 5192/210/5300
f 5151/211/5301 5193/212/5301 5195/213/5301
f 5150/208/5302 5192/210/5302 5197/214/5302
f 5150/208/5303 5197/214/5303 5199/215/5303
f 5150/208/5304 5199/215/5304 5226/216/5304
f 5151/211/5305 5195/213/5305 5202/217/5305
f 5152/218/5306 5194/219/5306 5204/220/5306
f 5153/221/5307 5198/222/5307 5206/223/5307
f 5154/224/5308 5200/225/5308 5208/226/5308
f 5155/227/5309 5201/228/5309 5210/229/5309
f 5151/211/5310 5202/217/5310 5235/230/5310
f 5152/218/5311 5204/220/5311 5237/231/5311
f 5153/221/5312 5206/223/5312 5239/232/5312
f 5154/224/5313 5208/226/5313 5241/233/5313
f 5155/227/5314 5210/229/5314 5233/234/5314
f 5156/235/5315 5212/236/5315 5217/237/5315
f 5157/238/5316 5213/239/5316 5219/240/5316
f 5158/241/5317 5214/242/5317 5220/243/5317
f 5159/244/5318 5215/245/5318 5221/246/5318
f 5160/247/5319 5216/248/5319 5248/249/5319
f 5188/250/5320 5252/251/5320 5218/252/5320
f 5188/250/5321 5253/253/5321 5252/251/5321
f 5186/254/5322 5246/255/5322 5254/256/5322
f 5191/257/5323 5255/258/5323 5251/259/5323
f 5191/257/5324 5256/260/5324 5255/258/5324
f 5185/261/5325 5245/262/5325 5257/263/5325
f 5190/264/5326 5258/265/5326 5250/266/5326
f 5190/264/5327 5259/267/5327 5258/265/5327
f 5184/268/5328 5244/269/5328 5260/270/5328
f 5189/271/5329 5261/272/5329 5249/273/5329
f 5189/271/5330 5262/274/5330 5261/272/5330
f 5183/275/5331 5243/276/5331 5263/277/5331
f 5187/278/5332 5264/279/5332 5247/280/5332
f 5187/278/5333 5265/281/5333 5264/279/5333
f 5182/282/5334 5242/283/5334 5266/284/5334
f 5173/285/5335 5267/286/5335 5203/287/5335
f 5173/285/5336 5268/288/5336 5267/286/5336
f 5180/289/5337 5240/290/5337 5269/291/5337
f 5181/292/5338 5270/293/5338 5211/294/5338
f 5181/292/5339 5271/295/5339 5270/293/5339
f 5178/296/5340 5238/297/5340 5272/298/5340
f 5179/299/5341 5273/300/5341 5209/301/5341
f 5179/299/5342 5274/302/5342 5273/300/5342
f 5176/303/5343 5236/304/5343 5275/305/5343
f 5177/306/5344 5276/307/5344 5207/308/5344
f 5177/306/5345 5277/309/5345 5276/307/5345
f 5174/310/5346 5234/311/5346 5278/312/5346
f 5175/313/5347 5279/314/5347 5205/315/5347
f 5175/316/5348 5280/317/5348 5279/318/5348
f 5172/319/5349 5232/320/5349 5281/321/5349
f 5180/289/5350 5282/322/5350 5240/290/5350
f 5180/289/5351 5283/323/5351 5282/322/5351
f 5171/324/5352 5231/325/5352 5284/326/5352
f 5178/296/5353 5285/327/5353 5238/297/5353
f 5178/296/5354 5286/328/5354 5285/327/5354
f 5170/329/5355 5230/330/5355 5287/331/5355
f 5176/303/5356 5288/332/5356 5236/304/5356
f 5176/303/5357 5289/333/5357 5288/332/5357
f 5168/334/5358 5228/335/5358 5290/336/5358
f 5174/310/5359 5291/337/5359 5234/311/5359
f 5174/310/5360 5292/338/5360 5291/337/5360
f 5164/339/5361 5224/340/5361 5293/341/5361
f 5172/319/5362 5294/342/5362 5232/320/5362
f 5172/319/5363 5295/343/5363 5294/342/5363
f 5165/344/5364 5225/345/5364 5296/346/5364
f 5166/347/5365 5297/348/5365 5196/349/5365
f 5166/347/5366 5298/350/5366 5297/348/5366
f 5169/351/5367 5229/352/5367 5299/353/5367
f 5169/354/5368 5300/355/5368 5229/356/5368
f 5169/354/5369 5301/357/5369 5300/355/5369
f 5167/358/5370 5227/359/5370 5302/360/5370
f 5167/358/5371 5303/361/5371 5227/359/5371
f 5167/358/5372 5304/362/5372 5303/361/5372
f 5162/363/5373 5222/364/5373 5305/365/5373
f 5165/344/5374 5306/366/5374 5225/345/5374
f 5165/344/5375 5307/367/5375 5306/366/5375
f 5163/368/5376 5223/209/5376 5308/369/5376
f 5162/363/5377 5309/370/5377 5222/364/5377
f 5162/363/5378 5310/371/5378 5309/370/5378
f 5163/368/5379 5193/372/5379 5311/373/5379
f 5311/373/5380 5224/340/5380 5164/339/5380
f 5311/373/5381 5193/372/5381 5224/340/5381
f 5193/372/5382 5151/374/5382 5224/340/5382
f 5309/370/5383 5311/373/5383 5164/339/5383
f 5309/370/5384 5310/371/5384 5311/373/5384
f 5310/371/5385 5163/368/5385 5311/373/5385
f 5222/364/5386 5194/219/5386 5152/218/5386
f 5222/364/5387 5309/370/5387 5194/219/5387
f 5309/370/5388 5164/339/5388 5194/219/5388
f 5308/369/5389 5226/216/5389 5166/375/5389
f 5308/369/5390 5223/209/5390 5226/216/5390
f 5223/209/5391 5150/208/5391 5226/216/5391
f 5306/366/5392 5308/376/5392 5166/347/5392
f 5306/366/5393 5307/367/5393 5308/376/5393
f 5307/367/5394 5163/377/5394 5308/376/5394
f 5225/345/5395 5196/349/5395 5155/227/5395
f 5225/345/5396 5306/366/5396 5196/349/5396
f 5306/366/5397 5166/347/5397 5196/349/5397
f 5305/365/5398 5228/335/5398 5168/334/5398
f 5305/365/5399 5222/364/5399 5228/335/5399
f 5222/364/5400 5152/218/5400 5228/335/5400
f 5303/361/5401 5305/365/5401 5168/334/5401
f 5303/361/5402 5304/362/5402 5305/365/5402
f 5304/362/5403 5162/363/5403 5305/365/5403
f 5227/359/5404 5198/222/5404 5153/221/5404
f 5227/359/5405 5303/361/5405 5198/222/5405
f 5303/361/5406 5168/334/5406 5198/222/5406
f 5302/360/5407 5230/330/5407 5170/329/5407
f 5302/360/5408 5227/359/5408 5230/330/5408
f 5227/359/5409 5153/221/5409 5230/330/5409
f 5300/355/5410 5302/360/5410 5170/329/5410
f 5300/355/5411 5301/357/5411 5302/360/5411
f 5301/357/5412 5167/358/5412 5302/360/5412
f 5229/356/5413 5200/225/5413 5154/224/5413
f 5229/356/5414 5300/355/5414 5200/225/5414
f 5300/355/5415 5170/329/5415 5200/225/5415
f 5299/353/5416 5231/325/5416 5171/324/5416
f 5299/353/5417 5229/352/5417 5231/325/5417
f 5229/352/5418 5154/224/5418 5231/325/5418
f 5297/348/5419 5299/353/5419 5171/324/5419
f 5297/348/5420 5298/350/5420 5299/353/5420
f 5298/350/5421 5169/351/5421 5299/353/5421
f 5196/349/5422 5201/228/5422 5155/227/5422
f 5196/349/5423 5297/348/5423 5201/228/5423
f 5297/348/5424 5171/324/5424 5201/228/5424
f 5296/346/5425 5233/234/5425 5173/285/5425
f 5296/346/5426 5225/345/5426 5233/234/5426
f 5225/345/5427 5155/227/5427 5233/234/5427
f 5294/342/5428 5296/346/5428 5173/285/5428
f 5294/342/5429 5295/343/5429 5296/346/5429
f 5295/343/5430 5165/344/5430 5296/346/5430
f 5232/320/5431 5203/287/5431 5160/247/5431
f 5232/320/5432 5294/342/5432 5203/287/5432
f 5294/342/5433 5173/285/5433 5203/287/5433
f 5293/341/5434 5235/378/5434 5175/313/5434
f 5293/341/5435 5224/340/5435 5235/378/5435
f 5224/340/5436 5151/374/5436 5235/378/5436
f 5291/337/5437 5293/341/5437 5175/313/5437
f 5291/337/5438 5292/338/5438 5293/341/5438
f 5292/338/5439 5164/339/5439 5293/341/5439
f 5234/311/5440 5205/315/5440 5156/235/5440
f 5234/311/5441 5291/337/5441 5205/315/5441
f 5291/337/5442 5175/313/5442 5205/315/5442
f 5290/336/5443 5237/231/5443 5177/306/5443
f 5290/336/5444 5228/335/5444 5237/231/5444
f 5228/335/5445 5152/218/5445 5237/231/5445
f 5288/332/5446 5290/336/5446 5177/306/5446
f 5288/332/5447 5289/333/5447 5290/336/5447
f 5289/333/5448 5168/334/5448 5290/336/5448
f 5236/304/5449 5207/308/5449 5157/238/5449
f 5236/304/5450 5288/332/5450 5207/308/5450
f 5288/332/5451 5177/306/5451 5207/308/5451
f 5287/331/5452 5239/232/5452 5179/299/5452
f 5287/331/5453 5230/330/5453 5239/232/5453
f 5230/330/5454 5153/221/5454 5239/232/5454
f 5285/327/5455 5287/331/5455 5179/299/5455
f 5285/327/5456 5286/328/5456 5287/331/5456
f 5286/328/5457 5170/329/5457 5287/331/5457
f 5238/297/5458 5209/301/5458 5158/241/5458
f 5238/297/5459 5285/327/5459 5209/301/5459
f 5285/327/5460 5179/299/5460 5209/301/5460
f 5284/326/5461 5241/233/5461 5181/292/5461
f 5284/326/5462 5231/325/5462 5241/233/5462
f 5231/325/5463 5154/224/5463 5241/233/5463
f 5282/322/5464 5284/326/5464 5181/292/5464
f 5282/322/5465 5283/323/5465 5284/326/5465
f 5283/323/5466 5171/324/5466 5284/326/5466
f 5240/290/5467 5211/294/5467 5159/244/5467
f 5240/290/5468 5282/322/5468 5211/294/5468
f 5282/322/5469 5181/292/5469 5211/294/5469
f 5281/321/5470 5242/283/5470 5182/282/5470
f 5281/321/5471 5232/320/5471 5242/283/5471
f 5232/320/5472 5160/247/5472 5242/283/5472
f 5279/318/5473 5281/321/5473 5182/282/5473
f 5279/318/5474 5280/317/5474 5281/321/5474
f 5280/317/5475 5172/319/5475 5281/321/5475
f 5205/315/5476 5212/379/5476 5156/235/5476
f 5205/315/5477 5279/314/5477 5212/379/5477
f 5279/314/5478 5182/380/5478 5212/379/5478
f 5278/312/5479 5243/276/5479 5183/275/5479
f 5278/312/5480 5234/311/5480 5243/276/5480
f 5234/311/5481 5156/235/5481 5243/276/5481
f 5276/307/5482 5278/312/5482 5183/275/5482
f 5276/307/5483 5277/309/5483 5278/312/5483
f 5277/309/5484 5174/310/5484 5278/312/5484
f 5207/308/5485 5213/239/5485 5157/238/5485
f 5207/308/5486 5276/307/5486 5213/239/5486
f 5276/307/5487 5183/275/5487 5213/239/5487
f 5275/305/5488 5244/269/5488 5184/268/5488
f 5275/305/5489 5236/304/5489 5244/269/5489
f 5236/304/5490 5157/238/5490 5244/269/5490
f 5273/300/5491 5275/305/5491 5184/268/5491
f 5273/300/5492 5274/302/5492 5275/305/5492
f 5274/302/5493 5176/303/5493 5275/305/5493
f 5209/301/5494 5214/242/5494 5158/241/5494
f 5209/301/5495 5273/300/5495 5214/242/5495
f 5273/300/5496 5184/268/5496 5214/242/5496
f 5272/298/5497 5245/262/5497 5185/261/5497
f 5272/298/5498 5238/297/5498 5245/262/5498
f 5238/297/5499 5158/241/5499 5245/262/5499
f 5270/293/5500 5272/298/5500 5185/261/5500
f 5270/293/5501 5271/295/5501 5272/298/5501
f 5271/295/5502 5178/296/5502 5272/298/5502
f 5211/294/5503 5215/245/5503 5159/244/5503
f 5211/294/5504 5270/293/5504 5215/245/5504
f 5270/293/5505 5185/261/5505 5215/245/5505
f 5269/291/5506 5246/255/5506 5186/254/5506
f 5269/291/5507 5240/290/5507 5246/255/5507
f 5240/290/5508 5159/244/5508 5246/255/5508
f 5267/286/5509 5269/291/5509 5186/254/5509
f 5267/286/5510 5268/288/5510 5269/291/5510
f 5268/288/5511 5180/289/5511 5269/291/5511
f 5203/287/5512 5216/248/5512 5160/247/5512
f 5203/287/5513 5267/286/5513 5216/248/5513
f 5267/286/5514 5186/254/5514 5216/248/5514
f 5266/284/5515 5248/249/5515 5188/250/5515
f 5266/284/5516 5242/283/5516 5248/249/5516
f 5242/283/5517 5160/247/5517 5248/249/5517
f 5264/279/5518 5266/284/5518 5188/250/5518
f 5264/279/5519 5265/281/5519 5266/284/5519
f 5265/281/5520 5182/282/5520 5266/284/5520
f 5247/280/5521 5218/252/5521 5161/381/5521
f 5247/280/5522 5264/279/5522 5218/252/5522
f 5264/279/5523 5188/250/5523 5218/252/5523
f 5263/277/5524 5217/237/5524 5187/278/5524
f 5263/277/5525 5243/276/5525 5217/237/5525
f 5243/276/5526 5156/235/5526 5217/237/5526
f 5261/272/5527 5263/277/5527 5187/278/5527
f 5261/272/5528 5262/274/5528 5263/277/5528
f 5262/274/5529 5183/275/5529 5263/277/5529
f 5249/273/5530 5247/280/5530 5161/381/5530
f 5249/273/5531 5261/272/5531 5247/280/5531
f 5261/272/5532 5187/278/5532 5247/280/5532
f 5260/270/5533 5219/240/5533 5189/271/5533
f 5260/270/5534 5244/269/5534 5219/240/5534
f 5244/269/5535 5157/238/5535 5219/240/5535
f 5258/265/5536 5260/270/5536 5189/271/5536
f 5258/265/5537 5259/267/5537 5260/270/5537
f 5259/267/5538 5184/268/5538 5260/270/5538
f 5250/266/5539 5249/273/5539 5161/381/5539
f 5250/266/5540 5258/265/5540 5249/273/5540
f 5258/265/5541 5189/271/5541 5249/273/5541
f 5257/263/5542 5220/243/5542 5190/264/5542
f 5257/263/5543 5245/262/5543 5220/243/5543
f 5245/262/5544 5158/241/5544 5220/243/5544
f 5255/258/5545 5257/263/5545 5190/264/5545
f 5255/258/5546 5256/260/5546 5257/263/5546
f 5256/260/5547 5185/261/5547 5257/263/5547
f 5251/259/5548 5250/266/5548 5161/381/5548
f 5251/259/5549 5255/258/5549 5250/266/5549
f 5255/258/5550 5190/264/5550 5250/266/5550
f 5254/256/5551 5221/246/5551 5191/257/5551
f 5254/256/5552 5246/255/5552 5221/246/5552
f 5246/255/5553 5159/244/5553 5221/246/5553
f 5252/251/5554 5254/256/5554 5191/257/5554
f 5252/251/5555 5253/253/5555 5254/256/5555
f 5253/253/5556 5186/254/5556 5254/256/5556
f 5218/252/5557 5251/259/5557 5161/381/5557
f 5218/252/5558 5252/251/5558 5251/259/5558
f 5252/251/5559 5191/257/5559 5251/259/5559
f 5248/249/5560 5253/253/5560 5188/250/5560
f 5248/249/5561 5216/248/5561 5253/253/5561
f 5216/248/5562 5186/254/5562 5253/253/5562
f 5221/246/5563 5256/260/5563 5191/257/5563
f 5221/246/5564 5215/245/5564 5256/260/5564
f 5215/245/5565 5185/261/5565 5256/260/5565
f 5220/243/5566 5259/267/5566 5190/264/5566
f 5220/243/5567 5214/242/5567 5259/267/5567
f 5214/242/5568 5184/268/5568 5259/267/5568
f 5219/240/5569 5262/274/5569 5189/271/5569
f 5219/240/5570 5213/239/5570 5262/274/5570
f 5213/239/5571 5183/275/5571 5262/274/5571
f 5217/237/5572 5265/281/5572 5187/278/5572
f 5217/237/5573 5212/236/5573 5265/281/5573
f 5212/236/5574 5182/282/5574 5265/281/5574
f 5233/234/5575 5268/288/5575 5173/285/5575
f 5233/234/5576 5210/229/5576 5268/288/5576
f 5210/229/5577 5180/289/5577 5268/288/5577
f 5241/233/5578 5271/295/5578 5181/292/5578
f 5241/233/5579 5208/226/5579 5271/295/5579
f 5208/226/5580 5178/296/5580 5271/295/5580
f 5239/232/5581 5274/302/5581 5179/299/5581
f 5239/232/5582 5206/223/5582 5274/302/5582
f 5206/223/5583 5176/303/5583 5274/302/5583
f 5237/231/5584 5277/309/5584 5177/306/5584
f 5237/231/5585 5204/220/5585 5277/309/5585
f 5204/220/5586 5174/310/5586 5277/309/5586
f 5235/230/5587 5280/317/5587 5175/316/5587
f 5235/230/5588 5202/217/5588 5280/317/5588
f 5202/217/5589 5172/319/5589 5280/317/5589
f 5210/229/5590 5283/323/5590 5180/289/5590
f 5210/229/5591 5201/228/5591 5283/323/5591
f 5201/228/5592 5171/324/5592 5283/323/5592
f 5208/226/5593 5286/328/5593 5178/296/5593
f 5208/226/5594 5200/225/5594 5286/328/5594
f 5200/225/5595 5170/329/5595 5286/328/5595
f 5206/223/5596 5289/333/5596 5176/303/5596
f 5206/223/5597 5198/222/5597 5289/333/5597
f 5198/222/5598 5168/334/5598 5289/333/5598
f 5204/220/5599 5292/338/5599 5174/310/5599
f 5204/220/5600 5194/219/5600 5292/338/5600
f 5194/219/5601 5164/339/5601 5292/338/5601
f 5202/217/5602 5295/343/5602 5172/319/5602
f 5202/217/5603 5195/213/5603 5295/343/5603
f 5195/213/5604 5165/344/5604 5295/343/5604
f 5226/216/5605 5298/382/5605 5166/375/5605
f 5226/216/5606 5199/215/5606 5298/382/5606
f 5199/215/5607 5169/354/5607 5298/382/5607
f 5199/215/5608 5301/357/5608 5169/354/5608
f 5199/215/5609 5197/214/5609 5301/357/5609
f 5197/214/5610 5167/358/5610 5301/357/5610
f 5197/214/5611 5304/362/5611 5167/358/5611
f 5197/214/5612 5192/210/5612 5304/362/5612
f 5192/210/5613 5162/363/5613 5304/362/5613
f 5195/213/5614 5307/367/5614 5165/344/5614
f 5195/213/5615 5193/212/5615 5307/367/5615
f 5193/212/5616 5163/377/5616 5307/367/5616
f 5192/210/5617 5310/371/5617 5162/363/5617
f 5192/210/5618 5223/209/5618 5310/371/5618
f 5223/209/5619 5163/368/5619 5310/371/5619
o collidable.004
v 3.394443 2.068809 67.867020
v 8.488386 4.192943 71.348160
v 1.381059 4.066740 73.765694
v -1.860418 4.690300 67.701538
v 1.478357 4.281909 61.797050
v 6.714725 5.332767 65.711578
v 5.148901 9.268491 72.253380
v -0.501714 9.479914 70.509850
v -0.619248 9.718891 64.708832
v 4.660240 9.624086 62.590942
v 10.344339 10.680900 67.678535
v 3.428039 13.174973 67.424706
v 2.241829 1.953949 70.709320
v 5.876573 2.393559 69.375603
v 4.573697 4.458167 71.987778
v 9.028920 3.636471 67.627014
v 5.852285 1.931518 65.842834
v 0.878396 3.210617 67.903748
v -1.371928 3.619014 71.081406
v 2.508260 2.535751 64.913269
v 0.197085 5.111514 65.329453
v 4.983753 3.892458 62.521130
v 8.813024 7.166424 69.717957
v 8.697662 7.280174 65.916534
v 3.306004 7.241212 74.193123
v 6.900228 7.446474 72.482140
v -1.637041 7.104620 69.495338
v -0.783371 7.328736 73.392487
v -0.107050 7.234765 62.918980
v -0.918437 7.163110 66.119217
v 6.260132 7.338373 63.362198
v 3.523560 7.269528 61.927780
v 6.732926 10.065271 70.289062
v 2.135995 9.186901 71.029358
v -0.549234 9.568609 67.681213
v 1.704701 10.702114 62.403622
v 7.097199 10.124949 65.168167
v 4.240929 11.751869 70.302246
v 6.391828 12.146305 67.692314
v 1.342792 11.203975 69.057419
v 1.324501 12.285786 65.813393
v 4.089235 12.393640 64.784492
v 2.844911 1.104651 69.213913
v 7.275120 3.452488 70.135468
v 3.233410 3.877114 73.392075
v 9.287752 3.613450 69.818520
v 6.117953 4.126848 65.938553
v 2.225958 2.658730 68.016693
v -1.446203 4.465829 69.222969
v 3.145012 2.788530 66.523613
v 1.187200 5.050894 63.896278
v 5.269006 5.129505 64.785538
v 9.534527 5.521226 70.904854
v 9.904638 8.941319 66.677193
v 2.366507 5.708693 72.932259
v 6.342364 8.992910 73.626068
v -1.779362 5.745831 68.630402
v -0.985187 8.783097 72.035225
v 0.788758 5.780648 62.380646
v -0.535943 8.380513 65.487831
v 6.214003 6.371638 64.870361
v 4.463844 8.996167 60.806858
v 6.429791 10.378522 72.168678
v 0.706337 9.295265 70.865654
v -0.149424 9.373604 66.280159
v 3.431857 10.625635 61.748856
v 8.886683 10.638033 66.164795
v 4.838889 10.282150 71.003220
v 4.929760 13.439056 67.699516
v 0.764054 9.978479 69.626846
v 0.646377 10.505640 65.400299
v 4.030407 10.407707 64.139778
v 1.826712 3.196702 72.203819
v 4.390727 2.098313 68.497528
v 6.225839 4.669918 71.002861
v 8.220284 4.248670 65.940269
v 4.550722 1.689059 66.780769
v -0.078593 4.446620 67.932892
v -0.129700 3.664217 72.791115
v 2.273255 3.717806 63.493896
v -0.385883 5.199498 66.678375
v 3.189458 4.054315 62.047958
v 10.004164 8.897696 68.763237
v 7.889330 5.922624 65.456970
v 4.357848 8.731197 73.772186
v 7.290495 6.079794 71.069580
v -0.942758 8.434350 70.130608
v 0.152071 5.480652 73.899048
v -0.199944 8.542966 64.028679
v -1.061049 5.923484 67.018692
v 5.643811 8.513909 62.579197
v 2.280286 5.578219 61.111221
v 8.556012 10.327606 68.917320
v 3.650361 9.265547 71.680779
v -0.379141 9.452289 69.101776
v 0.604633 9.957603 63.957527
v 5.439024 9.347636 64.449547
v 3.810072 12.424726 68.916832
v 8.517888 11.815769 67.618561
v 2.405003 11.536976 67.912148
v 2.081022 13.660923 66.583908
v 3.895081 14.114466 65.998192
v 5.377481 12.452245 66.205360
v 7.359013 11.918838 65.955856
v 5.585480 10.976622 65.249649
v 2.440735 13.536304 64.640816
v 2.862020 12.165686 63.036530
v 1.432716 11.726316 64.060059
v 1.119374 11.876167 67.445297
v 0.061027 10.899736 66.864357
v 0.541795 10.367702 68.293236
v 2.689499 10.834356 69.354172
v 1.644551 10.555820 70.343445
v 3.140994 10.039589 70.356537
v 5.598963 12.841252 69.429329
v 6.156398 11.931883 70.985306
v 7.106393 11.708909 69.279846
v 8.143492 8.784710 65.490578
v 7.204058 7.368056 65.058754
v 6.687757 8.581915 64.295883
v 2.525200 9.038332 61.789917
v 1.637626 7.228351 62.415367
v 0.911825 8.793129 62.846676
v -1.055935 8.508098 66.939209
v -0.692495 7.202473 67.793571
v -0.943860 8.473123 68.473846
v 0.689747 8.664398 72.576920
v 1.399626 7.166379 73.092186
v 2.742568 8.233949 72.458008
v 7.325792 8.811663 71.920403
v 8.859812 7.357900 71.646843
v 8.098360 8.568232 70.008148
v 5.356668 7.186285 61.447239
v 5.166933 6.014148 63.279934
v 4.218518 5.552790 61.811954
v -0.861337 7.121774 64.456802
v -0.313267 5.945309 63.883785
v -1.178753 5.866665 65.329933
v -1.541492 7.188038 71.347725
v -2.293447 5.482233 70.497147
v -0.771377 5.550553 71.979530
v 5.106583 7.398149 73.394142
v 4.098526 5.731013 73.097427
v 5.700102 5.856052 72.264023
v 8.173046 7.429561 67.815567
v 8.638525 5.352880 68.912109
v 7.781445 5.621154 66.927849
v 4.692706 3.433958 64.802017
v 4.173882 1.610414 64.985680
v 3.707423 2.636898 63.384640
v 1.584305 4.218776 65.364586
v 1.655308 3.148419 66.486046
v 0.521545 4.003342 66.512878
v -0.341178 2.969759 69.454994
v 1.119716 1.787014 69.450737
v 0.090486 2.070718 71.284576
v 7.027454 3.388772 67.005722
v 7.672115 2.694128 68.661263
v 6.005251 2.037084 67.676659
v 3.676385 2.887569 71.819466
v 3.954772 2.503838 69.933052
v 5.196737 3.543916 70.543945
vn 0.3175 -0.8276 -0.4629
vn 0.1370 -0.9005 0.4127
vn -0.4113 -0.6534 -0.6355
vn -0.4573 -0.8164 -0.3525
vn -0.5488 -0.7750 -0.3133
vn 0.7397 -0.4027 0.5391
vn 0.2191 0.3339 0.9168
vn -0.9606 -0.1384 0.2411
vn -0.9033 -0.4279 0.0315
vn 0.5388 -0.3578 -0.7626
vn 0.1265 0.2230 0.9666
vn 0.3684 0.2354 0.8994
vn -0.8633 0.3691 -0.3441
vn -0.6483 -0.0018 -0.7614
vn 0.1222 -0.5884 -0.7993
vn -0.4906 0.6133 0.6190
vn -0.0083 0.8758 0.4826
vn -0.6236 0.7034 0.3410
vn 0.6692 0.7363 -0.1004
vn 0.4748 0.7389 -0.4781
vn 0.6342 0.7188 -0.2847
vn 0.2622 0.9648 0.0197
vn 0.1883 0.4193 -0.8881
vn 0.4427 0.5496 -0.7085
vn 0.5313 0.7080 -0.4653
vn -0.8257 0.4091 -0.3885
vn -0.8784 0.4779 0.0095
vn -0.7014 0.7071 0.0893
vn -0.6345 0.7604 0.1382
vn 0.1572 0.8997 0.4073
vn 0.1545 0.8964 0.4155
vn -0.2824 0.7769 0.5627
vn -0.3288 0.8053 0.4934
vn -0.2722 0.7851 0.5564
vn 0.5295 0.3533 0.7713
vn 0.5603 -0.0280 -0.8278
vn 0.4942 -0.0634 -0.8670
vn 0.8485 0.0986 -0.5199
vn -0.4351 -0.3115 -0.8448
vn -0.2405 -0.2096 -0.9478
vn -0.7008 0.4319 -0.5678
vn -0.9320 0.1144 -0.3440
vn -0.9738 -0.1823 0.1357
vn -0.8886 0.4585 0.0113
vn -0.1899 0.6557 0.7308
vn 0.1538 0.3858 0.9097
vn -0.6131 0.5833 0.5328
vn 0.8618 -0.0615 0.5034
vn 0.3896 0.2440 0.8881
vn 0.5324 0.0974 0.8409
vn 0.8847 0.1765 -0.4314
vn 0.7439 -0.5953 -0.3037
vn 0.2184 -0.2964 -0.9297
vn -0.8693 0.2824 -0.4056
vn -0.8755 -0.1918 -0.4435
vn -0.4758 -0.8668 -0.1491
vn -0.8911 0.4531 0.0256
vn -0.9200 0.3907 0.0299
vn -0.8085 -0.0220 0.5880
vn 0.4076 -0.0299 0.9127
vn 0.4016 -0.3903 0.8285
vn 0.4838 -0.5278 0.6981
vn 0.6880 -0.6506 -0.3214
vn 0.9487 0.0476 -0.3126
vn 0.8572 0.4518 -0.2470
vn 0.6357 -0.0433 -0.7707
vn 0.4768 -0.2213 -0.8507
vn -0.5516 -0.6836 -0.4780
vn -0.8797 -0.4267 -0.2097
vn -0.8646 -0.3896 -0.3171
vn -0.7842 -0.6038 -0.1429
vn -0.6479 -0.4878 -0.5851
vn -0.5366 -0.6610 -0.5245
vn 0.1349 -0.7431 0.6554
vn 0.2415 -0.8693 -0.4313
vn 0.2472 -0.8554 -0.4552
vn 0.0697 -0.9752 0.2099
vn 0.0046 -0.7683 0.6401
vn 0.3932 -0.8879 0.2387
vn 0.1138 -0.6740 0.7299
vn 0.4467 -0.6561 0.6082
vn 0.1479 -0.4862 0.8613
vn -0.2494 -0.6953 0.6741
vn 0.6799 -0.4505 0.5786
vn 0.5494 -0.7992 0.2437
vn 0.1778 -0.6475 0.7410
vn 0.0092 -0.8724 0.4886
vn -0.0328 -0.8501 0.5256
vn 0.7276 -0.4693 0.5003
vn 0.2099 -0.9770 0.0387
vn 0.0846 -0.9675 0.2385
vn -0.1110 -0.9690 0.2207
vn 0.7899 -0.6125 -0.0306
vn 0.5560 -0.6668 -0.4963
vn 0.2445 -0.9451 0.2168
vn 0.0118 -0.1906 -0.9816
vn 0.0470 -0.8024 -0.5950
vn 0.7388 -0.0601 -0.6712
vn -0.6627 -0.5608 0.4963
vn 0.0560 -0.6818 0.7294
vn -0.0690 -0.8798 0.4704
vn -0.7048 -0.6883 -0.1719
vn -0.6132 -0.7566 -0.2271
vn -0.0150 -0.9894 0.1446
vn -0.1202 -0.9863 -0.1128
vn -0.5865 -0.5284 -0.6139
vn -0.7618 -0.6004 -0.2431
vn -0.7793 -0.5496 -0.3010
vn -0.7973 -0.5834 -0.1548
vn -0.0524 -0.8619 -0.5044
vn -0.4441 -0.7115 -0.5445
vn -0.4984 -0.6427 -0.5818
vn -0.5814 -0.7620 -0.2852
vn -0.7480 -0.6499 0.1343
vn -0.7875 -0.6027 -0.1286
vn -0.5076 -0.8012 -0.3168
vn 0.1377 -0.6525 -0.7452
vn -0.5447 -0.6721 -0.5016
vn -0.0866 -0.9568 -0.2775
vn 0.6789 -0.7317 -0.0605
vn 0.8546 -0.2868 -0.4328
vn -0.4333 -0.8108 -0.3936
vn 0.5330 -0.4037 -0.7436
vn 0.6734 -0.2357 -0.7007
vn 0.9455 -0.3208 0.0562
vn 0.8644 -0.5013 -0.0394
vn 0.9673 0.2250 0.1171
vn -0.0624 -0.2882 -0.9555
vn 0.9027 -0.3307 0.2754
vn 0.9178 -0.0039 -0.3970
vn 0.8504 0.4254 -0.3098
vn 0.9748 -0.2170 -0.0510
vn 0.6394 -0.7675 -0.0466
vn 0.7249 -0.6416 0.2507
vn 0.5607 -0.5123 0.6506
vn 0.5727 -0.4644 0.6755
vn -0.1387 0.0579 0.9886
vn 0.4191 -0.4262 0.8017
vn 0.4458 -0.4111 0.7951
vn 0.4309 -0.4962 0.7537
vn -0.1049 0.9535 0.2826
vn 0.1003 -0.2189 0.9706
vn 0.4167 -0.4387 0.7962
vn -0.8571 -0.3240 0.4005
vn -0.8962 -0.1213 0.4267
vn -0.4061 -0.4291 0.8068
vn -0.8923 -0.2845 0.3504
vn -0.6956 -0.0507 0.7166
vn -0.6902 -0.1174 0.7141
vn -0.9041 0.4163 -0.0964
vn -0.9284 0.3612 -0.0868
vn -0.9262 0.1804 0.3310
vn -0.9852 0.1593 0.0633
vn -0.7120 -0.6984 0.0731
vn -0.5402 -0.1117 -0.8341
vn -0.9748 0.2194 -0.0389
vn -0.8457 -0.1437 -0.5139
vn -0.4562 -0.8310 -0.3182
vn -0.9499 -0.1993 -0.2409
vn -0.9121 0.3737 -0.1684
vn -0.9590 0.2806 -0.0399
vn 0.3356 0.1980 -0.9210
vn 0.3138 -0.3543 -0.8809
vn 0.0610 -0.4960 -0.8662
vn -0.2550 -0.0380 -0.9662
vn 0.7502 -0.5896 -0.2994
vn 0.8130 0.1326 -0.5669
vn 0.7121 0.6341 -0.3015
vn 0.8370 0.2387 -0.4923
vn -0.2472 -0.4293 -0.8687
vn 0.5333 0.3412 0.7741
vn 0.4594 0.3787 0.8035
vn 0.4705 0.3913 0.7909
vn 0.7410 0.6349 0.2186
vn 0.6929 0.6951 0.1915
vn 0.8831 0.4642 -0.0675
vn -0.5139 0.6369 0.5747
vn 0.8127 0.3972 0.4264
vn 0.8706 0.4885 0.0590
vn -0.3022 0.7288 0.6144
vn -0.5375 0.7554 0.3748
vn -0.1091 0.9536 0.2805
vn 0.2065 0.8522 0.4807
vn 0.1323 0.3779 0.9163
vn -0.3464 0.7613 0.5481
vn 0.0152 0.9077 0.4194
vn -0.0452 0.9375 0.3452
vn 0.0315 0.9377 0.3460
vn -0.8941 0.4247 0.1418
vn -0.8695 0.4937 0.0121
vn -0.9062 0.4138 -0.0870
vn -0.9193 0.3861 0.0759
vn -0.9716 -0.2274 0.0658
vn -0.8733 0.0842 -0.4799
vn -0.9435 0.1209 0.3087
vn -0.7658 0.5559 -0.3232
vn -0.7635 0.5731 -0.2976
vn -0.8429 0.2381 -0.4826
vn -0.7134 0.3760 -0.5914
vn -0.5415 0.2679 -0.7969
vn -0.5514 0.0355 -0.8335
vn -0.5454 -0.0221 -0.8379
vn -0.2743 0.1352 -0.9521
vn 0.7179 0.6282 -0.3001
vn -0.4365 0.2268 -0.8706
vn -0.3426 0.1718 -0.9237
vn 0.1686 0.4508 -0.8766
vn 0.4672 0.8255 -0.3168
vn 0.7308 0.6497 -0.2096
vn 0.5868 0.2749 -0.7617
vn 0.6382 -0.1963 -0.7444
vn 0.8715 0.0652 -0.4860
vn 0.7005 0.2147 -0.6806
vn 0.5520 0.0806 -0.8299
vn 0.4509 0.1399 -0.8816
vn 0.1573 0.9679 0.1959
vn 0.6358 0.5167 0.5734
vn 0.3613 0.6184 0.6979
vn 0.5969 0.8009 -0.0480
vn 0.5987 0.7662 0.2333
vn 0.8749 0.0930 0.4752
vn -0.2367 0.8424 0.4841
vn -0.3178 0.8515 0.4172
vn 0.6624 0.7491 0.0026
vn -0.3761 0.2697 0.8864
vn -0.3242 0.7571 0.5672
vn -0.2484 0.7213 0.6465
vn -0.6424 0.4327 0.6325
vn 0.2748 0.8098 0.5183
vn 0.1607 0.4877 0.8581
vn -0.6854 0.5648 0.4595
vn -0.6808 0.5966 0.4250
vn -0.6455 0.5886 0.4866
vn -0.8089 0.5144 0.2849
vn -0.5131 0.7972 0.3182
vn -0.3975 0.9161 -0.0526
vn -0.8127 0.4891 0.3166
vn -0.7273 0.5262 0.4406
vn -0.6781 0.5844 0.4457
vn -0.3452 0.4592 0.8185
vn -0.1748 0.5028 0.8466
vn 0.1092 0.9227 0.3696
vn -0.9048 0.3862 -0.1791
vn -0.8942 0.4265 -0.1361
vn -0.3673 0.8730 -0.3210
vn -0.8209 0.5274 -0.2190
vn -0.5960 0.5265 -0.6063
vn -0.5609 0.6598 -0.5001
vn -0.0351 0.8399 0.5416
vn -0.2749 0.9549 -0.1121
vn -0.8132 0.5515 -0.1859
vn 0.4985 0.2543 -0.8288
vn 0.4509 0.3605 -0.8165
vn 0.6150 0.7756 -0.1423
vn 0.6404 0.4791 -0.6003
vn 0.0421 0.5473 -0.8359
vn 0.1630 0.3766 -0.9119
vn -0.2363 0.8452 0.4793
vn 0.7436 0.6384 -0.1988
vn 0.6348 0.4919 -0.5959
vn 0.1520 0.9874 -0.0447
vn 0.6220 0.6781 -0.3915
vn 0.3884 0.3224 -0.8633
vn 0.7970 0.1650 -0.5811
vn 0.8670 0.4667 -0.1745
vn -0.2731 0.5556 -0.7853
vn -0.8052 0.4068 -0.4314
vn -0.8631 0.2800 -0.4204
vn -0.9239 0.2412 -0.2972
vn -0.7148 0.5426 0.4412
vn -0.6892 0.6476 0.3250
vn -0.0709 0.4264 0.9018
vn -0.3456 0.2857 0.8938
vn -0.5468 0.4444 0.7096
vn 0.9605 0.2547 0.1124
vn 0.4979 -0.0029 -0.8672
vn 0.2996 -0.1187 -0.9466
vn 0.6922 -0.6170 -0.3743
vn -0.2202 0.5506 -0.8052
vn -0.5772 0.3560 -0.7349
vn -0.2721 0.1822 -0.9449
vn -0.9709 0.2033 0.1262
vn -0.8379 0.4384 -0.3251
vn -0.8232 0.3637 -0.4360
vn 0.1528 0.3324 0.9307
vn 0.3821 0.1534 0.9113
vn -0.4498 -0.3867 0.8051
vn 0.2718 -0.6530 0.7069
vn -0.0276 -0.3831 0.9233
vn 0.9291 0.3651 -0.0588
vn 0.7326 -0.5830 -0.3513
vn 0.7509 -0.5459 -0.3717
vn 0.9939 -0.0510 -0.0973
vn -0.7880 -0.2831 -0.5467
vn -0.4914 -0.8282 -0.2696
vn -0.4864 -0.8201 -0.3013
vn -0.9436 0.2424 -0.2256
vn -0.8826 -0.3662 -0.2948
vn -0.8565 -0.4817 -0.1853
vn -0.0675 -0.6089 0.7904
vn -0.0956 0.1996 0.9752
vn 0.7500 -0.2528 0.6112
vn 0.9046 0.0973 -0.4150
vn 0.9016 0.1200 -0.4155
vn 0.9486 0.2973 -0.1089
vn 0.1859 -0.9826 0.0040
vn -0.6262 -0.7620 0.1648
vn -0.4713 -0.8236 0.3156
vn -0.2337 -0.9422 0.2403
vn -0.2238 -0.9494 -0.2203
vn -0.3628 -0.9183 -0.1585
vn -0.2465 -0.7320 -0.6351
vn -0.3510 -0.6552 -0.6690
vn -0.2949 -0.8771 0.3792
vn 0.5316 -0.8440 -0.0716
vn 0.1451 -0.8634 0.4832
vn 0.3330 -0.7990 0.5007
vn 0.4740 -0.6698 0.5716
vn 0.6184 -0.6868 0.3818
vn 0.0259 -0.9599 0.2790
vt 0.947464 0.066268
vt 0.951893 0.080465
vt 0.942496 0.079894
vt 0.778785 0.123791
vt 0.775082 0.109227
vt 0.784325 0.111694
vt 0.936922 0.064208
vt 0.948302 0.049999
vt 0.957893 0.065399
vt 0.787218 0.129336
vt 0.929325 0.121782
vt 0.937873 0.123950
vt 0.930351 0.137989
vt 0.907059 0.072591
vt 0.912953 0.084612
vt 0.903797 0.087673
vt 0.849538 0.023284
vt 0.875071 0.032195
vt 0.858686 0.038259
vt 0.801758 0.076148
vt 0.804879 0.060448
vt 0.810921 0.076876
vt 0.777073 0.139854
vt 0.920941 0.126664
vt 0.897591 0.073431
vt 0.844222 0.039119
vt 0.804910 0.091272
vt 0.942011 0.185866
vt 0.875071 0.176955
vt 0.899339 0.180643
vt 0.894230 0.133002
vt 0.897351 0.148702
vt 0.885040 0.138812
vt 0.871258 0.085359
vt 0.876798 0.097456
vt 0.867554 0.099923
vt 0.836852 0.087369
vt 0.845401 0.085200
vt 0.840955 0.101500
vt 0.814587 0.136559
vt 0.820481 0.124538
vt 0.824248 0.141781
vt 0.833908 0.147003
vt 0.839483 0.131317
vt 0.844450 0.144943
vt 0.830142 0.129760
vt 0.826375 0.112517
vt 0.831614 0.099943
vt 0.835716 0.114074
vt 0.845057 0.115631
vt 0.854454 0.115059
vt 0.850024 0.129257
vt 0.849503 0.099331
vt 0.853949 0.083032
vt 0.862603 0.084195
vt 0.858899 0.098760
vt 0.863850 0.114487
vt 0.869850 0.129554
vt 0.859421 0.128685
vt 0.873094 0.112020
vt 0.882337 0.109553
vt 0.888284 0.121278
vt 0.879093 0.127087
vt 0.875849 0.144621
vt 0.866258 0.160020
vt 0.865420 0.143752
vt 0.888161 0.154511
vt 0.900472 0.164402
vt 0.921241 0.175134
vt 0.878569 0.169911
vt 0.856667 0.175419
vt 0.845288 0.161211
vt 0.855829 0.159151
vt 0.832399 0.171732
vt 0.808131 0.168045
vt 0.811359 0.152302
vt 0.821020 0.157524
vt 0.808061 0.106397
vt 0.817218 0.109457
vt 0.811324 0.121478
vt 0.814073 0.092000
vt 0.820084 0.077604
vt 0.828468 0.082486
vt 0.823229 0.095061
vt 0.838905 0.054954
vt 0.846427 0.068993
vt 0.837879 0.071161
vt 0.853369 0.054094
vt 0.867834 0.053234
vt 0.869546 0.069296
vt 0.860891 0.068133
vt 0.888123 0.074271
vt 0.885230 0.091912
vt 0.879690 0.079815
vt 0.894328 0.088512
vt 0.900534 0.102754
vt 0.897382 0.117878
vt 0.891436 0.106153
vt 0.912556 0.131547
vt 0.906514 0.147974
vt 0.903393 0.132275
vt 0.921967 0.142872
vt 0.931377 0.154197
vt 0.936694 0.170031
vt 0.915925 0.159299
vt 0.960306 0.155917
vt 0.976691 0.161981
vt 0.951158 0.170891
vt 0.775361 0.155917
vt 0.785506 0.145398
vt 0.791746 0.161981
vt 0.795651 0.134880
vt 0.805119 0.135719
vt 0.801891 0.151462
vt 0.829495 0.066279
vt 0.814042 0.061176
vt 0.807999 0.044748
vt 0.828769 0.034016
vt 0.823452 0.049851
vt 0.877978 0.063752
vt 0.884218 0.047170
vt 0.900603 0.041106
vt 0.903831 0.056849
vt 0.894363 0.057688
vt 0.906545 0.117150
vt 0.909690 0.099693
vt 0.918847 0.096633
vt 0.924086 0.109207
vt 0.915702 0.114090
vt 0.945842 0.155057
vt 0.938899 0.140158
vt 0.946421 0.126119
vt 0.955076 0.124955
vt 0.953364 0.141018
vt 0.801856 0.120638
vt 0.792758 0.117239
vt 0.789865 0.099598
vt 0.795811 0.087873
vt 0.798963 0.102997
vt 0.783377 0.064529
vt 0.795688 0.054639
vt 0.792567 0.070339
vt 0.773786 0.049130
vt 0.764195 0.033731
vt 0.806867 0.028508
vt 0.786097 0.039240
vt 0.949140 0.033731
vt 0.924871 0.037419
vt 0.899339 0.028508
vt 0.937760 0.047939
vt 0.926381 0.062147
vt 0.916720 0.067369
vt 0.913492 0.051627
vt 0.922614 0.079390
vt 0.931955 0.077833
vt 0.937529 0.093520
vt 0.933427 0.107651
vt 0.928188 0.095076
vt 0.786621 0.082063
vt 0.780622 0.097130
vt 0.956322 0.094663
vt 0.962322 0.079596
vt 0.941975 0.109819
vt 0.946926 0.094091
vt 0.960026 0.109227
vt 0.951372 0.110391
vt 0.963730 0.123791
vt 0.968322 0.064529
vt 0.777377 0.079596
vt 0.771378 0.094663
vt 0.962018 0.139854
vt 0.967543 0.176955
vt 0.993075 0.168045
vt 0.854991 0.142883
vt 0.958731 0.049130
s 0
f 5312/383/5620 5385/384/5620 5354/385/5620
f 5313/386/5621 5355/387/5621 5357/388/5621
f 5312/383/5622 5354/385/5622 5359/389/5622
f 5312/383/5623 5359/389/5623 5361/390/5623
f 5312/383/5624 5361/390/5624 5388/391/5624
f 5313/386/5625 5357/388/5625 5364/392/5625
f 5314/393/5626 5356/394/5626 5366/395/5626
f 5315/396/5627 5360/397/5627 5368/398/5627
f 5316/399/5628 5362/400/5628 5370/401/5628
f 5317/402/5629 5363/403/5629 5372/404/5629
f 5313/386/5630 5364/392/5630 5397/405/5630
f 5314/393/5631 5366/395/5631 5399/406/5631
f 5315/396/5632 5368/398/5632 5401/407/5632
f 5316/399/5633 5370/401/5633 5403/408/5633
f 5317/402/5634 5372/404/5634 5395/409/5634
f 5318/410/5635 5374/411/5635 5379/412/5635
f 5319/413/5636 5375/414/5636 5381/415/5636
f 5320/416/5637 5376/417/5637 5382/418/5637
f 5321/419/5638 5377/420/5638 5383/421/5638
f 5322/422/5639 5378/423/5639 5410/424/5639
f 5350/425/5640 5414/426/5640 5380/427/5640
f 5350/425/5641 5415/428/5641 5414/426/5641
f 5348/429/5642 5408/430/5642 5416/431/5642
f 5353/432/5643 5417/433/5643 5413/434/5643
f 5353/432/5644 5418/435/5644 5417/433/5644
f 5347/436/5645 5407/437/5645 5419/438/5645
f 5352/439/5646 5420/440/5646 5412/441/5646
f 5352/439/5647 5421/442/5647 5420/440/5647
f 5346/443/5648 5406/444/5648 5422/445/5648
f 5351/446/5649 5423/447/5649 5411/448/5649
f 5351/446/5650 5424/449/5650 5423/447/5650
f 5345/450/5651 5405/451/5651 5425/452/5651
f 5349/453/5652 5426/454/5652 5409/455/5652
f 5349/453/5653 5427/456/5653 5426/454/5653
f 5344/457/5654 5404/458/5654 5428/459/5654
f 5335/460/5655 5429/461/5655 5365/462/5655
f 5335/460/5656 5430/463/5656 5429/461/5656
f 5342/464/5657 5402/465/5657 5431/466/5657
f 5343/467/5658 5432/468/5658 5373/469/5658
f 5343/467/5659 5433/470/5659 5432/468/5659
f 5340/471/5660 5400/472/5660 5434/473/5660
f 5341/474/5661 5435/475/5661 5371/476/5661
f 5341/474/5662 5436/477/5662 5435/475/5662
f 5338/478/5663 5398/479/5663 5437/480/5663
f 5339/481/5664 5438/482/5664 5369/483/5664
f 5339/481/5665 5439/484/5665 5438/482/5665
f 5336/485/5666 5396/486/5666 5440/487/5666
f 5337/488/5667 5441/489/5667 5367/490/5667
f 5337/491/5668 5442/492/5668 5441/493/5668
f 5334/494/5669 5394/495/5669 5443/496/5669
f 5342/464/5670 5444/497/5670 5402/465/5670
f 5342/464/5671 5445/498/5671 5444/497/5671
f 5333/499/5672 5393/500/5672 5446/501/5672
f 5340/471/5673 5447/502/5673 5400/472/5673
f 5340/471/5674 5448/503/5674 5447/502/5674
f 5332/504/5675 5392/505/5675 5449/506/5675
f 5338/478/5676 5450/507/5676 5398/479/5676
f 5338/478/5677 5451/508/5677 5450/507/5677
f 5330/509/5678 5390/510/5678 5452/511/5678
f 5336/485/5679 5453/512/5679 5396/486/5679
f 5336/485/5680 5454/513/5680 5453/512/5680
f 5326/514/5681 5386/515/5681 5455/516/5681
f 5334/494/5682 5456/517/5682 5394/495/5682
f 5334/494/5683 5457/518/5683 5456/517/5683
f 5327/519/5684 5387/520/5684 5458/521/5684
f 5328/522/5685 5459/523/5685 5358/524/5685
f 5328/522/5686 5460/525/5686 5459/523/5686
f 5331/526/5687 5391/527/5687 5461/528/5687
f 5331/529/5688 5462/530/5688 5391/531/5688
f 5331/529/5689 5463/532/5689 5462/530/5689
f 5329/533/5690 5389/534/5690 5464/535/5690
f 5329/533/5691 5465/536/5691 5389/534/5691
f 5329/533/5692 5466/537/5692 5465/536/5692
f 5324/538/5693 5384/539/5693 5467/540/5693
f 5327/519/5694 5468/541/5694 5387/520/5694
f 5327/519/5695 5469/542/5695 5468/541/5695
f 5325/543/5696 5385/384/5696 5470/544/5696
f 5324/538/5697 5471/545/5697 5384/539/5697
f 5324/538/5698 5472/546/5698 5471/545/5698
f 5325/543/5699 5355/547/5699 5473/548/5699
f 5473/548/5700 5386/515/5700 5326/514/5700
f 5473/548/5701 5355/547/5701 5386/515/5701
f 5355/547/5702 5313/549/5702 5386/515/5702
f 5471/545/5703 5473/548/5703 5326/514/5703
f 5471/545/5704 5472/546/5704 5473/548/5704
f 5472/546/5705 5325/543/5705 5473/548/5705
f 5384/539/5706 5356/394/5706 5314/393/5706
f 5384/539/5707 5471/545/5707 5356/394/5707
f 5471/545/5708 5326/514/5708 5356/394/5708
f 5470/544/5709 5388/391/5709 5328/550/5709
f 5470/544/5710 5385/384/5710 5388/391/5710
f 5385/384/5711 5312/383/5711 5388/391/5711
f 5468/541/5712 5470/551/5712 5328/522/5712
f 5468/541/5713 5469/542/5713 5470/551/5713
f 5469/542/5714 5325/552/5714 5470/551/5714
f 5387/520/5715 5358/524/5715 5317/402/5715
f 5387/520/5716 5468/541/5716 5358/524/5716
f 5468/541/5717 5328/522/5717 5358/524/5717
f 5467/540/5718 5390/510/5718 5330/509/5718
f 5467/540/5719 5384/539/5719 5390/510/5719
f 5384/539/5720 5314/393/5720 5390/510/5720
f 5465/536/5721 5467/540/5721 5330/509/5721
f 5465/536/5722 5466/537/5722 5467/540/5722
f 5466/537/5723 5324/538/5723 5467/540/5723
f 5389/534/5724 5360/397/5724 5315/396/5724
f 5389/534/5725 5465/536/5725 5360/397/5725
f 5465/536/5726 5330/509/5726 5360/397/5726
f 5464/535/5727 5392/505/5727 5332/504/5727
f 5464/535/5728 5389/534/5728 5392/505/5728
f 5389/534/5729 5315/396/5729 5392/505/5729
f 5462/530/5730 5464/535/5730 5332/504/5730
f 5462/530/5731 5463/532/5731 5464/535/5731
f 5463/532/5732 5329/533/5732 5464/535/5732
f 5391/531/5733 5362/400/5733 5316/399/5733
f 5391/531/5734 5462/530/5734 5362/400/5734
f 5462/530/5735 5332/504/5735 5362/400/5735
f 5461/528/5736 5393/500/5736 5333/499/5736
f 5461/528/5737 5391/527/5737 5393/500/5737
f 5391/527/5738 5316/399/5738 5393/500/5738
f 5459/523/5739 5461/528/5739 5333/499/5739
f 5459/523/5740 5460/525/5740 5461/528/5740
f 5460/525/5741 5331/526/5741 5461/528/5741
f 5358/524/5742 5363/403/5742 5317/402/5742
f 5358/524/5743 5459/523/5743 5363/403/5743
f 5459/523/5744 5333/499/5744 5363/403/5744
f 5458/521/5745 5395/409/5745 5335/460/5745
f 5458/521/5746 5387/520/5746 5395/409/5746
f 5387/520/5747 5317/402/5747 5395/409/5747
f 5456/517/5748 5458/521/5748 5335/460/5748
f 5456/517/5749 5457/518/5749 5458/521/5749
f 5457/518/5750 5327/519/5750 5458/521/5750
f 5394/495/5751 5365/462/5751 5322/422/5751
f 5394/495/5752 5456/517/5752 5365/462/5752
f 5456/517/5753 5335/460/5753 5365/462/5753
f 5455/516/5754 5397/553/5754 5337/488/5754
f 5455/516/5755 5386/515/5755 5397/553/5755
f 5386/515/5756 5313/549/5756 5397/553/5756
f 5453/512/5757 5455/516/5757 5337/488/5757
f 5453/512/5758 5454/513/5758 5455/516/5758
f 5454/513/5759 5326/514/5759 5455/516/5759
f 5396/486/5760 5367/490/5760 5318/410/5760
f 5396/486/5761 5453/512/5761 5367/490/5761
f 5453/512/5762 5337/488/5762 5367/490/5762
f 5452/511/5763 5399/406/5763 5339/481/5763
f 5452/511/5764 5390/510/5764 5399/406/5764
f 5390/510/5765 5314/393/5765 5399/406/5765
f 5450/507/5766 5452/511/5766 5339/481/5766
f 5450/507/5767 5451/508/5767 5452/511/5767
f 5451/508/5768 5330/509/5768 5452/511/5768
f 5398/479/5769 5369/483/5769 5319/413/5769
f 5398/479/5770 5450/507/5770 5369/483/5770
f 5450/507/5771 5339/481/5771 5369/483/5771
f 5449/506/5772 5401/407/5772 5341/474/5772
f 5449/506/5773 5392/505/5773 5401/407/5773
f 5392/505/5774 5315/396/5774 5401/407/5774
f 5447/502/5775 5449/506/5775 5341/474/5775
f 5447/502/5776 5448/503/5776 5449/506/5776
f 5448/503/5777 5332/504/5777 5449/506/5777
f 5400/472/5778 5371/476/5778 5320/416/5778
f 5400/472/5779 5447/502/5779 5371/476/5779
f 5447/502/5780 5341/474/5780 5371/476/5780
f 5446/501/5781 5403/408/5781 5343/467/5781
f 5446/501/5782 5393/500/5782 5403/408/5782
f 5393/500/5783 5316/399/5783 5403/408/5783
f 5444/497/5784 5446/501/5784 5343/467/5784
f 5444/497/5785 5445/498/5785 5446/501/5785
f 5445/498/5786 5333/499/5786 5446/501/5786
f 5402/465/5787 5373/469/5787 5321/419/5787
f 5402/465/5788 5444/497/5788 5373/469/5788
f 5444/497/5789 5343/467/5789 5373/469/5789
f 5443/496/5790 5404/458/5790 5344/457/5790
f 5443/496/5791 5394/495/5791 5404/458/5791
f 5394/495/5792 5322/422/5792 5404/458/5792
f 5441/493/5793 5443/496/5793 5344/457/5793
f 5441/493/5794 5442/492/5794 5443/496/5794
f 5442/492/5795 5334/494/5795 5443/496/5795
f 5367/490/5796 5374/554/5796 5318/410/5796
f 5367/490/5797 5441/489/5797 5374/554/5797
f 5441/489/5798 5344/555/5798 5374/554/5798
f 5440/487/5799 5405/451/5799 5345/450/5799
f 5440/487/5800 5396/486/5800 5405/451/5800
f 5396/486/5801 5318/410/5801 5405/451/5801
f 5438/482/5802 5440/487/5802 5345/450/5802
f 5438/482/5803 5439/484/5803 5440/487/5803
f 5439/484/5804 5336/485/5804 5440/487/5804
f 5369/483/5805 5375/414/5805 5319/413/5805
f 5369/483/5806 5438/482/5806 5375/414/5806
f 5438/482/5807 5345/450/5807 5375/414/5807
f 5437/480/5808 5406/444/5808 5346/443/5808
f 5437/480/5809 5398/479/5809 5406/444/5809
f 5398/479/5810 5319/413/5810 5406/444/5810
f 5435/475/5811 5437/480/5811 5346/443/5811
f 5435/475/5812 5436/477/5812 5437/480/5812
f 5436/477/5813 5338/478/5813 5437/480/5813
f 5371/476/5814 5376/417/5814 5320/416/5814
f 5371/476/5815 5435/475/5815 5376/417/5815
f 5435/475/5816 5346/443/5816 5376/417/5816
f 5434/473/5817 5407/437/5817 5347/436/5817
f 5434/473/5818 5400/472/5818 5407/437/5818
f 5400/472/5819 5320/416/5819 5407/437/5819
f 5432/468/5820 5434/473/5820 5347/436/5820
f 5432/468/5821 5433/470/5821 5434/473/5821
f 5433/470/5822 5340/471/5822 5434/473/5822
f 5373/469/5823 5377/420/5823 5321/419/5823
f 5373/469/5824 5432/468/5824 5377/420/5824
f 5432/468/5825 5347/436/5825 5377/420/5825
f 5431/466/5826 5408/430/5826 5348/429/5826
f 5431/466/5827 5402/465/5827 5408/430/5827
f 5402/465/5828 5321/419/5828 5408/430/5828
f 5429/461/5829 5431/466/5829 5348/429/5829
f 5429/461/5830 5430/463/5830 5431/466/5830
f 5430/463/5831 5342/464/5831 5431/466/5831
f 5365/462/5832 5378/423/5832 5322/422/5832
f 5365/462/5833 5429/461/5833 5378/423/5833
f 5429/461/5834 5348/429/5834 5378/423/5834
f 5428/459/5835 5410/424/5835 5350/425/5835
f 5428/459/5836 5404/458/5836 5410/424/5836
f 5404/458/5837 5322/422/5837 5410/424/5837
f 5426/454/5838 5428/459/5838 5350/425/5838
f 5426/454/5839 5427/456/5839 5428/459/5839
f 5427/456/5840 5344/457/5840 5428/459/5840
f 5409/455/5841 5380/427/5841 5323/556/5841
f 5409/455/5842 5426/454/5842 5380/427/5842
f 5426/454/5843 5350/425/5843 5380/427/5843
f 5425/452/5844 5379/412/5844 5349/453/5844
f 5425/452/5845 5405/451/5845 5379/412/5845
f 5405/451/5846 5318/410/5846 5379/412/5846
f 5423/447/5847 5425/452/5847 5349/453/5847
f 5423/447/5848 5424/449/5848 5425/452/5848
f 5424/449/5849 5345/450/5849 5425/452/5849
f 5411/448/5850 5409/455/5850 5323/556/5850
f 5411/448/5851 5423/447/5851 5409/455/5851
f 5423/447/5852 5349/453/5852 5409/455/5852
f 5422/445/5853 5381/415/5853 5351/446/5853
f 5422/445/5854 5406/444/5854 5381/415/5854
f 5406/444/5855 5319/413/5855 5381/415/5855
f 5420/440/5856 5422/445/5856 5351/446/5856
f 5420/440/5857 5421/442/5857 5422/445/5857
f 5421/442/5858 5346/443/5858 5422/445/5858
f 5412/441/5859 5411/448/5859 5323/556/5859
f 5412/441/5860 5420/440/5860 5411/448/5860
f 5420/440/5861 5351/446/5861 5411/448/5861
f 5419/438/5862 5382/418/5862 5352/439/5862
f 5419/438/5863 5407/437/5863 5382/418/5863
f 5407/437/5864 5320/416/5864 5382/418/5864
f 5417/433/5865 5419/438/5865 5352/439/5865
f 5417/433/5866 5418/435/5866 5419/438/5866
f 5418/435/5867 5347/436/5867 5419/438/5867
f 5413/434/5868 5412/441/5868 5323/556/5868
f 5413/434/5869 5417/433/5869 5412/441/5869
f 5417/433/5870 5352/439/5870 5412/441/5870
f 5416/431/5871 5383/421/5871 5353/432/5871
f 5416/431/5872 5408/430/5872 5383/421/5872
f 5408/430/5873 5321/419/5873 5383/421/5873
f 5414/426/5874 5416/431/5874 5353/432/5874
f 5414/426/5875 5415/428/5875 5416/431/5875
f 5415/428/5876 5348/429/5876 5416/431/5876
f 5380/427/5877 5413/434/5877 5323/556/5877
f 5380/427/5878 5414/426/5878 5413/434/5878
f 5414/426/5879 5353/432/5879 5413/434/5879
f 5410/424/5880 5415/428/5880 5350/425/5880
f 5410/424/5881 5378/423/5881 5415/428/5881
f 5378/423/5882 5348/429/5882 5415/428/5882
f 5383/421/5883 5418/435/5883 5353/432/5883
f 5383/421/5884 5377/420/5884 5418/435/5884
f 5377/420/5885 5347/436/5885 5418/435/5885
f 5382/418/5886 5421/442/5886 5352/439/5886
f 5382/418/5887 5376/417/5887 5421/442/5887
f 5376/417/5888 5346/443/5888 5421/442/5888
f 5381/415/5889 5424/449/5889 5351/446/5889
f 5381/415/5890 5375/414/5890 5424/449/5890
f 5375/414/5891 5345/450/5891 5424/449/5891
f 5379/412/5892 5427/456/5892 5349/453/5892
f 5379/412/5893 5374/411/5893 5427/456/5893
f 5374/411/5894 5344/457/5894 5427/456/5894
f 5395/409/5895 5430/463/5895 5335/460/5895
f 5395/409/5896 5372/404/5896 5430/463/5896
f 5372/404/5897 5342/464/5897 5430/463/5897
f 5403/408/5898 5433/470/5898 5343/467/5898
f 5403/408/5899 5370/401/5899 5433/470/5899
f 5370/401/5900 5340/471/5900 5433/470/5900
f 5401/407/5901 5436/477/5901 5341/474/5901
f 5401/407/5902 5368/398/5902 5436/477/5902
f 5368/398/5903 5338/478/5903 5436/477/5903
f 5399/406/5904 5439/484/5904 5339/481/5904
f 5399/406/5905 5366/395/5905 5439/484/5905
f 5366/395/5906 5336/485/5906 5439/484/5906
f 5397/405/5907 5442/492/5907 5337/491/5907
f 5397/405/5908 5364/392/5908 5442/492/5908
f 5364/392/5909 5334/494/5909 5442/492/5909
f 5372/404/5910 5445/498/5910 5342/464/5910
f 5372/404/5911 5363/403/5911 5445/498/5911
f 5363/403/5912 5333/499/5912 5445/498/5912
f 5370/401/5913 5448/503/5913 5340/471/5913
f 5370/401/5914 5362/400/5914 5448/503/5914
f 5362/400/5915 5332/504/5915 5448/503/5915
f 5368/398/5916 5451/508/5916 5338/478/5916
f 5368/398/5917 5360/397/5917 5451/508/5917
f 5360/397/5918 5330/509/5918 5451/508/5918
f 5366/395/5919 5454/513/5919 5336/485/5919
f 5366/395/5920 5356/394/5920 5454/513/5920
f 5356/394/5921 5326/514/5921 5454/513/5921
f 5364/392/5922 5457/518/5922 5334/494/5922
f 5364/392/5923 5357/388/5923 5457/518/5923
f 5357/388/5924 5327/519/5924 5457/518/5924
f 5388/391/5925 5460/557/5925 5328/550/5925
f 5388/391/5926 5361/390/5926 5460/557/5926
f 5361/390/5927 5331/529/5927 5460/557/5927
f 5361/390/5928 5463/532/5928 5331/529/5928
f 5361/390/5929 5359/389/5929 5463/532/5929
f 5359/389/5930 5329/533/5930 5463/532/5930
f 5359/389/5931 5466/537/5931 5329/533/5931
f 5359/389/5932 5354/385/5932 5466/537/5932
f 5354/385/5933 5324/538/5933 5466/537/5933
f 5357/388/5934 5469/542/5934 5327/519/5934
f 5357/388/5935 5355/387/5935 5469/542/5935
f 5355/387/5936 5325/552/5936 5469/542/5936
f 5354/385/5937 5472/546/5937 5324/538/5937
f 5354/385/5938 5385/384/5938 5472/546/5938
f 5385/384/5939 5325/543/5939 5472/546/5939
o collidable.005
v -14.029889 12.584207 26.117714
v -16.760122 11.533789 26.351240
v -14.333917 10.200266 24.417915
v -11.849066 11.094117 26.051451
v -12.075816 13.052621 28.386574
v -14.951979 12.299936 28.213720
v -15.552713 9.108997 26.893923
v -12.918979 8.830260 26.633526
v -11.756920 10.145817 28.567385
v -13.498204 11.283046 30.057817
v -16.781544 10.291822 29.574821
v -13.908604 8.684753 29.243080
v -14.107038 11.804400 24.981337
v -15.327440 12.374667 26.102259
v -15.289487 10.847171 25.601301
v -16.268414 12.702422 27.497963
v -14.641731 13.400511 27.124550
v -13.008466 11.883408 26.017860
v -12.701147 10.710899 24.740707
v -13.100551 13.037581 27.065556
v -12.228804 11.749103 27.258520
v -13.642228 13.406025 28.595272
v -16.565926 10.893577 27.729496
v -15.789025 11.766881 28.979275
v -15.184538 9.163342 25.430794
v -16.317123 9.905763 26.605371
v -12.273251 9.809457 26.149509
v -13.367281 8.872787 25.074688
v -11.632979 11.536428 28.564484
v -11.917401 10.691616 27.376595
v -14.307215 12.098139 29.444721
v -12.919254 12.168906 29.464781
v -15.816434 9.476294 27.994787
v -14.092795 9.102354 26.798824
v -12.356455 9.482878 27.570570
v -12.255325 10.611113 29.945002
v -14.981655 10.744233 29.734644
v -14.797818 8.587153 28.052349
v -15.170021 9.320195 29.344284
v -13.382689 8.766743 27.857033
v -12.747865 9.165254 29.199987
v -13.674407 9.684353 29.996597
v -14.069191 12.542862 25.334911
v -16.037294 11.962233 26.357620
v -15.016463 10.565629 24.778687
v -16.794323 12.204960 26.818983
v -14.758252 12.613816 27.723270
v -13.580707 12.204857 26.044159
v -12.310500 10.850104 25.560917
v -13.667405 12.624238 26.708807
v -12.356758 12.230536 27.863766
v -14.187194 12.438632 28.234358
v -17.094549 11.278399 27.015245
v -16.418402 11.115479 29.365765
v -14.567385 9.920004 25.283459
v -16.302771 9.006276 26.560095
v -12.055517 10.495349 26.044647
v -13.018192 8.656167 25.874609
v -11.900575 12.292399 28.490282
v -11.946321 10.448430 27.968216
v -14.582218 12.074305 28.687538
v -13.078803 11.923162 30.439524
v -16.052416 8.871036 27.419464
v -13.479424 8.944348 26.657345
v -12.251090 9.939445 28.036943
v -12.832492 10.990280 30.408005
v -15.898404 10.514610 29.827866
v -15.182158 9.013397 27.523949
v -14.570926 8.689153 29.459482
v -13.262099 9.006167 27.252689
v -12.400815 9.833600 28.751265
v -13.535718 10.552302 29.665066
v -14.219382 10.944941 24.762920
v -14.555954 12.530427 26.076351
v -15.771491 11.194435 26.237263
v -15.613089 12.802917 28.084461
v -14.293437 13.114736 26.550531
v -12.619261 11.323610 26.189777
v -13.534264 10.415540 24.390774
v -12.727273 12.930768 27.807526
v -12.250153 11.323559 26.751766
v -12.820927 13.263680 28.511776
v -16.859375 10.633485 28.690653
v -15.378195 12.279477 28.638538
v -15.524848 8.844728 26.131741
v -16.210953 10.787232 26.760017
v -12.671537 9.251385 26.407745
v -13.853280 9.520586 24.561008
v -11.802244 10.782979 28.539299
v -12.037590 10.904086 26.729309
v -13.900992 11.796109 29.918116
v -12.264524 12.840803 29.082720
v -16.293507 9.918629 28.796976
v -14.833364 9.083272 26.844927
v -12.698755 9.197293 27.103636
v -12.109448 10.378796 29.067492
v -14.172851 11.016061 29.500679
v -14.353696 8.634203 28.616158
v -16.022068 9.693712 29.612537
v -13.593438 9.043804 28.485334
v -13.197211 8.564710 29.436115
v -13.820583 8.745267 30.032280
v -14.470752 9.459717 29.751478
v -15.231204 9.933315 29.999949
v -14.378606 10.248858 29.699696
v -12.971209 9.123609 30.091503
v -12.840881 10.056710 30.312357
v -12.457946 9.806984 29.637714
v -12.979433 8.892371 28.526932
v -12.441908 9.269156 28.288692
v -12.914036 9.166189 27.756285
v -13.989030 8.977438 27.872213
v -13.755121 8.720673 27.311987
v -14.368592 9.070138 27.403648
v -15.177737 8.557470 28.840998
v -15.707137 8.568296 28.178108
v -15.767258 9.170321 28.822195
v -15.475113 11.265847 29.434341
v -15.016550 11.778461 29.048216
v -14.654698 11.468790 29.540985
v -12.478773 11.452824 29.827358
v -12.245960 11.855371 28.999807
v -12.026474 11.104422 29.165113
v -12.012765 9.990590 27.448584
v -12.330416 10.294107 26.877514
v -12.352993 9.641357 26.957233
v -13.803901 8.752955 25.928680
v -14.198253 9.247147 25.470663
v -14.617945 9.165434 26.173391
v -16.376259 9.596997 27.220667
v -16.954233 10.359149 27.160284
v -16.324625 10.237142 27.898808
v -13.572976 12.519790 29.885849
v -13.852774 12.475031 28.945511
v -13.187421 12.894361 29.151236
v -11.621805 11.118365 27.915569
v -11.740061 11.743895 27.872623
v -11.665913 11.323435 27.245342
v -12.667196 9.338129 25.583872
v -12.205832 10.078134 25.285913
v -13.109039 9.860955 25.059978
v -15.762839 9.501541 26.014782
v -15.303423 10.064040 25.506813
v -15.794325 10.400050 26.062307
v -15.939394 11.191466 28.319048
v -16.348495 11.725720 27.478502
v -15.617927 12.017612 28.062096
v -13.963608 12.982961 27.684422
v -13.796058 13.539121 27.054764
v -13.294483 13.507093 27.777945
v -12.803779 12.217037 27.225016
v -13.052684 12.337955 26.584272
v -12.592855 11.896717 26.627150
v -12.811202 11.456569 25.257475
v -13.409891 12.047032 25.170610
v -13.341906 11.382959 24.488607
v -15.336274 12.721107 27.320501
v -15.919289 12.639789 26.696400
v -15.055367 12.932091 26.579880
v -14.899318 11.355786 25.094742
v -14.652283 11.985409 25.649515
v -15.269950 11.598725 25.923803
vn -0.0979 0.9941 -0.0476
vn -0.3090 0.5331 -0.7876
vn 0.6366 0.7678 -0.0725
vn 0.5558 0.7339 -0.3905
vn 0.6223 0.6567 -0.4261
vn -0.9030 0.2137 -0.3726
vn -0.5860 -0.7112 -0.3883
vn 0.7644 -0.2569 -0.5913
vn 0.7992 0.1034 -0.5921
vn -0.1655 0.8340 0.5263
vn -0.5246 -0.6721 -0.5227
vn -0.7146 -0.5858 -0.3824
vn 0.9313 -0.3230 0.1685
vn 0.9111 0.2543 0.3244
vn 0.2247 0.9361 0.2705
vn 0.1857 -0.9494 -0.2533
vn -0.1897 -0.9671 0.1697
vn 0.4255 -0.9039 -0.0447
vn -0.5549 -0.3716 0.7443
vn -0.2180 -0.2168 0.9516
vn -0.4448 -0.2662 0.8551
vn -0.2358 -0.7207 0.6519
vn 0.2128 0.1915 0.9581
vn -0.0926 0.0522 0.9943
vn -0.2748 -0.1849 0.9435
vn 0.9166 -0.3217 0.2375
vn 0.7951 -0.6059 -0.0279
vn 0.6033 -0.7895 0.1125
vn 0.5225 -0.8424 0.1322
vn -0.3069 -0.9046 0.2959
vn -0.3080 -0.9070 0.2871
vn 0.0231 -0.9988 -0.0427
vn 0.0950 -0.9954 0.0083
vn 0.0166 -0.9994 -0.0296
vn -0.8044 -0.5712 -0.1634
vn -0.1537 0.6098 0.7775
vn -0.0776 0.6432 0.7617
vn -0.5445 0.4124 0.7304
vn 0.7509 0.6008 0.2744
vn 0.6197 0.6229 0.4774
vn 0.8804 -0.2120 0.4243
vn 0.9907 -0.1355 -0.0073
vn 0.8210 -0.1677 -0.5458
vn 0.8034 -0.5938 -0.0443
vn -0.1335 -0.9698 -0.2043
vn -0.5234 -0.7652 -0.3750
vn 0.3329 -0.9088 -0.2515
vn -0.9948 -0.0108 -0.1010
vn -0.7288 -0.5813 -0.3618
vn -0.8393 -0.4027 -0.3652
vn -0.6142 0.3108 0.7254
vn -0.5491 0.8265 0.1241
vn 0.1962 0.7962 0.5723
vn 0.9621 -0.2215 0.1592
vn 0.9791 0.1784 -0.0980
vn 0.4852 0.6594 -0.5742
vn 0.7995 -0.5978 -0.0587
vn 0.8232 -0.5572 -0.1091
vn 0.4801 -0.5009 -0.7202
vn -0.7583 -0.3703 -0.5365
vn -0.7206 -0.0367 -0.6924
vn -0.7407 0.1647 -0.6513
vn -0.4916 0.8667 0.0845
vn -0.7241 0.3656 0.5848
vn -0.6653 -0.0172 0.7463
vn -0.2464 0.6098 0.7533
vn -0.0704 0.7569 0.6498
vn 0.6959 0.6719 -0.2534
vn 0.8808 0.2391 -0.4087
vn 0.9133 0.2713 -0.3036
vn 0.7641 0.3687 -0.5293
vn 0.8306 0.5490 -0.0927
vn 0.7025 0.6827 -0.2010
vn -0.4091 0.2746 -0.8702
vn -0.0431 0.9916 -0.1218
vn -0.0379 0.9948 -0.0942
vn -0.1624 0.6865 -0.7087
vn -0.2850 0.2709 -0.9194
vn -0.4663 0.6807 -0.5649
vn -0.4211 0.1735 -0.8903
vn -0.6701 0.3074 -0.6757
vn -0.5061 -0.0402 -0.8615
vn -0.0690 0.1311 -0.9890
vn -0.8663 0.2158 -0.4505
vn -0.6089 0.6454 -0.4613
vn -0.4834 0.1620 -0.8602
vn -0.2256 0.4379 -0.8703
vn -0.2031 0.3895 -0.8984
vn -0.8762 0.2853 -0.3884
vn -0.2161 0.8154 -0.5371
vn -0.1880 0.6684 -0.7196
vn -0.0035 0.6311 -0.7757
vn -0.7074 0.7036 -0.0679
vn -0.2977 0.9419 0.1554
vn -0.3231 0.7017 -0.6350
vn 0.4062 0.6883 0.6010
vn 0.2033 0.9786 -0.0311
vn -0.3823 0.5948 0.7071
vn 0.3819 0.0175 -0.9240
vn -0.3687 0.1658 -0.9146
vn -0.1471 0.4343 -0.8887
vn 0.7038 0.4719 -0.5310
vn 0.6439 0.5793 -0.4999
vn -0.0580 0.7124 -0.6994
vn 0.1470 0.8235 -0.5479
vn 0.7870 0.6124 -0.0747
vn 0.7867 0.4259 -0.4470
vn 0.8277 0.4121 -0.3809
vn 0.7812 0.3556 -0.5131
vn 0.2539 0.9527 -0.1667
vn 0.6268 0.7570 -0.1844
vn 0.6925 0.7086 -0.1353
vn 0.6398 0.6230 -0.4500
vn 0.6126 0.2643 -0.7449
vn 0.7610 0.3593 -0.5402
vn 0.5862 0.6899 -0.4248
vn 0.1869 0.9621 0.1985
vn 0.6999 0.6772 -0.2270
vn 0.1871 0.8975 -0.3994
vn -0.5955 0.7881 -0.1559
vn -0.5911 0.6761 0.4399
vn 0.5517 0.7575 -0.3491
vn -0.1688 0.8591 0.4831
vn -0.3123 0.7356 0.6011
vn -0.8822 0.4607 0.0973
vn -0.7699 0.6374 0.0306
vn -0.9225 -0.0053 0.3860
vn 0.4612 0.7343 0.4981
vn -0.9372 0.3391 -0.0821
vn -0.6607 0.4451 0.6045
vn -0.6326 0.0365 0.7736
vn -0.8620 0.4427 0.2470
vn -0.5661 0.7995 -0.2010
vn -0.7690 0.5583 -0.3114
vn -0.7897 0.1970 -0.5809
vn -0.8108 0.1480 -0.5663
vn -0.2958 -0.6169 -0.7293
vn -0.7254 0.0110 -0.6883
vn -0.7466 0.0090 -0.6652
vn -0.7163 0.0961 -0.6912
vn -0.0161 -0.9449 0.3270
vn -0.5070 -0.3258 -0.7980
vn -0.7209 0.0234 -0.6926
vn 0.6009 -0.1687 -0.7813
vn 0.6272 -0.3554 -0.6931
vn 0.0187 -0.1933 -0.9810
vn 0.6546 -0.1820 -0.7337
vn 0.3228 -0.5198 -0.7910
vn 0.3183 -0.4634 -0.8270
vn 0.8629 -0.5053 0.0031
vn 0.8803 -0.4723 -0.0451
vn 0.6982 -0.5531 -0.4545
vn 0.8655 -0.4056 -0.2938
vn 0.6057 0.3453 -0.7169
vn 0.8433 0.4086 0.3491
vn 0.9004 -0.3959 -0.1804
vn 0.9827 0.1852 -0.0080
vn 0.5400 0.7272 -0.4236
vn 0.9598 0.0561 -0.2750
vn 0.9005 -0.4341 0.0271
vn 0.8871 -0.4405 -0.1377
vn 0.0915 0.4234 0.9013
vn 0.0885 0.8397 0.5357
vn 0.3094 0.8831 0.3526
vn 0.6425 0.4916 0.5879
vn -0.5566 0.8211 0.1265
vn -0.4920 0.4018 0.7723
vn -0.5089 -0.1698 0.8439
vn -0.5445 0.2820 0.7899
vn 0.5899 0.7548 0.2869
vn -0.8092 -0.5621 -0.1713
vn -0.7545 -0.6264 -0.1960
vn -0.7590 -0.6269 -0.1754
vn -0.7571 -0.4454 0.4780
vn -0.7014 -0.4909 0.5168
vn -0.7652 -0.1181 0.6329
vn 0.2259 -0.9500 -0.2153
vn -0.9129 -0.3495 0.2110
vn -0.8076 -0.2093 0.5514
vn 0.0184 -0.9931 -0.1156
vn 0.3337 -0.9426 -0.0083
vn -0.0115 -0.9449 0.3272
vn -0.3834 -0.8941 0.2317
vn -0.5069 -0.7678 -0.3920
vn 0.0870 -0.9942 -0.0636
vn -0.1836 -0.9526 0.2425
vn -0.0970 -0.9512 0.2930
vn -0.1667 -0.9329 0.3193
vn 0.7524 -0.6388 -0.1608
vn 0.7861 -0.6178 -0.0173
vn 0.8608 -0.5089 -0.0059
vn 0.8029 -0.5783 -0.1449
vn 0.8483 -0.0930 -0.5213
vn 0.9954 -0.0230 0.0935
vn 0.7227 -0.4975 -0.4797
vn 0.8360 -0.4603 0.2986
vn 0.8233 -0.4873 0.2911
vn 0.9705 -0.1376 0.1978
vn 0.9012 -0.1574 0.4037
vn 0.8324 0.0834 0.5479
vn 0.8546 0.2873 0.4325
vn 0.8505 0.3374 0.4034
vn 0.6557 0.3400 0.6741
vn -0.5149 -0.1644 0.8414
vn 0.7685 0.1822 0.6133
vn 0.7056 0.2784 0.6516
vn 0.2261 0.1550 0.9617
vn -0.2790 -0.3757 0.8837
vn -0.5649 -0.2276 0.7931
vn -0.2029 0.3373 0.9193
vn -0.2616 0.7190 0.6439
vn -0.5801 0.4264 0.6940
vn -0.3409 0.3697 0.8643
vn -0.1443 0.5218 0.8408
vn -0.0302 0.4771 0.8783
vn -0.2161 -0.8447 0.4897
vn -0.8144 -0.5689 0.1142
vn -0.6183 -0.7858 -0.0109
vn -0.5113 -0.4697 0.7197
vn -0.6333 -0.5940 0.4961
vn -0.9931 -0.1163 0.0160
vn 0.0160 -0.9975 0.0691
vn 0.1179 -0.9885 0.0948
vn -0.5927 -0.4394 0.6750
vn -0.0353 -0.7903 -0.6118
vn 0.0588 -0.9957 -0.0723
vn -0.0439 -0.9912 -0.1246
vn 0.3154 -0.8492 -0.4235
vn -0.4616 -0.8635 0.2031
vn -0.5066 -0.8173 -0.2745
vn 0.4295 -0.8721 -0.2346
vn 0.4403 -0.8777 -0.1891
vn 0.3820 -0.8961 -0.2262
vn 0.6151 -0.7674 -0.1813
vn 0.3362 -0.9395 0.0661
vn 0.3911 -0.8053 0.4455
vn 0.6048 -0.7652 -0.2206
vn 0.4750 -0.8411 -0.2586
vn 0.4289 -0.8785 -0.2104
vn -0.0324 -0.8979 -0.4390
vn -0.1981 -0.9060 -0.3740
vn -0.2472 -0.9145 0.3203
vn 0.8986 -0.4365 0.0448
vn 0.8710 -0.4895 0.0414
vn 0.4779 -0.6177 0.6246
vn 0.8411 -0.5075 0.1870
vn 0.8030 -0.2412 0.5450
vn 0.7272 -0.3972 0.5598
vn -0.1909 -0.9769 0.0962
vn 0.3061 -0.7739 0.5544
vn 0.8202 -0.5429 0.1801
vn -0.0946 0.3684 0.9248
vn -0.0557 0.2647 0.9627
vn -0.4877 -0.3938 0.7792
vn -0.3181 0.0990 0.9429
vn 0.3241 0.0242 0.9457
vn 0.2454 0.2324 0.9411
vn 0.0177 -0.9971 0.0745
vn -0.5813 -0.2212 0.7831
vn -0.3149 0.0849 0.9453
vn -0.1084 -0.7311 0.6736
vn -0.3887 -0.1785 0.9039
vn 0.0204 0.3052 0.9521
vn -0.4712 0.3794 0.7963
vn -0.7049 -0.0660 0.7062
vn 0.5876 -0.0877 0.8044
vn 0.9163 -0.2916 0.2744
vn 0.9627 -0.2100 0.1707
vn 0.9647 -0.2607 0.0372
vn 0.4636 -0.8515 -0.2448
vn 0.4911 -0.8665 -0.0893
vn -0.3163 -0.8490 -0.4233
vn -0.0660 -0.7995 -0.5970
vn 0.1961 -0.8767 -0.4391
vn -0.9140 -0.0283 0.4047
vn -0.0803 0.5956 0.7993
vn 0.1317 0.6828 0.7187
vn -0.4725 0.8695 0.1442
vn 0.5482 -0.0599 0.8342
vn 0.8391 -0.0299 0.5432
vn 0.6510 0.2989 0.6977
vn 0.8262 -0.4715 -0.3082
vn 0.9009 -0.3827 0.2049
vn 0.9341 -0.2590 0.2457
vn -0.5319 -0.7340 -0.4223
vn -0.7328 -0.5231 -0.4351
vn 0.0594 -0.2372 -0.9696
vn -0.5540 0.2081 -0.8061
vn -0.3728 -0.1999 -0.9061
vn -0.8115 -0.0318 0.5835
vn -0.5185 0.8396 0.1619
vn -0.5260 0.8254 0.2051
vn -0.8578 0.3392 0.3860
vn 0.9431 0.3292 -0.0473
vn 0.5511 0.6899 -0.4694
vn 0.5602 0.7019 -0.4399
vn 0.9520 -0.3054 -0.0207
vn 0.9203 0.2359 -0.3121
vn 0.8488 0.2758 -0.4511
vn -0.2823 0.0436 -0.9583
vn -0.3277 -0.7128 -0.6201
vn -0.9416 0.0568 -0.3320
vn -0.6401 0.3703 0.6732
vn -0.6369 0.3517 0.6861
vn -0.8084 0.0546 0.5861
vn -0.1797 0.8328 -0.5236
vn 0.4883 0.3679 -0.7913
vn 0.2833 0.3738 -0.8832
vn 0.0993 0.5686 -0.8166
vn 0.2869 0.8266 -0.4842
vn 0.3865 0.7338 -0.5587
vn 0.4866 0.8714 -0.0623
vn 0.5963 0.8023 -0.0283
vn 0.0961 0.4258 -0.8997
vn -0.4586 0.8479 -0.2660
vn -0.3461 0.4671 -0.8136
vn -0.5228 0.4523 -0.7226
vn -0.6793 0.3450 -0.6478
vn -0.7291 0.4972 -0.4703
vn -0.1521 0.6259 -0.7649
vt 0.947464 0.066268
vt 0.951893 0.080465
vt 0.942496 0.079894
vt 0.778785 0.123791
vt 0.775082 0.109227
vt 0.784325 0.111694
vt 0.936922 0.064208
vt 0.948302 0.049999
vt 0.957893 0.065399
vt 0.787218 0.129336
vt 0.929325 0.121782
vt 0.937873 0.123950
vt 0.930351 0.137989
vt 0.907059 0.072591
vt 0.912953 0.084612
vt 0.903797 0.087673
vt 0.849538 0.023284
vt 0.875071 0.032195
vt 0.858686 0.038259
vt 0.801758 0.076148
vt 0.804879 0.060448
vt 0.810921 0.076876
vt 0.777073 0.139854
vt 0.920941 0.126664
vt 0.897591 0.073431
vt 0.844222 0.039119
vt 0.804910 0.091272
vt 0.942011 0.185866
vt 0.875071 0.176955
vt 0.899339 0.180643
vt 0.894230 0.133002
vt 0.897351 0.148702
vt 0.885040 0.138812
vt 0.871258 0.085359
vt 0.876798 0.097456
vt 0.867554 0.099923
vt 0.836852 0.087369
vt 0.845401 0.085200
vt 0.840955 0.101500
vt 0.814587 0.136559
vt 0.820481 0.124538
vt 0.824248 0.141781
vt 0.833908 0.147003
vt 0.839483 0.131317
vt 0.844450 0.144943
vt 0.830142 0.129760
vt 0.826375 0.112517
vt 0.831614 0.099943
vt 0.835716 0.114074
vt 0.845057 0.115631
vt 0.854454 0.115059
vt 0.850024 0.129257
vt 0.849503 0.099331
vt 0.853949 0.083032
vt 0.862603 0.084195
vt 0.858899 0.098760
vt 0.863850 0.114487
vt 0.869850 0.129554
vt 0.859421 0.128685
vt 0.873094 0.112020
vt 0.882337 0.109553
vt 0.888284 0.121278
vt 0.879093 0.127087
vt 0.875849 0.144621
vt 0.866258 0.160020
vt 0.865420 0.143752
vt 0.888161 0.154511
vt 0.900472 0.164402
vt 0.921241 0.175134
vt 0.878569 0.169911
vt 0.856667 0.175419
vt 0.845288 0.161211
vt 0.855829 0.159151
vt 0.832399 0.171732
vt 0.808131 0.168045
vt 0.811359 0.152302
vt 0.821020 0.157524
vt 0.808061 0.106397
vt 0.817218 0.109457
vt 0.811324 0.121478
vt 0.814073 0.092000
vt 0.820084 0.077604
vt 0.828468 0.082486
vt 0.823229 0.095061
vt 0.838905 0.054954
vt 0.846427 0.068993
vt 0.837879 0.071161
vt 0.853369 0.054094
vt 0.867834 0.053234
vt 0.869546 0.069296
vt 0.860891 0.068133
vt 0.888123 0.074271
vt 0.885230 0.091912
vt 0.879690 0.079815
vt 0.894328 0.088512
vt 0.900534 0.102754
vt 0.897382 0.117878
vt 0.891436 0.106153
vt 0.912556 0.131547
vt 0.906514 0.147974
vt 0.903393 0.132275
vt 0.921967 0.142872
vt 0.931377 0.154197
vt 0.936694 0.170031
vt 0.915925 0.159299
vt 0.960306 0.155917
vt 0.976691 0.161981
vt 0.951158 0.170891
vt 0.775361 0.155917
vt 0.785506 0.145398
vt 0.791746 0.161981
vt 0.795651 0.134880
vt 0.805119 0.135719
vt 0.801891 0.151462
vt 0.829495 0.066279
vt 0.814042 0.061176
vt 0.807999 0.044748
vt 0.828769 0.034016
vt 0.823452 0.049851
vt 0.877978 0.063752
vt 0.884218 0.047170
vt 0.900603 0.041106
vt 0.903831 0.056849
vt 0.894363 0.057688
vt 0.906545 0.117150
vt 0.909690 0.099693
vt 0.918847 0.096633
vt 0.924086 0.109207
vt 0.915702 0.114090
vt 0.945842 0.155057
vt 0.938899 0.140158
vt 0.946421 0.126119
vt 0.955076 0.124955
vt 0.953364 0.141018
vt 0.801856 0.120638
vt 0.792758 0.117239
vt 0.789865 0.099598
vt 0.795811 0.087873
vt 0.798963 0.102997
vt 0.783377 0.064529
vt 0.795688 0.054639
vt 0.792567 0.070339
vt 0.773786 0.049130
vt 0.764195 0.033731
vt 0.806867 0.028508
vt 0.786097 0.039240
vt 0.949140 0.033731
vt 0.924871 0.037419
vt 0.899339 0.028508
vt 0.937760 0.047939
vt 0.926381 0.062147
vt 0.916720 0.067369
vt 0.913492 0.051627
vt 0.922614 0.079390
vt 0.931955 0.077833
vt 0.937529 0.093520
vt 0.933427 0.107651
vt 0.928188 0.095076
vt 0.786621 0.082063
vt 0.780622 0.097130
vt 0.956322 0.094663
vt 0.962322 0.079596
vt 0.941975 0.109819
vt 0.946926 0.094091
vt 0.960026 0.109227
vt 0.951372 0.110391
vt 0.963730 0.123791
vt 0.968322 0.064529
vt 0.777377 0.079596
vt 0.771378 0.094663
vt 0.962018 0.139854
vt 0.967543 0.176955
vt 0.993075 0.168045
vt 0.854991 0.142883
vt 0.958731 0.049130
s 0
f 5474/558/5940 5516/560/5940 5547/559/5940
f 5475/561/5941 5519/563/5941 5517/562/5941
f 5474/558/5942 5521/564/5942 5516/560/5942
f 5474/558/5943 5523/565/5943 5521/564/5943
f 5474/558/5944 5550/566/5944 5523/565/5944
f 5475/561/5945 5526/567/5945 5519/563/5945
f 5476/568/5946 5528/570/5946 5518/569/5946
f 5477/571/5947 5530/573/5947 5522/572/5947
f 5478/574/5948 5532/576/5948 5524/575/5948
f 5479/577/5949 5534/579/5949 5525/578/5949
f 5475/561/5950 5559/580/5950 5526/567/5950
f 5476/568/5951 5561/581/5951 5528/570/5951
f 5477/571/5952 5563/582/5952 5530/573/5952
f 5478/574/5953 5565/583/5953 5532/576/5953
f 5479/577/5954 5557/584/5954 5534/579/5954
f 5480/585/5955 5541/587/5955 5536/586/5955
f 5481/588/5956 5543/590/5956 5537/589/5956
f 5482/591/5957 5544/593/5957 5538/592/5957
f 5483/594/5958 5545/596/5958 5539/595/5958
f 5484/597/5959 5572/599/5959 5540/598/5959
f 5512/600/5960 5542/602/5960 5576/601/5960
f 5512/600/5961 5576/601/5961 5577/603/5961
f 5510/604/5962 5578/606/5962 5570/605/5962
f 5515/607/5963 5575/609/5963 5579/608/5963
f 5515/607/5964 5579/608/5964 5580/610/5964
f 5509/611/5965 5581/613/5965 5569/612/5965
f 5514/614/5966 5574/616/5966 5582/615/5966
f 5514/614/5967 5582/615/5967 5583/617/5967
f 5508/618/5968 5584/620/5968 5568/619/5968
f 5513/621/5969 5573/623/5969 5585/622/5969
f 5513/621/5970 5585/622/5970 5586/624/5970
f 5507/625/5971 5587/627/5971 5567/626/5971
f 5511/628/5972 5571/630/5972 5588/629/5972
f 5511/628/5973 5588/629/5973 5589/631/5973
f 5506/632/5974 5590/634/5974 5566/633/5974
f 5497/635/5975 5527/637/5975 5591/636/5975
f 5497/635/5976 5591/636/5976 5592/638/5976
f 5504/639/5977 5593/641/5977 5564/640/5977
f 5505/642/5978 5535/644/5978 5594/643/5978
f 5505/642/5979 5594/643/5979 5595/645/5979
f 5502/646/5980 5596/648/5980 5562/647/5980
f 5503/649/5981 5533/651/5981 5597/650/5981
f 5503/649/5982 5597/650/5982 5598/652/5982
f 5500/653/5983 5599/655/5983 5560/654/5983
f 5501/656/5984 5531/658/5984 5600/657/5984
f 5501/656/5985 5600/657/5985 5601/659/5985
f 5498/660/5986 5602/662/5986 5558/661/5986
f 5499/663/5987 5529/665/5987 5603/664/5987
f 5499/666/5988 5603/668/5988 5604/667/5988
f 5496/669/5989 5605/671/5989 5556/670/5989
f 5504/639/5990 5564/640/5990 5606/672/5990
f 5504/639/5991 5606/672/5991 5607/673/5991
f 5495/674/5992 5608/676/5992 5555/675/5992
f 5502/646/5993 5562/647/5993 5609/677/5993
f 5502/646/5994 5609/677/5994 5610/678/5994
f 5494/679/5995 5611/681/5995 5554/680/5995
f 5500/653/5996 5560/654/5996 5612/682/5996
f 5500/653/5997 5612/682/5997 5613/683/5997
f 5492/684/5998 5614/686/5998 5552/685/5998
f 5498/660/5999 5558/661/5999 5615/687/5999
f 5498/660/6000 5615/687/6000 5616/688/6000
f 5488/689/6001 5617/691/6001 5548/690/6001
f 5496/669/6002 5556/670/6002 5618/692/6002
f 5496/669/6003 5618/692/6003 5619/693/6003
f 5489/694/6004 5620/696/6004 5549/695/6004
f 5490/697/6005 5520/699/6005 5621/698/6005
f 5490/697/6006 5621/698/6006 5622/700/6006
f 5493/701/6007 5623/703/6007 5553/702/6007
f 5493/704/6008 5553/706/6008 5624/705/6008
f 5493/704/6009 5624/705/6009 5625/707/6009
f 5491/708/6010 5626/710/6010 5551/709/6010
f 5491/708/6011 5551/709/6011 5627/711/6011
f 5491/708/6012 5627/711/6012 5628/712/6012
f 5486/713/6013 5629/715/6013 5546/714/6013
f 5489/694/6014 5549/695/6014 5630/716/6014
f 5489/694/6015 5630/716/6015 5631/717/6015
f 5487/718/6016 5632/719/6016 5547/559/6016
f 5486/713/6017 5546/714/6017 5633/720/6017
f 5486/713/6018 5633/720/6018 5634/721/6018
f 5487/718/6019 5635/723/6019 5517/722/6019
f 5635/723/6020 5488/689/6020 5548/690/6020
f 5635/723/6021 5548/690/6021 5517/722/6021
f 5517/722/6022 5548/690/6022 5475/724/6022
f 5633/720/6023 5488/689/6023 5635/723/6023
f 5633/720/6024 5635/723/6024 5634/721/6024
f 5634/721/6025 5635/723/6025 5487/718/6025
f 5546/714/6026 5476/568/6026 5518/569/6026
f 5546/714/6027 5518/569/6027 5633/720/6027
f 5633/720/6028 5518/569/6028 5488/689/6028
f 5632/719/6029 5490/725/6029 5550/566/6029
f 5632/719/6030 5550/566/6030 5547/559/6030
f 5547/559/6031 5550/566/6031 5474/558/6031
f 5630/716/6032 5490/697/6032 5632/726/6032
f 5630/716/6033 5632/726/6033 5631/717/6033
f 5631/717/6034 5632/726/6034 5487/727/6034
f 5549/695/6035 5479/577/6035 5520/699/6035
f 5549/695/6036 5520/699/6036 5630/716/6036
f 5630/716/6037 5520/699/6037 5490/697/6037
f 5629/715/6038 5492/684/6038 5552/685/6038
f 5629/715/6039 5552/685/6039 5546/714/6039
f 5546/714/6040 5552/685/6040 5476/568/6040
f 5627/711/6041 5492/684/6041 5629/715/6041
f 5627/711/6042 5629/715/6042 5628/712/6042
f 5628/712/6043 5629/715/6043 5486/713/6043
f 5551/709/6044 5477/571/6044 5522/572/6044
f 5551/709/6045 5522/572/6045 5627/711/6045
f 5627/711/6046 5522/572/6046 5492/684/6046
f 5626/710/6047 5494/679/6047 5554/680/6047
f 5626/710/6048 5554/680/6048 5551/709/6048
f 5551/709/6049 5554/680/6049 5477/571/6049
f 5624/705/6050 5494/679/6050 5626/710/6050
f 5624/705/6051 5626/710/6051 5625/707/6051
f 5625/707/6052 5626/710/6052 5491/708/6052
f 5553/706/6053 5478/574/6053 5524/575/6053
f 5553/706/6054 5524/575/6054 5624/705/6054
f 5624/705/6055 5524/575/6055 5494/679/6055
f 5623/703/6056 5495/674/6056 5555/675/6056
f 5623/703/6057 5555/675/6057 5553/702/6057
f 5553/702/6058 5555/675/6058 5478/574/6058
f 5621/698/6059 5495/674/6059 5623/703/6059
f 5621/698/6060 5623/703/6060 5622/700/6060
f 5622/700/6061 5623/703/6061 5493/701/6061
f 5520/699/6062 5479/577/6062 5525/578/6062
f 5520/699/6063 5525/578/6063 5621/698/6063
f 5621/698/6064 5525/578/6064 5495/674/6064
f 5620/696/6065 5497/635/6065 5557/584/6065
f 5620/696/6066 5557/584/6066 5549/695/6066
f 5549/695/6067 5557/584/6067 5479/577/6067
f 5618/692/6068 5497/635/6068 5620/696/6068
f 5618/692/6069 5620/696/6069 5619/693/6069
f 5619/693/6070 5620/696/6070 5489/694/6070
f 5556/670/6071 5484/597/6071 5527/637/6071
f 5556/670/6072 5527/637/6072 5618/692/6072
f 5618/692/6073 5527/637/6073 5497/635/6073
f 5617/691/6074 5499/663/6074 5559/728/6074
f 5617/691/6075 5559/728/6075 5548/690/6075
f 5548/690/6076 5559/728/6076 5475/724/6076
f 5615/687/6077 5499/663/6077 5617/691/6077
f 5615/687/6078 5617/691/6078 5616/688/6078
f 5616/688/6079 5617/691/6079 5488/689/6079
f 5558/661/6080 5480/585/6080 5529/665/6080
f 5558/661/6081 5529/665/6081 5615/687/6081
f 5615/687/6082 5529/665/6082 5499/663/6082
f 5614/686/6083 5501/656/6083 5561/581/6083
f 5614/686/6084 5561/581/6084 5552/685/6084
f 5552/685/6085 5561/581/6085 5476/568/6085
f 5612/682/6086 5501/656/6086 5614/686/6086
f 5612/682/6087 5614/686/6087 5613/683/6087
f 5613/683/6088 5614/686/6088 5492/684/6088
f 5560/654/6089 5481/588/6089 5531/658/6089
f 5560/654/6090 5531/658/6090 5612/682/6090
f 5612/682/6091 5531/658/6091 5501/656/6091
f 5611/681/6092 5503/649/6092 5563/582/6092
f 5611/681/6093 5563/582/6093 5554/680/6093
f 5554/680/6094 5563/582/6094 5477/571/6094
f 5609/677/6095 5503/649/6095 5611/681/6095
f 5609/677/6096 5611/681/6096 5610/678/6096
f 5610/678/6097 5611/681/6097 5494/679/6097
f 5562/647/6098 5482/591/6098 5533/651/6098
f 5562/647/6099 5533/651/6099 5609/677/6099
f 5609/677/6100 5533/651/6100 5503/649/6100
f 5608/676/6101 5505/642/6101 5565/583/6101
f 5608/676/6102 5565/583/6102 5555/675/6102
f 5555/675/6103 5565/583/6103 5478/574/6103
f 5606/672/6104 5505/642/6104 5608/676/6104
f 5606/672/6105 5608/676/6105 5607/673/6105
f 5607/673/6106 5608/676/6106 5495/674/6106
f 5564/640/6107 5483/594/6107 5535/644/6107
f 5564/640/6108 5535/644/6108 5606/672/6108
f 5606/672/6109 5535/644/6109 5505/642/6109
f 5605/671/6110 5506/632/6110 5566/633/6110
f 5605/671/6111 5566/633/6111 5556/670/6111
f 5556/670/6112 5566/633/6112 5484/597/6112
f 5603/668/6113 5506/632/6113 5605/671/6113
f 5603/668/6114 5605/671/6114 5604/667/6114
f 5604/667/6115 5605/671/6115 5496/669/6115
f 5529/665/6116 5480/585/6116 5536/729/6116
f 5529/665/6117 5536/729/6117 5603/664/6117
f 5603/664/6118 5536/729/6118 5506/730/6118
f 5602/662/6119 5507/625/6119 5567/626/6119
f 5602/662/6120 5567/626/6120 5558/661/6120
f 5558/661/6121 5567/626/6121 5480/585/6121
f 5600/657/6122 5507/625/6122 5602/662/6122
f 5600/657/6123 5602/662/6123 5601/659/6123
f 5601/659/6124 5602/662/6124 5498/660/6124
f 5531/658/6125 5481/588/6125 5537/589/6125
f 5531/658/6126 5537/589/6126 5600/657/6126
f 5600/657/6127 5537/589/6127 5507/625/6127
f 5599/655/6128 5508/618/6128 5568/619/6128
f 5599/655/6129 5568/619/6129 5560/654/6129
f 5560/654/6130 5568/619/6130 5481/588/6130
f 5597/650/6131 5508/618/6131 5599/655/6131
f 5597/650/6132 5599/655/6132 5598/652/6132
f 5598/652/6133 5599/655/6133 5500/653/6133
f 5533/651/6134 5482/591/6134 5538/592/6134
f 5533/651/6135 5538/592/6135 5597/650/6135
f 5597/650/6136 5538/592/6136 5508/618/6136
f 5596/648/6137 5509/611/6137 5569/612/6137
f 5596/648/6138 5569/612/6138 5562/647/6138
f 5562/647/6139 5569/612/6139 5482/591/6139
f 5594/643/6140 5509/611/6140 5596/648/6140
f 5594/643/6141 5596/648/6141 5595/645/6141
f 5595/645/6142 5596/648/6142 5502/646/6142
f 5535/644/6143 5483/594/6143 5539/595/6143
f 5535/644/6144 5539/595/6144 5594/643/6144
f 5594/643/6145 5539/595/6145 5509/611/6145
f 5593/641/6146 5510/604/6146 5570/605/6146
f 5593/641/6147 5570/605/6147 5564/640/6147
f 5564/640/6148 5570/605/6148 5483/594/6148
f 5591/636/6149 5510/604/6149 5593/641/6149
f 5591/636/6150 5593/641/6150 5592/638/6150
f 5592/638/6151 5593/641/6151 5504/639/6151
f 5527/637/6152 5484/597/6152 5540/598/6152
f 5527/637/6153 5540/598/6153 5591/636/6153
f 5591/636/6154 5540/598/6154 5510/604/6154
f 5590/634/6155 5512/600/6155 5572/599/6155
f 5590/634/6156 5572/599/6156 5566/633/6156
f 5566/633/6157 5572/599/6157 5484/597/6157
f 5588/629/6158 5512/600/6158 5590/634/6158
f 5588/629/6159 5590/634/6159 5589/631/6159
f 5589/631/6160 5590/634/6160 5506/632/6160
f 5571/630/6161 5485/731/6161 5542/602/6161
f 5571/630/6162 5542/602/6162 5588/629/6162
f 5588/629/6163 5542/602/6163 5512/600/6163
f 5587/627/6164 5511/628/6164 5541/587/6164
f 5587/627/6165 5541/587/6165 5567/626/6165
f 5567/626/6166 5541/587/6166 5480/585/6166
f 5585/622/6167 5511/628/6167 5587/627/6167
f 5585/622/6168 5587/627/6168 5586/624/6168
f 5586/624/6169 5587/627/6169 5507/625/6169
f 5573/623/6170 5485/731/6170 5571/630/6170
f 5573/623/6171 5571/630/6171 5585/622/6171
f 5585/622/6172 5571/630/6172 5511/628/6172
f 5584/620/6173 5513/621/6173 5543/590/6173
f 5584/620/6174 5543/590/6174 5568/619/6174
f 5568/619/6175 5543/590/6175 5481/588/6175
f 5582/615/6176 5513/621/6176 5584/620/6176
f 5582/615/6177 5584/620/6177 5583/617/6177
f 5583/617/6178 5584/620/6178 5508/618/6178
f 5574/616/6179 5485/731/6179 5573/623/6179
f 5574/616/6180 5573/623/6180 5582/615/6180
f 5582/615/6181 5573/623/6181 5513/621/6181
f 5581/613/6182 5514/614/6182 5544/593/6182
f 5581/613/6183 5544/593/6183 5569/612/6183
f 5569/612/6184 5544/593/6184 5482/591/6184
f 5579/608/6185 5514/614/6185 5581/613/6185
f 5579/608/6186 5581/613/6186 5580/610/6186
f 5580/610/6187 5581/613/6187 5509/611/6187
f 5575/609/6188 5485/731/6188 5574/616/6188
f 5575/609/6189 5574/616/6189 5579/608/6189
f 5579/608/6190 5574/616/6190 5514/614/6190
f 5578/606/6191 5515/607/6191 5545/596/6191
f 5578/606/6192 5545/596/6192 5570/605/6192
f 5570/605/6193 5545/596/6193 5483/594/6193
f 5576/601/6194 5515/607/6194 5578/606/6194
f 5576/601/6195 5578/606/6195 5577/603/6195
f 5577/603/6196 5578/606/6196 5510/604/6196
f 5542/602/6197 5485/731/6197 5575/609/6197
f 5542/602/6198 5575/609/6198 5576/601/6198
f 5576/601/6199 5575/609/6199 5515/607/6199
f 5572/599/6200 5512/600/6200 5577/603/6200
f 5572/599/6201 5577/603/6201 5540/598/6201
f 5540/598/6202 5577/603/6202 5510/604/6202
f 5545/596/6203 5515/607/6203 5580/610/6203
f 5545/596/6204 5580/610/6204 5539/595/6204
f 5539/595/6205 5580/610/6205 5509/611/6205
f 5544/593/6206 5514/614/6206 5583/617/6206
f 5544/593/6207 5583/617/6207 5538/592/6207
f 5538/592/6208 5583/617/6208 5508/618/6208
f 5543/590/6209 5513/621/6209 5586/624/6209
f 5543/590/6210 5586/624/6210 5537/589/6210
f 5537/589/6211 5586/624/6211 5507/625/6211
f 5541/587/6212 5511/628/6212 5589/631/6212
f 5541/587/6213 5589/631/6213 5536/586/6213
f 5536/586/6214 5589/631/6214 5506/632/6214
f 5557/584/6215 5497/635/6215 5592/638/6215
f 5557/584/6216 5592/638/6216 5534/579/6216
f 5534/579/6217 5592/638/6217 5504/639/6217
f 5565/583/6218 5505/642/6218 5595/645/6218
f 5565/583/6219 5595/645/6219 5532/576/6219
f 5532/576/6220 5595/645/6220 5502/646/6220
f 5563/582/6221 5503/649/6221 5598/652/6221
f 5563/582/6222 5598/652/6222 5530/573/6222
f 5530/573/6223 5598/652/6223 5500/653/6223
f 5561/581/6224 5501/656/6224 5601/659/6224
f 5561/581/6225 5601/659/6225 5528/570/6225
f 5528/570/6226 5601/659/6226 5498/660/6226
f 5559/580/6227 5499/666/6227 5604/667/6227
f 5559/580/6228 5604/667/6228 5526/567/6228
f 5526/567/6229 5604/667/6229 5496/669/6229
f 5534/579/6230 5504/639/6230 5607/673/6230
f 5534/579/6231 5607/673/6231 5525/578/6231
f 5525/578/6232 5607/673/6232 5495/674/6232
f 5532/576/6233 5502/646/6233 5610/678/6233
f 5532/576/6234 5610/678/6234 5524/575/6234
f 5524/575/6235 5610/678/6235 5494/679/6235
f 5530/573/6236 5500/653/6236 5613/683/6236
f 5530/573/6237 5613/683/6237 5522/572/6237
f 5522/572/6238 5613/683/6238 5492/684/6238
f 5528/570/6239 5498/660/6239 5616/688/6239
f 5528/570/6240 5616/688/6240 5518/569/6240
f 5518/569/6241 5616/688/6241 5488/689/6241
f 5526/567/6242 5496/669/6242 5619/693/6242
f 5526/567/6243 5619/693/6243 5519/563/6243
f 5519/563/6244 5619/693/6244 5489/694/6244
f 5550/566/6245 5490/725/6245 5622/732/6245
f 5550/566/6246 5622/732/6246 5523/565/6246
f 5523/565/6247 5622/732/6247 5493/704/6247
f 5523/565/6248 5493/704/6248 5625/707/6248
f 5523/565/6249 5625/707/6249 5521/564/6249
f 5521/564/6250 5625/707/6250 5491/708/6250
f 5521/564/6251 5491/708/6251 5628/712/6251
f 5521/564/6252 5628/712/6252 5516/560/6252
f 5516/560/6253 5628/712/6253 5486/713/6253
f 5519/563/6254 5489/694/6254 5631/717/6254
f 5519/563/6255 5631/717/6255 5517/562/6255
f 5517/562/6256 5631/717/6256 5487/727/6256
f 5516/560/6257 5486/713/6257 5634/721/6257
f 5516/560/6258 5634/721/6258 5547/559/6258
f 5547/559/6259 5634/721/6259 5487/718/6259
o collidable.006
v -17.949680 11.465717 26.295935
v -18.592493 12.579765 27.910631
v -20.015175 11.610456 26.273937
v -18.771263 9.912252 25.690899
v -16.739529 9.711817 26.364405
v -17.364824 11.131128 27.772635
v -19.777151 11.084208 28.280025
v -19.936020 9.678257 27.054256
v -18.381468 8.699871 27.090775
v -17.214863 9.406293 28.265320
v -18.114559 11.094727 29.773909
v -19.078068 9.231424 28.765709
v -18.843151 11.710906 26.005325
v -18.131153 12.118027 26.925638
v -19.223713 11.872004 27.084538
v -17.448242 12.209907 27.915802
v -17.110725 11.650126 26.823898
v -18.362131 10.762249 25.980913
v -19.526142 10.745653 25.557877
v -17.286924 10.740431 26.204496
v -17.943249 9.855624 26.252871
v -16.513559 10.578488 27.068195
v -18.444805 11.805658 28.645758
v -17.425432 11.165491 28.651535
v -20.281736 11.428562 27.411310
v -19.444006 11.814564 28.271193
v -19.512491 9.764421 26.273287
v -20.516060 10.496132 26.508900
v -17.553493 9.004046 26.658970
v -18.513124 9.362781 26.454350
v -16.994932 10.283064 28.118589
v -16.890385 9.543195 27.488029
v -19.155058 10.926589 28.817633
v -19.759024 10.326424 27.583891
v -19.173798 9.208519 27.068106
v -17.606306 8.595301 27.837336
v -17.714819 10.182889 28.922001
v -19.619917 10.117560 28.628822
v -18.713362 10.046939 29.206356
v -19.530964 9.469855 27.855288
v -18.763500 8.746502 28.096558
v -18.192392 9.098207 28.746405
v -18.270750 11.759130 25.955849
v -18.307503 12.300179 27.474733
v -19.689753 11.946773 26.650740
v -18.019804 12.607787 27.965322
v -17.355949 11.287207 27.370251
v -18.184408 11.148134 26.162624
v -19.119043 10.274541 25.732016
v -17.688820 11.066321 26.401470
v -17.434908 9.834155 26.465450
v -17.244516 10.746528 27.402817
v -18.506878 12.452660 28.441957
v -17.690798 11.193021 29.290848
v -19.864346 11.349172 26.861759
v -19.993584 11.583694 28.485994
v -19.136879 9.867075 25.941517
v -20.329138 9.960125 26.788025
v -17.144043 9.377029 26.539869
v -18.435436 9.099701 26.811605
v -17.305317 10.699483 27.891298
v -16.675011 9.211582 28.084923
v -19.739943 11.101308 28.815353
v -19.881657 10.003446 27.285439
v -18.723276 9.104338 27.117582
v -17.229996 8.841261 28.211441
v -17.852133 10.584373 29.437965
v -19.581680 10.630251 28.436867
v -19.020176 9.512909 29.162781
v -19.612038 9.686904 27.452042
v -18.522745 8.898848 27.549658
v -17.797440 9.374113 28.294109
v -19.439280 11.621915 26.184439
v -18.018005 11.751176 26.526293
v -18.797356 11.995390 27.506159
v -17.141665 11.669724 27.871861
v -17.482603 11.593098 26.474697
v -18.613672 10.340309 26.038748
v -19.866106 11.244647 25.845362
v -17.055803 10.241524 26.415886
v -18.387272 9.937183 26.138414
v -16.596813 10.126131 26.699818
v -18.248367 11.547635 29.300020
v -17.233757 11.202781 28.168980
v -20.219902 11.274448 27.979721
v -18.859110 11.935823 28.058861
v -19.761713 9.738073 26.723623
v -20.345001 11.117522 26.309616
v -18.016233 8.904203 26.926001
v -18.635906 9.718545 26.145855
v -16.979416 9.811492 28.241343
v -16.610197 9.505793 26.833935
v -18.609516 11.012490 29.289730
v -19.782330 10.705619 27.942066
v -19.532597 9.486702 27.078255
v -18.068903 8.771870 27.421284
v -17.609812 9.901991 28.376635
v -19.361942 9.685703 28.683086
v -18.424696 10.510659 29.613197
v -19.138340 9.430462 28.170881
v -19.048250 8.744488 28.570774
v -18.741295 8.914423 29.081844
v -18.449484 9.558208 29.047750
v -18.105328 10.006141 29.377310
v -17.997656 9.737147 28.769333
v -18.461063 8.533871 28.627741
v -17.819658 8.631851 28.421873
v -18.206717 8.602061 28.000044
v -19.188057 9.042671 27.956629
v -19.033218 8.938135 27.502308
v -19.313610 9.358911 27.490446
v -19.424421 9.848739 28.076881
v -19.778446 9.856375 27.777527
v -19.561121 10.248399 28.000923
v -19.355368 10.030092 29.178360
v -19.619764 10.559366 29.099957
v -19.022627 10.519228 29.267973
v -17.538425 10.697544 28.860613
v -17.361952 10.725412 28.335314
v -17.345423 10.268822 28.489105
v -17.160662 8.982923 27.654898
v -17.224728 9.263375 27.052296
v -17.598778 8.884823 27.234488
v -18.905241 9.201735 26.719967
v -18.953173 9.661079 26.511169
v -19.310879 9.470683 26.734848
v -20.282560 10.391726 27.138901
v -20.177925 10.902470 26.966263
v -19.978168 10.853760 27.507145
v -19.397463 11.541821 28.670805
v -18.991449 12.079494 28.695402
v -18.760466 11.439009 28.794592
v -16.549675 9.838241 27.884251
v -16.941675 10.317933 27.578453
v -16.589239 9.994934 27.264647
v -18.045368 9.121408 26.460970
v -17.695520 9.367505 26.324961
v -18.178164 9.442308 26.109627
v -20.020617 10.056816 26.310123
v -19.676041 10.111817 25.763792
v -19.925720 10.624723 26.119972
v -19.884155 11.620469 27.853971
v -19.723999 11.705228 27.257431
v -19.334990 11.859541 27.648157
v -18.021231 11.332513 28.562904
v -18.037598 12.000270 28.205835
v -17.615700 11.471357 28.075253
v -17.120298 10.969309 26.896908
v -17.021338 11.254416 26.375315
v -16.747885 10.712754 26.500290
v -17.701357 10.303620 26.368128
v -17.881037 10.702332 26.144987
v -18.108143 10.320395 26.078461
v -18.893833 10.816844 25.649509
v -18.600374 11.329600 25.717194
v -19.248262 11.362677 25.544527
v -17.467077 11.774401 27.410143
v -17.773594 12.294140 27.398849
v -17.610006 11.946372 26.878639
v -19.097710 11.979399 26.534170
v -18.505692 11.812614 26.515253
v -18.655989 11.944866 27.025080
vn 0.8065 0.4760 -0.3507
vn 0.0098 0.8446 -0.5353
vn 0.6439 -0.1621 -0.7477
vn 0.4404 0.0508 -0.8964
vn 0.3601 -0.0113 -0.9328
vn -0.0705 0.9675 0.2428
vn -0.8403 0.3815 0.3852
vn -0.4901 -0.3815 -0.7837
vn -0.1850 -0.2715 -0.9445
vn 0.9753 0.1724 0.1380
vn -0.8758 0.4181 0.2411
vn -0.7387 0.5249 0.4229
vn -0.1294 -0.9256 -0.3556
vn 0.4394 -0.7718 -0.4597
vn 0.9463 0.0423 -0.3206
vn -0.9251 -0.3720 0.0762
vn -0.7346 -0.3073 0.6050
vn -0.7615 -0.6466 0.0459
vn 0.0544 -0.0962 0.9939
vn 0.3149 -0.4036 0.8591
vn 0.2088 -0.1981 0.9577
vn -0.2712 -0.4265 0.8629
vn 0.6866 -0.5840 0.4330
vn 0.5715 -0.4203 0.7049
vn 0.3342 -0.3436 0.8776
vn -0.0921 -0.9493 -0.3005
vn -0.4806 -0.8269 -0.2921
vn -0.5709 -0.8210 -0.0057
vn -0.6094 -0.7889 0.0792
vn -0.6209 -0.2583 0.7401
vn -0.6277 -0.2539 0.7359
vn -0.8631 -0.3738 0.3396
vn -0.8289 -0.4541 0.3268
vn -0.8569 -0.3758 0.3527
vn -0.6141 0.4869 0.6211
vn 0.9216 -0.0506 0.3847
vn 0.9456 -0.0885 0.3130
vn 0.7080 0.1996 0.6774
vn 0.6955 -0.4916 -0.5241
vn 0.8155 -0.4867 -0.3132
vn 0.0984 -0.9760 -0.1944
vn -0.0622 -0.8101 -0.5830
vn -0.3874 -0.4147 -0.8234
vn -0.4787 -0.8203 -0.3129
vn -0.9340 -0.1592 0.3198
vn -0.8750 0.3060 0.3750
vn -0.8816 -0.4709 -0.0318
vn -0.1193 0.8135 0.5691
vn -0.7247 0.5269 0.4440
vn -0.5823 0.6813 0.4435
vn 0.6158 0.2174 0.7573
vn 0.7318 0.6717 0.1155
vn 0.9885 -0.1439 -0.0467
vn -0.0470 -0.9062 -0.4203
vn 0.1529 -0.6356 -0.7567
vn 0.2753 0.1714 -0.9460
vn -0.4900 -0.8114 -0.3186
vn -0.4814 -0.7884 -0.3830
vn -0.7808 -0.1888 -0.5956
vn -0.6422 0.7194 0.2649
vn -0.4425 0.8967 0.0086
vn -0.2519 0.9673 -0.0283
vn 0.7478 0.6629 0.0369
vn 0.5805 0.3950 0.7121
vn 0.3479 0.1218 0.9296
vn 0.9034 0.0331 0.4275
vn 0.9818 0.0066 0.1899
vn 0.4696 -0.1510 -0.8699
vn 0.0322 -0.3773 -0.9256
vn 0.1175 -0.4442 -0.8882
vn 0.0702 -0.1764 -0.9818
vn 0.4597 -0.3838 -0.8008
vn 0.5071 -0.1789 -0.8431
vn -0.2579 0.8662 -0.4279
vn 0.7678 0.4711 -0.4343
vn 0.7855 0.4541 -0.4204
vn 0.1896 0.7493 -0.6346
vn -0.2804 0.7947 -0.5384
vn 0.2446 0.9070 -0.3428
vn -0.3545 0.8475 -0.3950
vn -0.1408 0.9795 -0.1442
vn -0.5239 0.8173 -0.2398
vn -0.4232 0.6113 -0.6688
vn -0.1084 0.9801 0.1664
vn 0.2622 0.9501 -0.1691
vn -0.3516 0.8757 -0.3308
vn -0.1100 0.7868 -0.6073
vn -0.1646 0.7656 -0.6218
vn -0.0172 0.9821 0.1877
vn 0.3870 0.7511 -0.5348
vn 0.1670 0.7677 -0.6187
vn 0.1159 0.6404 -0.7592
vn 0.5165 0.8456 0.1347
vn 0.8600 0.5057 -0.0676
vn 0.2328 0.8407 -0.4888
vn 0.9248 -0.3611 -0.1197
vn 0.8193 0.2299 -0.5253
vn 0.8584 0.1558 0.4888
vn -0.4588 0.1878 -0.8685
vn -0.3711 0.8168 -0.4417
vn -0.1185 0.7345 -0.6682
vn 0.1528 -0.0901 -0.9841
vn 0.2566 -0.0193 -0.9663
vn 0.2222 0.6739 -0.7046
vn 0.4086 0.4803 -0.7761
vn 0.5203 -0.3355 -0.7853
vn 0.1637 -0.2145 -0.9629
vn 0.1898 -0.2852 -0.9395
vn 0.0687 -0.2029 -0.9768
vn 0.7277 0.2509 -0.6384
vn 0.5743 -0.1011 -0.8124
vn 0.5635 -0.1953 -0.8027
vn 0.3199 -0.0252 -0.9471
vn -0.1418 0.0115 -0.9898
vn 0.0562 -0.1720 -0.9835
vn 0.3867 0.0284 -0.9218
vn 0.9275 0.1182 -0.3547
vn 0.4884 -0.1656 -0.8568
vn 0.5527 0.4010 -0.7305
vn 0.5468 0.8368 -0.0278
vn 0.7720 0.4846 0.4114
vn 0.4823 0.0416 -0.8750
vn 0.9731 0.2067 0.1016
vn 0.9242 0.2097 0.3193
vn 0.3905 0.8033 0.4496
vn 0.5100 0.8181 0.2658
vn 0.1503 0.5095 0.8473
vn 0.9115 -0.3332 -0.2412
vn 0.1889 0.8919 0.4110
vn 0.6616 0.3661 0.6544
vn 0.4095 0.1029 0.9065
vn 0.4567 0.7040 0.5439
vn 0.5339 0.8416 -0.0811
vn 0.2601 0.9633 0.0665
vn -0.1897 0.9811 0.0376
vn -0.2244 0.9712 0.0796
vn -0.9272 0.3692 -0.0638
vn -0.4004 0.9163 -0.0039
vn -0.3909 0.9201 0.0258
vn -0.3297 0.9431 -0.0442
vn -0.6218 -0.5133 0.5915
vn -0.7306 0.6772 -0.0871
vn -0.3920 0.9198 -0.0144
vn -0.5268 -0.1246 -0.8408
vn -0.6354 -0.2609 -0.7268
vn -0.6873 0.4168 -0.5949
vn -0.5095 -0.1954 -0.8380
vn -0.8434 -0.0385 -0.5358
vn -0.8155 0.0049 -0.5787
vn -0.3754 -0.8570 -0.3530
vn -0.3724 -0.8331 -0.4090
vn -0.6701 -0.5130 -0.5364
vn -0.4503 -0.6686 -0.5918
vn -0.0590 0.0331 -0.9977
vn 0.5788 -0.6739 -0.4591
vn -0.3794 -0.7501 -0.5417
vn 0.2072 -0.6821 -0.7013
vn 0.4162 0.0774 -0.9060
vn -0.0459 -0.5760 -0.8161
vn -0.3004 -0.8713 -0.3881
vn -0.3949 -0.7787 -0.4875
vn 0.8447 -0.3736 0.3832
vn 0.9995 -0.0258 -0.0194
vn 0.9504 -0.0852 -0.2992
vn 0.7653 -0.6107 -0.2033
vn 0.7282 0.6741 0.1240
vn 0.7245 0.1337 0.6762
vn 0.2804 -0.1065 0.9540
vn 0.6301 0.1197 0.7672
vn 0.8229 -0.3158 -0.4724
vn -0.6109 0.4981 0.6153
vn -0.6753 0.4444 0.5887
vn -0.6650 0.4371 0.6056
vn -0.1618 0.1683 0.9724
vn -0.1763 0.0883 0.9804
vn 0.1964 0.2189 0.9558
vn -0.9030 -0.4227 0.0763
vn -0.2329 0.4619 0.8558
vn 0.0736 0.2588 0.9631
vn -0.8976 -0.3306 0.2916
vn -0.7798 -0.6094 0.1436
vn -0.6214 -0.5170 0.5887
vn -0.6507 -0.1625 0.7417
vn -0.8854 0.3011 0.3541
vn -0.8668 -0.4106 0.2831
vn -0.6830 -0.3439 0.6444
vn -0.6498 -0.4360 0.6226
vn -0.6243 -0.3890 0.6774
vn -0.5820 -0.7381 -0.3413
vn -0.4854 -0.8300 -0.2747
vn -0.3834 -0.8521 -0.3563
vn -0.5196 -0.7623 -0.3860
vn -0.3098 -0.4201 -0.8530
vn 0.0868 -0.8229 -0.5616
vn -0.6354 -0.4979 -0.5902
vn -0.1807 -0.9712 -0.1552
vn -0.2082 -0.9678 -0.1418
vn 0.0448 -0.9007 -0.4320
vn 0.1345 -0.9608 -0.2424
vn 0.4107 -0.8908 -0.1943
vn 0.5220 -0.7714 -0.3640
vn 0.5483 -0.7344 -0.4001
vn 0.6846 -0.7226 -0.0958
vn 0.2832 -0.0986 0.9540
vn 0.5254 -0.8379 -0.1478
vn 0.6234 -0.7728 -0.1190
vn 0.6586 -0.6098 0.4409
vn 0.1412 -0.3818 0.9134
vn 0.2013 -0.0591 0.9777
vn 0.7652 -0.1889 0.6155
vn 0.9360 0.1423 0.3220
vn 0.6984 0.2510 0.6703
vn 0.7553 -0.0421 0.6540
vn 0.8819 -0.1238 0.4549
vn 0.8708 -0.2478 0.4246
vn -0.4615 -0.4052 0.7892
vn -0.4641 0.3528 0.8125
vn -0.7028 0.1841 0.6872
vn -0.0390 -0.1543 0.9872
vn -0.2704 0.0075 0.9627
vn -0.1454 0.7121 0.6869
vn -0.8025 -0.4253 0.4185
vn -0.7754 -0.5136 0.3674
vn -0.0420 -0.0573 0.9975
vn -0.9955 0.0427 -0.0843
vn -0.8742 -0.3849 0.2959
vn -0.9043 -0.2773 0.3245
vn -0.9246 -0.3464 -0.1588
vn -0.6448 -0.0760 0.7606
vn -0.8642 0.2217 0.4516
vn -0.8362 -0.5400 -0.0960
vn -0.8159 -0.5739 -0.0702
vn -0.8545 -0.5169 -0.0509
vn -0.7089 -0.6706 -0.2184
vn -0.7371 -0.6483 0.1906
vn -0.4177 -0.8349 0.3584
vn -0.7288 -0.6417 -0.2390
vn -0.8204 -0.5510 -0.1528
vn -0.8287 -0.5544 -0.0769
vn -0.9935 -0.0892 0.0708
vn -0.9749 0.0019 0.2228
vn -0.6128 -0.3205 0.7223
vn -0.2931 -0.8798 -0.3741
vn -0.3411 -0.8770 -0.3385
vn -0.1588 -0.9227 0.3512
vn -0.2800 -0.9356 -0.2151
vn 0.1341 -0.9895 -0.0532
vn 0.0063 -0.9979 0.0647
vn -0.7822 -0.2722 0.5603
vn -0.3377 -0.8136 0.4734
vn -0.3147 -0.9294 -0.1929
vn 0.8005 -0.2633 0.5384
vn 0.7356 -0.3519 0.5788
vn 0.0582 -0.1744 0.9830
vn 0.5706 -0.2025 0.7959
vn 0.5453 -0.7265 0.4180
vn 0.7138 -0.5849 0.3852
vn -0.7991 -0.4293 0.4208
vn 0.2004 -0.0390 0.9789
vn 0.5602 -0.2115 0.8009
vn -0.2612 -0.5396 0.8004
vn 0.3119 -0.2332 0.9210
vn 0.7683 -0.3897 0.5077
vn 0.7197 0.0968 0.6875
vn 0.2830 0.1545 0.9466
vn 0.3902 -0.8991 0.1986
vn -0.0470 -0.9567 -0.2872
vn -0.0312 -0.9082 -0.4174
vn -0.1453 -0.8603 -0.4887
vn -0.8224 -0.5532 -0.1324
vn -0.7502 -0.6600 -0.0399
vn -0.9599 0.1398 0.2431
vn -0.9972 0.0551 -0.0514
vn -0.9629 -0.2570 -0.0828
vn 0.1414 0.4847 0.8632
vn 0.9255 -0.1238 0.3580
vn 0.9677 -0.2125 0.1358
vn 0.7832 0.6185 0.0638
vn 0.4274 -0.8735 0.2330
vn 0.3131 -0.9364 -0.1584
vn 0.6623 -0.7467 -0.0613
vn -0.5158 -0.6559 -0.5511
vn -0.1619 -0.9435 -0.2890
vn -0.0339 -0.9433 -0.3302
vn -0.8746 0.3488 0.3368
vn -0.7152 0.5898 0.3751
vn -0.7160 0.3631 -0.5963
vn -0.2877 0.9196 -0.2674
vn -0.6749 0.6772 -0.2932
vn 0.2400 0.3125 0.9191
vn 0.7649 0.6336 0.1163
vn 0.7756 0.6118 0.1555
vn 0.4442 0.5901 0.6741
vn 0.3052 -0.5770 -0.7576
vn 0.3608 0.0783 -0.9293
vn 0.3873 0.0607 -0.9200
vn -0.2147 -0.8377 -0.5022
vn 0.0835 -0.4585 -0.8847
vn 0.0385 -0.3170 -0.9476
vn -0.4926 0.7265 -0.4791
vn -0.9512 0.3013 0.0663
vn -0.1831 0.9169 0.3547
vn 0.6366 0.2866 0.7160
vn 0.6279 0.2705 0.7297
vn 0.3144 0.3415 0.8857
vn 0.4109 0.7227 -0.5557
vn -0.0865 0.1703 -0.9816
vn -0.1423 0.3776 -0.9150
vn 0.0471 0.5586 -0.8281
vn 0.4532 0.3410 -0.8236
vn 0.3407 0.2675 -0.9013
vn 0.7282 -0.0127 -0.6852
vn 0.6943 -0.1407 -0.7057
vn -0.1178 0.5498 -0.8269
vn 0.5460 0.8106 -0.2115
vn -0.0619 0.8615 -0.5039
vn -0.0355 0.9451 -0.3249
vn -0.0947 0.9864 -0.1341
vn 0.1258 0.9912 -0.0419
vn 0.1090 0.7472 -0.6556
vt 0.947464 0.066268
vt 0.951893 0.080465
vt 0.942496 0.079894
vt 0.778785 0.123791
vt 0.775082 0.109227
vt 0.784325 0.111694
vt 0.936922 0.064208
vt 0.948302 0.049999
vt 0.957893 0.065399
vt 0.787218 0.129336
vt 0.929325 0.121782
vt 0.937873 0.123950
vt 0.930351 0.137989
vt 0.907059 0.072591
vt 0.912953 0.084612
vt 0.903797 0.087673
vt 0.849538 0.023284
vt 0.875071 0.032195
vt 0.858686 0.038259
vt 0.801758 0.076148
vt 0.804879 0.060448
vt 0.810921 0.076876
vt 0.777073 0.139854
vt 0.920941 0.126664
vt 0.897591 0.073431
vt 0.844222 0.039119
vt 0.804910 0.091272
vt 0.942011 0.185866
vt 0.875071 0.176955
vt 0.899339 0.180643
vt 0.894230 0.133002
vt 0.897351 0.148702
vt 0.885040 0.138812
vt 0.871258 0.085359
vt 0.876798 0.097456
vt 0.867554 0.099923
vt 0.836852 0.087369
vt 0.845401 0.085200
vt 0.840955 0.101500
vt 0.814587 0.136559
vt 0.820481 0.124538
vt 0.824248 0.141781
vt 0.833908 0.147003
vt 0.839483 0.131317
vt 0.844450 0.144943
vt 0.830142 0.129760
vt 0.826375 0.112517
vt 0.831614 0.099943
vt 0.835716 0.114074
vt 0.845057 0.115631
vt 0.854454 0.115059
vt 0.850024 0.129257
vt 0.849503 0.099331
vt 0.853949 0.083032
vt 0.862603 0.084195
vt 0.858899 0.098760
vt 0.863850 0.114487
vt 0.869850 0.129554
vt 0.859421 0.128685
vt 0.873094 0.112020
vt 0.882337 0.109553
vt 0.888284 0.121278
vt 0.879093 0.127087
vt 0.875849 0.144621
vt 0.866258 0.160020
vt 0.865420 0.143752
vt 0.888161 0.154511
vt 0.900472 0.164402
vt 0.921241 0.175134
vt 0.878569 0.169911
vt 0.856667 0.175419
vt 0.845288 0.161211
vt 0.855829 0.159151
vt 0.832399 0.171732
vt 0.808131 0.168045
vt 0.811359 0.152302
vt 0.821020 0.157524
vt 0.808061 0.106397
vt 0.817218 0.109457
vt 0.811324 0.121478
vt 0.814073 0.092000
vt 0.820084 0.077604
vt 0.828468 0.082486
vt 0.823229 0.095061
vt 0.838905 0.054954
vt 0.846427 0.068993
vt 0.837879 0.071161
vt 0.853369 0.054094
vt 0.867834 0.053234
vt 0.869546 0.069296
vt 0.860891 0.068133
vt 0.888123 0.074271
vt 0.885230 0.091912
vt 0.879690 0.079815
vt 0.894328 0.088512
vt 0.900534 0.102754
vt 0.897382 0.117878
vt 0.891436 0.106153
vt 0.912556 0.131547
vt 0.906514 0.147974
vt 0.903393 0.132275
vt 0.921967 0.142872
vt 0.931377 0.154197
vt 0.936694 0.170031
vt 0.915925 0.159299
vt 0.960306 0.155917
vt 0.976691 0.161981
vt 0.951158 0.170891
vt 0.775361 0.155917
vt 0.785506 0.145398
vt 0.791746 0.161981
vt 0.795651 0.134880
vt 0.805119 0.135719
vt 0.801891 0.151462
vt 0.829495 0.066279
vt 0.814042 0.061176
vt 0.807999 0.044748
vt 0.828769 0.034016
vt 0.823452 0.049851
vt 0.877978 0.063752
vt 0.884218 0.047170
vt 0.900603 0.041106
vt 0.903831 0.056849
vt 0.894363 0.057688
vt 0.906545 0.117150
vt 0.909690 0.099693
vt 0.918847 0.096633
vt 0.924086 0.109207
vt 0.915702 0.114090
vt 0.945842 0.155057
vt 0.938899 0.140158
vt 0.946421 0.126119
vt 0.955076 0.124955
vt 0.953364 0.141018
vt 0.801856 0.120638
vt 0.792758 0.117239
vt 0.789865 0.099598
vt 0.795811 0.087873
vt 0.798963 0.102997
vt 0.783377 0.064529
vt 0.795688 0.054639
vt 0.792567 0.070339
vt 0.773786 0.049130
vt 0.764195 0.033731
vt 0.806867 0.028508
vt 0.786097 0.039240
vt 0.949140 0.033731
vt 0.924871 0.037419
vt 0.899339 0.028508
vt 0.937760 0.047939
vt 0.926381 0.062147
vt 0.916720 0.067369
vt 0.913492 0.051627
vt 0.922614 0.079390
vt 0.931955 0.077833
vt 0.937529 0.093520
vt 0.933427 0.107651
vt 0.928188 0.095076
vt 0.786621 0.082063
vt 0.780622 0.097130
vt 0.956322 0.094663
vt 0.962322 0.079596
vt 0.941975 0.109819
vt 0.946926 0.094091
vt 0.960026 0.109227
vt 0.951372 0.110391
vt 0.963730 0.123791
vt 0.968322 0.064529
vt 0.777377 0.079596
vt 0.771378 0.094663
vt 0.962018 0.139854
vt 0.967543 0.176955
vt 0.993075 0.168045
vt 0.854991 0.142883
vt 0.958731 0.049130
s 0
f 5636/733/6260 5678/735/6260 5709/734/6260
f 5637/736/6261 5681/738/6261 5679/737/6261
f 5636/733/6262 5683/739/6262 5678/735/6262
f 5636/733/6263 5685/740/6263 5683/739/6263
f 5636/733/6264 5712/741/6264 5685/740/6264
f 5637/736/6265 5688/742/6265 5681/738/6265
f 5638/743/6266 5690/745/6266 5680/744/6266
f 5639/746/6267 5692/748/6267 5684/747/6267
f 5640/749/6268 5694/751/6268 5686/750/6268
f 5641/752/6269 5696/754/6269 5687/753/6269
f 5637/736/6270 5721/755/6270 5688/742/6270
f 5638/743/6271 5723/756/6271 5690/745/6271
f 5639/746/6272 5725/757/6272 5692/748/6272
f 5640/749/6273 5727/758/6273 5694/751/6273
f 5641/752/6274 5719/759/6274 5696/754/6274
f 5642/760/6275 5703/762/6275 5698/761/6275
f 5643/763/6276 5705/765/6276 5699/764/6276
f 5644/766/6277 5706/768/6277 5700/767/6277
f 5645/769/6278 5707/771/6278 5701/770/6278
f 5646/772/6279 5734/774/6279 5702/773/6279
f 5674/775/6280 5704/777/6280 5738/776/6280
f 5674/775/6281 5738/776/6281 5739/778/6281
f 5672/779/6282 5740/781/6282 5732/780/6282
f 5677/782/6283 5737/784/6283 5741/783/6283
f 5677/782/6284 5741/783/6284 5742/785/6284
f 5671/786/6285 5743/788/6285 5731/787/6285
f 5676/789/6286 5736/791/6286 5744/790/6286
f 5676/789/6287 5744/790/6287 5745/792/6287
f 5670/793/6288 5746/795/6288 5730/794/6288
f 5675/796/6289 5735/798/6289 5747/797/6289
f 5675/796/6290 5747/797/6290 5748/799/6290
f 5669/800/6291 5749/802/6291 5729/801/6291
f 5673/803/6292 5733/805/6292 5750/804/6292
f 5673/803/6293 5750/804/6293 5751/806/6293
f 5668/807/6294 5752/809/6294 5728/808/6294
f 5659/810/6295 5689/812/6295 5753/811/6295
f 5659/810/6296 5753/811/6296 5754/813/6296
f 5666/814/6297 5755/816/6297 5726/815/6297
f 5667/817/6298 5697/819/6298 5756/818/6298
f 5667/817/6299 5756/818/6299 5757/820/6299
f 5664/821/6300 5758/823/6300 5724/822/6300
f 5665/824/6301 5695/826/6301 5759/825/6301
f 5665/824/6302 5759/825/6302 5760/827/6302
f 5662/828/6303 5761/830/6303 5722/829/6303
f 5663/831/6304 5693/833/6304 5762/832/6304
f 5663/831/6305 5762/832/6305 5763/834/6305
f 5660/835/6306 5764/837/6306 5720/836/6306
f 5661/838/6307 5691/840/6307 5765/839/6307
f 5661/841/6308 5765/843/6308 5766/842/6308
f 5658/844/6309 5767/846/6309 5718/845/6309
f 5666/814/6310 5726/815/6310 5768/847/6310
f 5666/814/6311 5768/847/6311 5769/848/6311
f 5657/849/6312 5770/851/6312 5717/850/6312
f 5664/821/6313 5724/822/6313 5771/852/6313
f 5664/821/6314 5771/852/6314 5772/853/6314
f 5656/854/6315 5773/856/6315 5716/855/6315
f 5662/828/6316 5722/829/6316 5774/857/6316
f 5662/828/6317 5774/857/6317 5775/858/6317
f 5654/859/6318 5776/861/6318 5714/860/6318
f 5660/835/6319 5720/836/6319 5777/862/6319
f 5660/835/6320 5777/862/6320 5778/863/6320
f 5650/864/6321 5779/866/6321 5710/865/6321
f 5658/844/6322 5718/845/6322 5780/867/6322
f 5658/844/6323 5780/867/6323 5781/868/6323
f 5651/869/6324 5782/871/6324 5711/870/6324
f 5652/872/6325 5682/874/6325 5783/873/6325
f 5652/872/6326 5783/873/6326 5784/875/6326
f 5655/876/6327 5785/878/6327 5715/877/6327
f 5655/879/6328 5715/881/6328 5786/880/6328
f 5655/879/6329 5786/880/6329 5787/882/6329
f 5653/883/6330 5788/885/6330 5713/884/6330
f 5653/883/6331 5713/884/6331 5789/886/6331
f 5653/883/6332 5789/886/6332 5790/887/6332
f 5648/888/6333 5791/890/6333 5708/889/6333
f 5651/869/6334 5711/870/6334 5792/891/6334
f 5651/869/6335 5792/891/6335 5793/892/6335
f 5649/893/6336 5794/894/6336 5709/734/6336
f 5648/888/6337 5708/889/6337 5795/895/6337
f 5648/888/6338 5795/895/6338 5796/896/6338
f 5649/893/6339 5797/898/6339 5679/897/6339
f 5797/898/6340 5650/864/6340 5710/865/6340
f 5797/898/6341 5710/865/6341 5679/897/6341
f 5679/897/6342 5710/865/6342 5637/899/6342
f 5795/895/6343 5650/864/6343 5797/898/6343
f 5795/895/6344 5797/898/6344 5796/896/6344
f 5796/896/6345 5797/898/6345 5649/893/6345
f 5708/889/6346 5638/743/6346 5680/744/6346
f 5708/889/6347 5680/744/6347 5795/895/6347
f 5795/895/6348 5680/744/6348 5650/864/6348
f 5794/894/6349 5652/900/6349 5712/741/6349
f 5794/894/6350 5712/741/6350 5709/734/6350
f 5709/734/6351 5712/741/6351 5636/733/6351
f 5792/891/6352 5652/872/6352 5794/901/6352
f 5792/891/6353 5794/901/6353 5793/892/6353
f 5793/892/6354 5794/901/6354 5649/902/6354
f 5711/870/6355 5641/752/6355 5682/874/6355
f 5711/870/6356 5682/874/6356 5792/891/6356
f 5792/891/6357 5682/874/6357 5652/872/6357
f 5791/890/6358 5654/859/6358 5714/860/6358
f 5791/890/6359 5714/860/6359 5708/889/6359
f 5708/889/6360 5714/860/6360 5638/743/6360
f 5789/886/6361 5654/859/6361 5791/890/6361
f 5789/886/6362 5791/890/6362 5790/887/6362
f 5790/887/6363 5791/890/6363 5648/888/6363
f 5713/884/6364 5639/746/6364 5684/747/6364
f 5713/884/6365 5684/747/6365 5789/886/6365
f 5789/886/6366 5684/747/6366 5654/859/6366
f 5788/885/6367 5656/854/6367 5716/855/6367
f 5788/885/6368 5716/855/6368 5713/884/6368
f 5713/884/6369 5716/855/6369 5639/746/6369
f 5786/880/6370 5656/854/6370 5788/885/6370
f 5786/880/6371 5788/885/6371 5787/882/6371
f 5787/882/6372 5788/885/6372 5653/883/6372
f 5715/881/6373 5640/749/6373 5686/750/6373
f 5715/881/6374 5686/750/6374 5786/880/6374
f 5786/880/6375 5686/750/6375 5656/854/6375
f 5785/878/6376 5657/849/6376 5717/850/6376
f 5785/878/6377 5717/850/6377 5715/877/6377
f 5715/877/6378 5717/850/6378 5640/749/6378
f 5783/873/6379 5657/849/6379 5785/878/6379
f 5783/873/6380 5785/878/6380 5784/875/6380
f 5784/875/6381 5785/878/6381 5655/876/6381
f 5682/874/6382 5641/752/6382 5687/753/6382
f 5682/874/6383 5687/753/6383 5783/873/6383
f 5783/873/6384 5687/753/6384 5657/849/6384
f 5782/871/6385 5659/810/6385 5719/759/6385
f 5782/871/6386 5719/759/6386 5711/870/6386
f 5711/870/6387 5719/759/6387 5641/752/6387
f 5780/867/6388 5659/810/6388 5782/871/6388
f 5780/867/6389 5782/871/6389 5781/868/6389
f 5781/868/6390 5782/871/6390 5651/869/6390
f 5718/845/6391 5646/772/6391 5689/812/6391
f 5718/845/6392 5689/812/6392 5780/867/6392
f 5780/867/6393 5689/812/6393 5659/810/6393
f 5779/866/6394 5661/838/6394 5721/903/6394
f 5779/866/6395 5721/903/6395 5710/865/6395
f 5710/865/6396 5721/903/6396 5637/899/6396
f 5777/862/6397 5661/838/6397 5779/866/6397
f 5777/862/6398 5779/866/6398 5778/863/6398
f 5778/863/6399 5779/866/6399 5650/864/6399
f 5720/836/6400 5642/760/6400 5691/840/6400
f 5720/836/6401 5691/840/6401 5777/862/6401
f 5777/862/6402 5691/840/6402 5661/838/6402
f 5776/861/6403 5663/831/6403 5723/756/6403
f 5776/861/6404 5723/756/6404 5714/860/6404
f 5714/860/6405 5723/756/6405 5638/743/6405
f 5774/857/6406 5663/831/6406 5776/861/6406
f 5774/857/6407 5776/861/6407 5775/858/6407
f 5775/858/6408 5776/861/6408 5654/859/6408
f 5722/829/6409 5643/763/6409 5693/833/6409
f 5722/829/6410 5693/833/6410 5774/857/6410
f 5774/857/6411 5693/833/6411 5663/831/6411
f 5773/856/6412 5665/824/6412 5725/757/6412
f 5773/856/6413 5725/757/6413 5716/855/6413
f 5716/855/6414 5725/757/6414 5639/746/6414
f 5771/852/6415 5665/824/6415 5773/856/6415
f 5771/852/6416 5773/856/6416 5772/853/6416
f 5772/853/6417 5773/856/6417 5656/854/6417
f 5724/822/6418 5644/766/6418 5695/826/6418
f 5724/822/6419 5695/826/6419 5771/852/6419
f 5771/852/6420 5695/826/6420 5665/824/6420
f 5770/851/6421 5667/817/6421 5727/758/6421
f 5770/851/6422 5727/758/6422 5717/850/6422
f 5717/850/6423 5727/758/6423 5640/749/6423
f 5768/847/6424 5667/817/6424 5770/851/6424
f 5768/847/6425 5770/851/6425 5769/848/6425
f 5769/848/6426 5770/851/6426 5657/849/6426
f 5726/815/6427 5645/769/6427 5697/819/6427
f 5726/815/6428 5697/819/6428 5768/847/6428
f 5768/847/6429 5697/819/6429 5667/817/6429
f 5767/846/6430 5668/807/6430 5728/808/6430
f 5767/846/6431 5728/808/6431 5718/845/6431
f 5718/845/6432 5728/808/6432 5646/772/6432
f 5765/843/6433 5668/807/6433 5767/846/6433
f 5765/843/6434 5767/846/6434 5766/842/6434
f 5766/842/6435 5767/846/6435 5658/844/6435
f 5691/840/6436 5642/760/6436 5698/904/6436
f 5691/840/6437 5698/904/6437 5765/839/6437
f 5765/839/6438 5698/904/6438 5668/905/6438
f 5764/837/6439 5669/800/6439 5729/801/6439
f 5764/837/6440 5729/801/6440 5720/836/6440
f 5720/836/6441 5729/801/6441 5642/760/6441
f 5762/832/6442 5669/800/6442 5764/837/6442
f 5762/832/6443 5764/837/6443 5763/834/6443
f 5763/834/6444 5764/837/6444 5660/835/6444
f 5693/833/6445 5643/763/6445 5699/764/6445
f 5693/833/6446 5699/764/6446 5762/832/6446
f 5762/832/6447 5699/764/6447 5669/800/6447
f 5761/830/6448 5670/793/6448 5730/794/6448
f 5761/830/6449 5730/794/6449 5722/829/6449
f 5722/829/6450 5730/794/6450 5643/763/6450
f 5759/825/6451 5670/793/6451 5761/830/6451
f 5759/825/6452 5761/830/6452 5760/827/6452
f 5760/827/6453 5761/830/6453 5662/828/6453
f 5695/826/6454 5644/766/6454 5700/767/6454
f 5695/826/6455 5700/767/6455 5759/825/6455
f 5759/825/6456 5700/767/6456 5670/793/6456
f 5758/823/6457 5671/786/6457 5731/787/6457
f 5758/823/6458 5731/787/6458 5724/822/6458
f 5724/822/6459 5731/787/6459 5644/766/6459
f 5756/818/6460 5671/786/6460 5758/823/6460
f 5756/818/6461 5758/823/6461 5757/820/6461
f 5757/820/6462 5758/823/6462 5664/821/6462
f 5697/819/6463 5645/769/6463 5701/770/6463
f 5697/819/6464 5701/770/6464 5756/818/6464
f 5756/818/6465 5701/770/6465 5671/786/6465
f 5755/816/6466 5672/779/6466 5732/780/6466
f 5755/816/6467 5732/780/6467 5726/815/6467
f 5726/815/6468 5732/780/6468 5645/769/6468
f 5753/811/6469 5672/779/6469 5755/816/6469
f 5753/811/6470 5755/816/6470 5754/813/6470
f 5754/813/6471 5755/816/6471 5666/814/6471
f 5689/812/6472 5646/772/6472 5702/773/6472
f 5689/812/6473 5702/773/6473 5753/811/6473
f 5753/811/6474 5702/773/6474 5672/779/6474
f 5752/809/6475 5674/775/6475 5734/774/6475
f 5752/809/6476 5734/774/6476 5728/808/6476
f 5728/808/6477 5734/774/6477 5646/772/6477
f 5750/804/6478 5674/775/6478 5752/809/6478
f 5750/804/6479 5752/809/6479 5751/806/6479
f 5751/806/6480 5752/809/6480 5668/807/6480
f 5733/805/6481 5647/906/6481 5704/777/6481
f 5733/805/6482 5704/777/6482 5750/804/6482
f 5750/804/6483 5704/777/6483 5674/775/6483
f 5749/802/6484 5673/803/6484 5703/762/6484
f 5749/802/6485 5703/762/6485 5729/801/6485
f 5729/801/6486 5703/762/6486 5642/760/6486
f 5747/797/6487 5673/803/6487 5749/802/6487
f 5747/797/6488 5749/802/6488 5748/799/6488
f 5748/799/6489 5749/802/6489 5669/800/6489
f 5735/798/6490 5647/906/6490 5733/805/6490
f 5735/798/6491 5733/805/6491 5747/797/6491
f 5747/797/6492 5733/805/6492 5673/803/6492
f 5746/795/6493 5675/796/6493 5705/765/6493
f 5746/795/6494 5705/765/6494 5730/794/6494
f 5730/794/6495 5705/765/6495 5643/763/6495
f 5744/790/6496 5675/796/6496 5746/795/6496
f 5744/790/6497 5746/795/6497 5745/792/6497
f 5745/792/6498 5746/795/6498 5670/793/6498
f 5736/791/6499 5647/906/6499 5735/798/6499
f 5736/791/6500 5735/798/6500 5744/790/6500
f 5744/790/6501 5735/798/6501 5675/796/6501
f 5743/788/6502 5676/789/6502 5706/768/6502
f 5743/788/6503 5706/768/6503 5731/787/6503
f 5731/787/6504 5706/768/6504 5644/766/6504
f 5741/783/6505 5676/789/6505 5743/788/6505
f 5741/783/6506 5743/788/6506 5742/785/6506
f 5742/785/6507 5743/788/6507 5671/786/6507
f 5737/784/6508 5647/906/6508 5736/791/6508
f 5737/784/6509 5736/791/6509 5741/783/6509
f 5741/783/6510 5736/791/6510 5676/789/6510
f 5740/781/6511 5677/782/6511 5707/771/6511
f 5740/781/6512 5707/771/6512 5732/780/6512
f 5732/780/6513 5707/771/6513 5645/769/6513
f 5738/776/6514 5677/782/6514 5740/781/6514
f 5738/776/6515 5740/781/6515 5739/778/6515
f 5739/778/6516 5740/781/6516 5672/779/6516
f 5704/777/6517 5647/906/6517 5737/784/6517
f 5704/777/6518 5737/784/6518 5738/776/6518
f 5738/776/6519 5737/784/6519 5677/782/6519
f 5734/774/6520 5674/775/6520 5739/778/6520
f 5734/774/6521 5739/778/6521 5702/773/6521
f 5702/773/6522 5739/778/6522 5672/779/6522
f 5707/771/6523 5677/782/6523 5742/785/6523
f 5707/771/6524 5742/785/6524 5701/770/6524
f 5701/770/6525 5742/785/6525 5671/786/6525
f 5706/768/6526 5676/789/6526 5745/792/6526
f 5706/768/6527 5745/792/6527 5700/767/6527
f 5700/767/6528 5745/792/6528 5670/793/6528
f 5705/765/6529 5675/796/6529 5748/799/6529
f 5705/765/6530 5748/799/6530 5699/764/6530
f 5699/764/6531 5748/799/6531 5669/800/6531
f 5703/762/6532 5673/803/6532 5751/806/6532
f 5703/762/6533 5751/806/6533 5698/761/6533
f 5698/761/6534 5751/806/6534 5668/807/6534
f 5719/759/6535 5659/810/6535 5754/813/6535
f 5719/759/6536 5754/813/6536 5696/754/6536
f 5696/754/6537 5754/813/6537 5666/814/6537
f 5727/758/6538 5667/817/6538 5757/820/6538
f 5727/758/6539 5757/820/6539 5694/751/6539
f 5694/751/6540 5757/820/6540 5664/821/6540
f 5725/757/6541 5665/824/6541 5760/827/6541
f 5725/757/6542 5760/827/6542 5692/748/6542
f 5692/748/6543 5760/827/6543 5662/828/6543
f 5723/756/6544 5663/831/6544 5763/834/6544
f 5723/756/6545 5763/834/6545 5690/745/6545
f 5690/745/6546 5763/834/6546 5660/835/6546
f 5721/755/6547 5661/841/6547 5766/842/6547
f 5721/755/6548 5766/842/6548 5688/742/6548
f 5688/742/6549 5766/842/6549 5658/844/6549
f 5696/754/6550 5666/814/6550 5769/848/6550
f 5696/754/6551 5769/848/6551 5687/753/6551
f 5687/753/6552 5769/848/6552 5657/849/6552
f 5694/751/6553 5664/821/6553 5772/853/6553
f 5694/751/6554 5772/853/6554 5686/750/6554
f 5686/750/6555 5772/853/6555 5656/854/6555
f 5692/748/6556 5662/828/6556 5775/858/6556
f 5692/748/6557 5775/858/6557 5684/747/6557
f 5684/747/6558 5775/858/6558 5654/859/6558
f 5690/745/6559 5660/835/6559 5778/863/6559
f 5690/745/6560 5778/863/6560 5680/744/6560
f 5680/744/6561 5778/863/6561 5650/864/6561
f 5688/742/6562 5658/844/6562 5781/868/6562
f 5688/742/6563 5781/868/6563 5681/738/6563
f 5681/738/6564 5781/868/6564 5651/869/6564
f 5712/741/6565 5652/900/6565 5784/907/6565
f 5712/741/6566 5784/907/6566 5685/740/6566
f 5685/740/6567 5784/907/6567 5655/879/6567
f 5685/740/6568 5655/879/6568 5787/882/6568
f 5685/740/6569 5787/882/6569 5683/739/6569
f 5683/739/6570 5787/882/6570 5653/883/6570
f 5683/739/6571 5653/883/6571 5790/887/6571
f 5683/739/6572 5790/887/6572 5678/735/6572
f 5678/735/6573 5790/887/6573 5648/888/6573
f 5681/738/6574 5651/869/6574 5793/892/6574
f 5681/738/6575 5793/892/6575 5679/737/6575
f 5679/737/6576 5793/892/6576 5649/902/6576
f 5678/735/6577 5648/888/6577 5796/896/6577
f 5678/735/6578 5796/896/6578 5709/734/6578
f 5709/734/6579 5796/896/6579 5649/893/6579
o collidable.007
v -27.464346 3.044417 34.856922
v -28.107159 4.158465 36.471619
v -29.529840 3.189156 34.834927
v -28.285929 1.490953 34.251888
v -26.254194 1.290517 34.925392
v -26.879490 2.709829 36.333622
v -29.291817 2.662908 36.841015
v -29.450686 1.256957 35.615246
v -27.896133 0.278571 35.651760
v -26.729528 0.984993 36.826309
v -27.629225 2.673427 38.334896
v -28.592733 0.810124 37.326698
v -28.357817 3.289606 34.566315
v -27.645819 3.696727 35.486626
v -28.738379 3.450704 35.645523
v -26.962908 3.788606 36.476791
v -26.625391 3.228826 35.384888
v -27.876797 2.340949 34.541901
v -29.040808 2.324353 34.118862
v -26.801590 2.319131 34.765484
v -27.457914 1.434325 34.813858
v -26.028225 2.157188 35.629185
v -27.959471 3.384358 37.206745
v -26.940098 2.744192 37.212521
v -29.796402 3.007262 35.972298
v -28.958672 3.393264 36.832180
v -29.027157 1.343121 34.834274
v -30.030725 2.074832 35.069889
v -27.068159 0.582747 35.219959
v -28.027790 0.941481 35.015335
v -26.509598 1.861764 36.679577
v -26.405048 1.121895 36.049015
v -28.669724 2.505289 37.378620
v -29.273689 1.905124 36.144878
v -28.688465 0.787219 35.629093
v -27.120972 0.174000 36.398323
v -27.229485 1.761589 37.482986
v -29.134583 1.696260 37.189808
v -28.228027 1.625639 37.767342
v -29.045630 1.048555 36.416275
v -28.278166 0.325202 36.657547
v -27.707058 0.676906 37.307392
v -27.785416 3.337831 34.516838
v -27.822166 3.878879 36.035721
v -29.204418 3.525473 35.211727
v -27.534470 4.186487 36.526310
v -26.870615 2.865906 35.931240
v -27.699074 2.726835 34.723610
v -28.633709 1.853241 34.293003
v -27.203485 2.645022 34.962456
v -26.949574 1.412855 35.026440
v -26.759182 2.325227 35.963806
v -28.021544 4.031360 37.002945
v -27.205463 2.771721 37.851833
v -29.379011 2.927871 35.422745
v -29.508249 3.162395 37.046982
v -28.651545 1.445776 34.502506
v -29.843803 1.538825 35.349010
v -26.658707 0.955730 35.100857
v -27.950102 0.678401 35.372593
v -26.819983 2.278183 36.452286
v -26.189676 0.790282 36.645908
v -29.254608 2.680008 37.376343
v -29.396322 1.582146 35.846428
v -28.237942 0.683038 35.678570
v -26.744661 0.419961 36.772427
v -27.366798 2.163073 37.998955
v -29.096346 2.208951 36.997856
v -28.534842 1.091609 37.723770
v -29.126703 1.265604 36.013031
v -28.037411 0.477548 36.110645
v -27.312105 0.952813 36.855099
v -28.953945 3.200615 34.745426
v -27.532671 3.329876 35.087280
v -28.312021 3.574090 36.067146
v -26.656330 3.248424 36.432850
v -26.997269 3.171798 35.035683
v -28.128338 1.919010 34.599735
v -29.380772 2.823347 34.406349
v -26.570469 1.820224 34.976875
v -27.901937 1.515883 34.699402
v -26.111479 1.704831 35.260807
v -27.763031 3.126335 37.861008
v -26.748423 2.781481 36.729965
v -29.734568 2.853148 36.540710
v -28.373775 3.514524 36.619850
v -29.276379 1.316774 35.284611
v -29.859667 2.696223 34.870602
v -27.530899 0.482903 35.486988
v -28.150572 1.297245 34.706844
v -26.494081 1.390192 36.802330
v -26.124863 1.084493 35.394920
v -28.124182 2.591191 37.850716
v -29.296995 2.284319 36.503052
v -29.047262 1.065402 35.639240
v -27.583569 0.350569 35.982273
v -27.124477 1.480691 36.937622
v -28.876608 1.264403 37.244072
v -27.939362 2.089359 38.174187
v -28.653006 1.009162 36.731869
v -28.562916 0.323188 37.131760
v -28.255960 0.493123 37.642830
v -27.964149 1.136909 37.608738
v -27.619993 1.584841 37.938297
v -27.512321 1.315848 37.330318
v -27.975729 0.112571 37.188728
v -27.334324 0.210551 36.982861
v -27.721382 0.180761 36.561031
v -28.702723 0.621371 36.517616
v -28.547884 0.516835 36.063297
v -28.828278 0.937611 36.051434
v -28.939087 1.427438 36.637867
v -29.293110 1.435074 36.338516
v -29.075787 1.827099 36.561913
v -28.870033 1.608793 37.739346
v -29.134430 2.138066 37.660946
v -28.537292 2.097928 37.828960
v -27.053091 2.276244 37.421600
v -26.876617 2.304112 36.896301
v -26.860088 1.847521 37.050095
v -26.675327 0.561622 36.215885
v -26.739393 0.842076 35.613281
v -27.113443 0.463523 35.795475
v -28.419907 0.780435 35.280956
v -28.467838 1.239779 35.072155
v -28.825544 1.049383 35.295837
v -29.797226 1.970426 35.699890
v -29.692591 2.481169 35.527252
v -29.492834 2.432460 36.068130
v -28.912128 3.120521 37.231792
v -28.506115 3.658194 37.256390
v -28.275131 3.017709 37.355579
v -26.064341 1.416941 36.445236
v -26.456341 1.896634 36.139439
v -26.103905 1.573634 35.825634
v -27.560034 0.700109 35.021957
v -27.210186 0.946205 34.885948
v -27.692829 1.021009 34.670616
v -29.535282 1.635516 34.871109
v -29.190706 1.690517 34.324780
v -29.440386 2.203423 34.680962
v -29.398821 3.199170 36.414959
v -29.238665 3.283928 35.818417
v -28.849655 3.438241 36.209145
v -27.535896 2.911213 37.123894
v -27.552263 3.578970 36.766823
v -27.130365 3.050057 36.636238
v -26.634964 2.548009 35.457893
v -26.536003 2.833116 34.936302
v -26.262550 2.291454 35.061275
v -27.216022 1.882320 34.929115
v -27.395702 2.281033 34.705975
v -27.622808 1.899095 34.639446
v -28.408499 2.395544 34.210499
v -28.115040 2.908300 34.278183
v -28.762928 2.941377 34.105515
v -26.981743 3.353101 35.971130
v -27.288260 3.872840 35.959835
v -27.124672 3.525072 35.439625
v -28.612375 3.558098 35.095158
v -28.020357 3.391315 35.076241
v -28.170654 3.523566 35.586067
vn 0.8065 0.4760 -0.3507
vn 0.0098 0.8446 -0.5353
vn 0.6439 -0.1621 -0.7477
vn 0.4404 0.0508 -0.8964
vn 0.3601 -0.0113 -0.9328
vn -0.0705 0.9675 0.2428
vn -0.8403 0.3815 0.3852
vn -0.4901 -0.3815 -0.7837
vn -0.1850 -0.2715 -0.9445
vn 0.9753 0.1724 0.1380
vn -0.8758 0.4181 0.2411
vn -0.7387 0.5249 0.4229
vn -0.1294 -0.9256 -0.3556
vn 0.4394 -0.7718 -0.4597
vn 0.9463 0.0423 -0.3206
vn -0.9251 -0.3720 0.0762
vn -0.7346 -0.3073 0.6050
vn -0.7615 -0.6466 0.0459
vn 0.0544 -0.0962 0.9939
vn 0.3149 -0.4036 0.8591
vn 0.2088 -0.1981 0.9577
vn -0.2712 -0.4265 0.8629
vn 0.6866 -0.5840 0.4330
vn 0.5715 -0.4203 0.7049
vn 0.3342 -0.3436 0.8776
vn -0.0921 -0.9493 -0.3005
vn -0.4806 -0.8269 -0.2921
vn -0.5709 -0.8210 -0.0057
vn -0.6094 -0.7889 0.0792
vn -0.6209 -0.2583 0.7401
vn -0.6277 -0.2539 0.7359
vn -0.8631 -0.3738 0.3396
vn -0.8289 -0.4541 0.3268
vn -0.8569 -0.3758 0.3527
vn -0.6141 0.4869 0.6211
vn 0.9216 -0.0506 0.3847
vn 0.9456 -0.0885 0.3130
vn 0.7080 0.1996 0.6774
vn 0.6955 -0.4916 -0.5241
vn 0.8155 -0.4867 -0.3132
vn 0.0984 -0.9760 -0.1944
vn -0.0622 -0.8101 -0.5830
vn -0.3874 -0.4147 -0.8234
vn -0.4787 -0.8203 -0.3129
vn -0.9340 -0.1592 0.3198
vn -0.8750 0.3060 0.3750
vn -0.8816 -0.4709 -0.0318
vn -0.1193 0.8135 0.5691
vn -0.7247 0.5269 0.4440
vn -0.5823 0.6813 0.4435
vn 0.6158 0.2174 0.7573
vn 0.7318 0.6717 0.1155
vn 0.9885 -0.1439 -0.0467
vn -0.0470 -0.9062 -0.4203
vn 0.1529 -0.6356 -0.7567
vn 0.2753 0.1714 -0.9460
vn -0.4900 -0.8114 -0.3186
vn -0.4814 -0.7884 -0.3830
vn -0.7808 -0.1888 -0.5956
vn -0.6422 0.7194 0.2649
vn -0.4425 0.8967 0.0086
vn -0.2519 0.9673 -0.0283
vn 0.7478 0.6629 0.0369
vn 0.5805 0.3950 0.7121
vn 0.3479 0.1218 0.9296
vn 0.9034 0.0331 0.4275
vn 0.9818 0.0066 0.1899
vn 0.4696 -0.1510 -0.8699
vn 0.0322 -0.3773 -0.9256
vn 0.1175 -0.4442 -0.8882
vn 0.0702 -0.1764 -0.9818
vn 0.4597 -0.3838 -0.8008
vn 0.5071 -0.1789 -0.8431
vn -0.2579 0.8662 -0.4279
vn 0.7678 0.4711 -0.4343
vn 0.7855 0.4541 -0.4204
vn 0.1896 0.7493 -0.6346
vn -0.2804 0.7947 -0.5384
vn 0.2446 0.9070 -0.3428
vn -0.3545 0.8475 -0.3950
vn -0.1408 0.9795 -0.1442
vn -0.5239 0.8173 -0.2398
vn -0.4232 0.6113 -0.6688
vn -0.1084 0.9801 0.1664
vn 0.2622 0.9501 -0.1691
vn -0.3516 0.8757 -0.3308
vn -0.1100 0.7868 -0.6073
vn -0.1646 0.7656 -0.6218
vn -0.0172 0.9821 0.1877
vn 0.3870 0.7511 -0.5348
vn 0.1670 0.7677 -0.6187
vn 0.1159 0.6404 -0.7592
vn 0.5165 0.8456 0.1347
vn 0.8600 0.5057 -0.0676
vn 0.2328 0.8407 -0.4888
vn 0.9248 -0.3611 -0.1197
vn 0.8193 0.2299 -0.5253
vn 0.8584 0.1558 0.4888
vn -0.4588 0.1878 -0.8685
vn -0.3711 0.8168 -0.4417
vn -0.1185 0.7345 -0.6682
vn 0.1528 -0.0901 -0.9841
vn 0.2566 -0.0193 -0.9663
vn 0.2222 0.6739 -0.7046
vn 0.4086 0.4803 -0.7761
vn 0.5203 -0.3355 -0.7853
vn 0.1637 -0.2145 -0.9629
vn 0.1898 -0.2852 -0.9395
vn 0.0687 -0.2029 -0.9768
vn 0.7277 0.2509 -0.6384
vn 0.5743 -0.1011 -0.8124
vn 0.5635 -0.1953 -0.8027
vn 0.3199 -0.0252 -0.9471
vn -0.1418 0.0115 -0.9898
vn 0.0562 -0.1720 -0.9835
vn 0.3867 0.0284 -0.9218
vn 0.9275 0.1182 -0.3547
vn 0.4884 -0.1656 -0.8568
vn 0.5527 0.4010 -0.7305
vn 0.5468 0.8368 -0.0278
vn 0.7720 0.4846 0.4114
vn 0.4823 0.0416 -0.8750
vn 0.9731 0.2067 0.1016
vn 0.9242 0.2097 0.3193
vn 0.3905 0.8033 0.4496
vn 0.5100 0.8181 0.2658
vn 0.1503 0.5095 0.8473
vn 0.9115 -0.3332 -0.2412
vn 0.1889 0.8919 0.4110
vn 0.6616 0.3661 0.6544
vn 0.4095 0.1029 0.9065
vn 0.4567 0.7040 0.5439
vn 0.5339 0.8416 -0.0811
vn 0.2601 0.9633 0.0665
vn -0.1897 0.9811 0.0376
vn -0.2244 0.9712 0.0796
vn -0.9272 0.3692 -0.0638
vn -0.4004 0.9163 -0.0039
vn -0.3909 0.9201 0.0258
vn -0.3297 0.9431 -0.0442
vn -0.6218 -0.5133 0.5915
vn -0.7306 0.6772 -0.0871
vn -0.3920 0.9198 -0.0144
vn -0.5268 -0.1246 -0.8408
vn -0.6354 -0.2609 -0.7268
vn -0.6873 0.4168 -0.5949
vn -0.5095 -0.1954 -0.8380
vn -0.8434 -0.0385 -0.5358
vn -0.8155 0.0049 -0.5787
vn -0.3754 -0.8570 -0.3530
vn -0.3724 -0.8331 -0.4090
vn -0.6701 -0.5130 -0.5364
vn -0.4503 -0.6686 -0.5918
vn -0.0590 0.0331 -0.9977
vn 0.5788 -0.6739 -0.4591
vn -0.3794 -0.7501 -0.5417
vn 0.2072 -0.6821 -0.7013
vn 0.4162 0.0774 -0.9060
vn -0.0459 -0.5760 -0.8161
vn -0.3004 -0.8713 -0.3881
vn -0.3949 -0.7787 -0.4875
vn 0.8447 -0.3736 0.3832
vn 0.9995 -0.0258 -0.0194
vn 0.9504 -0.0852 -0.2992
vn 0.7653 -0.6107 -0.2033
vn 0.7282 0.6741 0.1240
vn 0.7245 0.1337 0.6762
vn 0.2804 -0.1065 0.9540
vn 0.6301 0.1197 0.7672
vn 0.8229 -0.3158 -0.4724
vn -0.6109 0.4981 0.6153
vn -0.6753 0.4444 0.5887
vn -0.6650 0.4371 0.6056
vn -0.1618 0.1683 0.9724
vn -0.1763 0.0883 0.9804
vn 0.1964 0.2189 0.9558
vn -0.9030 -0.4227 0.0763
vn -0.2329 0.4619 0.8558
vn 0.0736 0.2588 0.9631
vn -0.8976 -0.3306 0.2916
vn -0.7798 -0.6094 0.1436
vn -0.6214 -0.5170 0.5887
vn -0.6507 -0.1625 0.7417
vn -0.8854 0.3011 0.3541
vn -0.8668 -0.4106 0.2831
vn -0.6830 -0.3439 0.6444
vn -0.6498 -0.4360 0.6226
vn -0.6243 -0.3890 0.6774
vn -0.5820 -0.7381 -0.3413
vn -0.4854 -0.8300 -0.2747
vn -0.3834 -0.8521 -0.3563
vn -0.5196 -0.7623 -0.3860
vn -0.3098 -0.4201 -0.8530
vn 0.0868 -0.8229 -0.5616
vn -0.6354 -0.4979 -0.5902
vn -0.1807 -0.9712 -0.1552
vn -0.2082 -0.9678 -0.1418
vn 0.0448 -0.9007 -0.4320
vn 0.1345 -0.9608 -0.2424
vn 0.4107 -0.8908 -0.1943
vn 0.5220 -0.7714 -0.3640
vn 0.5483 -0.7344 -0.4001
vn 0.6846 -0.7226 -0.0958
vn 0.2832 -0.0986 0.9540
vn 0.5254 -0.8379 -0.1478
vn 0.6234 -0.7728 -0.1190
vn 0.6586 -0.6098 0.4409
vn 0.1412 -0.3818 0.9134
vn 0.2013 -0.0591 0.9777
vn 0.7652 -0.1889 0.6155
vn 0.9360 0.1423 0.3220
vn 0.6984 0.2510 0.6703
vn 0.7553 -0.0421 0.6540
vn 0.8819 -0.1238 0.4549
vn 0.8708 -0.2478 0.4246
vn -0.4615 -0.4052 0.7892
vn -0.4641 0.3528 0.8125
vn -0.7028 0.1841 0.6872
vn -0.0390 -0.1543 0.9872
vn -0.2704 0.0075 0.9627
vn -0.1454 0.7121 0.6869
vn -0.8025 -0.4253 0.4185
vn -0.7754 -0.5136 0.3674
vn -0.0420 -0.0573 0.9975
vn -0.9955 0.0427 -0.0843
vn -0.8742 -0.3849 0.2959
vn -0.9043 -0.2773 0.3245
vn -0.9246 -0.3464 -0.1588
vn -0.6448 -0.0760 0.7606
vn -0.8642 0.2217 0.4516
vn -0.8362 -0.5400 -0.0960
vn -0.8159 -0.5739 -0.0702
vn -0.8545 -0.5169 -0.0509
vn -0.7089 -0.6706 -0.2184
vn -0.7371 -0.6483 0.1906
vn -0.4177 -0.8349 0.3584
vn -0.7288 -0.6417 -0.2390
vn -0.8204 -0.5510 -0.1528
vn -0.8287 -0.5544 -0.0769
vn -0.9935 -0.0892 0.0708
vn -0.9749 0.0019 0.2228
vn -0.6128 -0.3205 0.7223
vn -0.2931 -0.8798 -0.3741
vn -0.3411 -0.8770 -0.3385
vn -0.1588 -0.9227 0.3512
vn -0.2800 -0.9356 -0.2151
vn 0.1341 -0.9895 -0.0532
vn 0.0063 -0.9979 0.0647
vn -0.7822 -0.2722 0.5603
vn -0.3377 -0.8136 0.4734
vn -0.3147 -0.9294 -0.1929
vn 0.8005 -0.2633 0.5384
vn 0.7356 -0.3519 0.5788
vn 0.0582 -0.1744 0.9830
vn 0.5706 -0.2025 0.7959
vn 0.5453 -0.7265 0.4180
vn 0.7138 -0.5849 0.3852
vn -0.7991 -0.4293 0.4208
vn 0.2004 -0.0390 0.9789
vn 0.5602 -0.2115 0.8009
vn -0.2612 -0.5396 0.8004
vn 0.3119 -0.2332 0.9210
vn 0.7683 -0.3897 0.5077
vn 0.7197 0.0968 0.6875
vn 0.2830 0.1545 0.9466
vn 0.3902 -0.8991 0.1986
vn -0.0470 -0.9567 -0.2872
vn -0.0312 -0.9082 -0.4174
vn -0.1453 -0.8603 -0.4887
vn -0.8224 -0.5532 -0.1324
vn -0.7502 -0.6600 -0.0399
vn -0.9599 0.1398 0.2431
vn -0.9972 0.0551 -0.0514
vn -0.9629 -0.2570 -0.0828
vn 0.1414 0.4847 0.8632
vn 0.9255 -0.1238 0.3580
vn 0.9677 -0.2125 0.1358
vn 0.7832 0.6185 0.0638
vn 0.4274 -0.8735 0.2330
vn 0.3131 -0.9364 -0.1584
vn 0.6623 -0.7467 -0.0613
vn -0.5158 -0.6559 -0.5511
vn -0.1619 -0.9435 -0.2890
vn -0.0339 -0.9433 -0.3302
vn -0.8746 0.3488 0.3368
vn -0.7152 0.5898 0.3751
vn -0.7160 0.3631 -0.5963
vn -0.2877 0.9196 -0.2674
vn -0.6749 0.6772 -0.2932
vn 0.2400 0.3125 0.9191
vn 0.7649 0.6336 0.1163
vn 0.7756 0.6118 0.1555
vn 0.4442 0.5901 0.6741
vn 0.3052 -0.5770 -0.7576
vn 0.3608 0.0783 -0.9293
vn 0.3873 0.0607 -0.9200
vn -0.2147 -0.8377 -0.5022
vn 0.0835 -0.4585 -0.8847
vn 0.0385 -0.3170 -0.9476
vn -0.4926 0.7265 -0.4791
vn -0.9512 0.3013 0.0663
vn -0.1831 0.9169 0.3547
vn 0.6366 0.2866 0.7160
vn 0.6279 0.2705 0.7297
vn 0.3144 0.3415 0.8857
vn 0.4109 0.7227 -0.5557
vn -0.0865 0.1703 -0.9816
vn -0.1423 0.3776 -0.9150
vn 0.0471 0.5586 -0.8281
vn 0.4532 0.3410 -0.8236
vn 0.3407 0.2675 -0.9013
vn 0.7282 -0.0127 -0.6852
vn 0.6943 -0.1407 -0.7057
vn -0.1178 0.5498 -0.8269
vn 0.5460 0.8106 -0.2115
vn -0.0619 0.8615 -0.5039
vn -0.0355 0.9451 -0.3249
vn -0.0947 0.9864 -0.1341
vn 0.1258 0.9912 -0.0419
vn 0.1090 0.7472 -0.6556
vt 0.947464 0.066268
vt 0.951893 0.080465
vt 0.942496 0.079894
vt 0.778785 0.123791
vt 0.775082 0.109227
vt 0.784325 0.111694
vt 0.936922 0.064208
vt 0.948302 0.049999
vt 0.957893 0.065399
vt 0.787218 0.129336
vt 0.929325 0.121782
vt 0.937873 0.123950
vt 0.930351 0.137989
vt 0.907059 0.072591
vt 0.912953 0.084612
vt 0.903797 0.087673
vt 0.849538 0.023284
vt 0.875071 0.032195
vt 0.858686 0.038259
vt 0.801758 0.076148
vt 0.804879 0.060448
vt 0.810921 0.076876
vt 0.777073 0.139854
vt 0.920941 0.126664
vt 0.897591 0.073431
vt 0.844222 0.039119
vt 0.804910 0.091272
vt 0.942011 0.185866
vt 0.875071 0.176955
vt 0.899339 0.180643
vt 0.894230 0.133002
vt 0.897351 0.148702
vt 0.885040 0.138812
vt 0.871258 0.085359
vt 0.876798 0.097456
vt 0.867554 0.099923
vt 0.836852 0.087369
vt 0.845401 0.085200
vt 0.840955 0.101500
vt 0.814587 0.136559
vt 0.820481 0.124538
vt 0.824248 0.141781
vt 0.833908 0.147003
vt 0.839483 0.131317
vt 0.844450 0.144943
vt 0.830142 0.129760
vt 0.826375 0.112517
vt 0.831614 0.099943
vt 0.835716 0.114074
vt 0.845057 0.115631
vt 0.854454 0.115059
vt 0.850024 0.129257
vt 0.849503 0.099331
vt 0.853949 0.083032
vt 0.862603 0.084195
vt 0.858899 0.098760
vt 0.863850 0.114487
vt 0.869850 0.129554
vt 0.859421 0.128685
vt 0.873094 0.112020
vt 0.882337 0.109553
vt 0.888284 0.121278
vt 0.879093 0.127087
vt 0.875849 0.144621
vt 0.866258 0.160020
vt 0.865420 0.143752
vt 0.888161 0.154511
vt 0.900472 0.164402
vt 0.921241 0.175134
vt 0.878569 0.169911
vt 0.856667 0.175419
vt 0.845288 0.161211
vt 0.855829 0.159151
vt 0.832399 0.171732
vt 0.808131 0.168045
vt 0.811359 0.152302
vt 0.821020 0.157524
vt 0.808061 0.106397
vt 0.817218 0.109457
vt 0.811324 0.121478
vt 0.814073 0.092000
vt 0.820084 0.077604
vt 0.828468 0.082486
vt 0.823229 0.095061
vt 0.838905 0.054954
vt 0.846427 0.068993
vt 0.837879 0.071161
vt 0.853369 0.054094
vt 0.867834 0.053234
vt 0.869546 0.069296
vt 0.860891 0.068133
vt 0.888123 0.074271
vt 0.885230 0.091912
vt 0.879690 0.079815
vt 0.894328 0.088512
vt 0.900534 0.102754
vt 0.897382 0.117878
vt 0.891436 0.106153
vt 0.912556 0.131547
vt 0.906514 0.147974
vt 0.903393 0.132275
vt 0.921967 0.142872
vt 0.931377 0.154197
vt 0.936694 0.170031
vt 0.915925 0.159299
vt 0.960306 0.155917
vt 0.976691 0.161981
vt 0.951158 0.170891
vt 0.775361 0.155917
vt 0.785506 0.145398
vt 0.791746 0.161981
vt 0.795651 0.134880
vt 0.805119 0.135719
vt 0.801891 0.151462
vt 0.829495 0.066279
vt 0.814042 0.061176
vt 0.807999 0.044748
vt 0.828769 0.034016
vt 0.823452 0.049851
vt 0.877978 0.063752
vt 0.884218 0.047170
vt 0.900603 0.041106
vt 0.903831 0.056849
vt 0.894363 0.057688
vt 0.906545 0.117150
vt 0.909690 0.099693
vt 0.918847 0.096633
vt 0.924086 0.109207
vt 0.915702 0.114090
vt 0.945842 0.155057
vt 0.938899 0.140158
vt 0.946421 0.126119
vt 0.955076 0.124955
vt 0.953364 0.141018
vt 0.801856 0.120638
vt 0.792758 0.117239
vt 0.789865 0.099598
vt 0.795811 0.087873
vt 0.798963 0.102997
vt 0.783377 0.064529
vt 0.795688 0.054639
vt 0.792567 0.070339
vt 0.773786 0.049130
vt 0.764195 0.033731
vt 0.806867 0.028508
vt 0.786097 0.039240
vt 0.949140 0.033731
vt 0.924871 0.037419
vt 0.899339 0.028508
vt 0.937760 0.047939
vt 0.926381 0.062147
vt 0.916720 0.067369
vt 0.913492 0.051627
vt 0.922614 0.079390
vt 0.931955 0.077833
vt 0.937529 0.093520
vt 0.933427 0.107651
vt 0.928188 0.095076
vt 0.786621 0.082063
vt 0.780622 0.097130
vt 0.956322 0.094663
vt 0.962322 0.079596
vt 0.941975 0.109819
vt 0.946926 0.094091
vt 0.960026 0.109227
vt 0.951372 0.110391
vt 0.963730 0.123791
vt 0.968322 0.064529
vt 0.777377 0.079596
vt 0.771378 0.094663
vt 0.962018 0.139854
vt 0.967543 0.176955
vt 0.993075 0.168045
vt 0.854991 0.142883
vt 0.958731 0.049130
s 0
f 5798/908/6580 5840/910/6580 5871/909/6580
f 5799/911/6581 5843/913/6581 5841/912/6581
f 5798/908/6582 5845/914/6582 5840/910/6582
f 5798/908/6583 5847/915/6583 5845/914/6583
f 5798/908/6584 5874/916/6584 5847/915/6584
f 5799/911/6585 5850/917/6585 5843/913/6585
f 5800/918/6586 5852/920/6586 5842/919/6586
f 5801/921/6587 5854/923/6587 5846/922/6587
f 5802/924/6588 5856/926/6588 5848/925/6588
f 5803/927/6589 5858/929/6589 5849/928/6589
f 5799/911/6590 5883/930/6590 5850/917/6590
f 5800/918/6591 5885/931/6591 5852/920/6591
f 5801/921/6592 5887/932/6592 5854/923/6592
f 5802/924/6593 5889/933/6593 5856/926/6593
f 5803/927/6594 5881/934/6594 5858/929/6594
f 5804/935/6595 5865/937/6595 5860/936/6595
f 5805/938/6596 5867/940/6596 5861/939/6596
f 5806/941/6597 5868/943/6597 5862/942/6597
f 5807/944/6598 5869/946/6598 5863/945/6598
f 5808/947/6599 5896/949/6599 5864/948/6599
f 5836/950/6600 5866/952/6600 5900/951/6600
f 5836/950/6601 5900/951/6601 5901/953/6601
f 5834/954/6602 5902/956/6602 5894/955/6602
f 5839/957/6603 5899/959/6603 5903/958/6603
f 5839/957/6604 5903/958/6604 5904/960/6604
f 5833/961/6605 5905/963/6605 5893/962/6605
f 5838/964/6606 5898/966/6606 5906/965/6606
f 5838/964/6607 5906/965/6607 5907/967/6607
f 5832/968/6608 5908/970/6608 5892/969/6608
f 5837/971/6609 5897/973/6609 5909/972/6609
f 5837/971/6610 5909/972/6610 5910/974/6610
f 5831/975/6611 5911/977/6611 5891/976/6611
f 5835/978/6612 5895/980/6612 5912/979/6612
f 5835/978/6613 5912/979/6613 5913/981/6613
f 5830/982/6614 5914/984/6614 5890/983/6614
f 5821/985/6615 5851/987/6615 5915/986/6615
f 5821/985/6616 5915/986/6616 5916/988/6616
f 5828/989/6617 5917/991/6617 5888/990/6617
f 5829/992/6618 5859/994/6618 5918/993/6618
f 5829/992/6619 5918/993/6619 5919/995/6619
f 5826/996/6620 5920/998/6620 5886/997/6620
f 5827/999/6621 5857/1001/6621 5921/1000/6621
f 5827/999/6622 5921/1000/6622 5922/1002/6622
f 5824/1003/6623 5923/1005/6623 5884/1004/6623
f 5825/1006/6624 5855/1008/6624 5924/1007/6624
f 5825/1006/6625 5924/1007/6625 5925/1009/6625
f 5822/1010/6626 5926/1012/6626 5882/1011/6626
f 5823/1013/6627 5853/1015/6627 5927/1014/6627
f 5823/1016/6628 5927/1018/6628 5928/1017/6628
f 5820/1019/6629 5929/1021/6629 5880/1020/6629
f 5828/989/6630 5888/990/6630 5930/1022/6630
f 5828/989/6631 5930/1022/6631 5931/1023/6631
f 5819/1024/6632 5932/1026/6632 5879/1025/6632
f 5826/996/6633 5886/997/6633 5933/1027/6633
f 5826/996/6634 5933/1027/6634 5934/1028/6634
f 5818/1029/6635 5935/1031/6635 5878/1030/6635
f 5824/1003/6636 5884/1004/6636 5936/1032/6636
f 5824/1003/6637 5936/1032/6637 5937/1033/6637
f 5816/1034/6638 5938/1036/6638 5876/1035/6638
f 5822/1010/6639 5882/1011/6639 5939/1037/6639
f 5822/1010/6640 5939/1037/6640 5940/1038/6640
f 5812/1039/6641 5941/1041/6641 5872/1040/6641
f 5820/1019/6642 5880/1020/6642 5942/1042/6642
f 5820/1019/6643 5942/1042/6643 5943/1043/6643
f 5813/1044/6644 5944/1046/6644 5873/1045/6644
f 5814/1047/6645 5844/1049/6645 5945/1048/6645
f 5814/1047/6646 5945/1048/6646 5946/1050/6646
f 5817/1051/6647 5947/1053/6647 5877/1052/6647
f 5817/1054/6648 5877/1056/6648 5948/1055/6648
f 5817/1054/6649 5948/1055/6649 5949/1057/6649
f 5815/1058/6650 5950/1060/6650 5875/1059/6650
f 5815/1058/6651 5875/1059/6651 5951/1061/6651
f 5815/1058/6652 5951/1061/6652 5952/1062/6652
f 5810/1063/6653 5953/1065/6653 5870/1064/6653
f 5813/1044/6654 5873/1045/6654 5954/1066/6654
f 5813/1044/6655 5954/1066/6655 5955/1067/6655
f 5811/1068/6656 5956/1069/6656 5871/909/6656
f 5810/1063/6657 5870/1064/6657 5957/1070/6657
f 5810/1063/6658 5957/1070/6658 5958/1071/6658
f 5811/1068/6659 5959/1073/6659 5841/1072/6659
f 5959/1073/6660 5812/1039/6660 5872/1040/6660
f 5959/1073/6661 5872/1040/6661 5841/1072/6661
f 5841/1072/6662 5872/1040/6662 5799/1074/6662
f 5957/1070/6663 5812/1039/6663 5959/1073/6663
f 5957/1070/6664 5959/1073/6664 5958/1071/6664
f 5958/1071/6665 5959/1073/6665 5811/1068/6665
f 5870/1064/6666 5800/918/6666 5842/919/6666
f 5870/1064/6667 5842/919/6667 5957/1070/6667
f 5957/1070/6668 5842/919/6668 5812/1039/6668
f 5956/1069/6669 5814/1075/6669 5874/916/6669
f 5956/1069/6670 5874/916/6670 5871/909/6670
f 5871/909/6671 5874/916/6671 5798/908/6671
f 5954/1066/6672 5814/1047/6672 5956/1076/6672
f 5954/1066/6673 5956/1076/6673 5955/1067/6673
f 5955/1067/6674 5956/1076/6674 5811/1077/6674
f 5873/1045/6675 5803/927/6675 5844/1049/6675
f 5873/1045/6676 5844/1049/6676 5954/1066/6676
f 5954/1066/6677 5844/1049/6677 5814/1047/6677
f 5953/1065/6678 5816/1034/6678 5876/1035/6678
f 5953/1065/6679 5876/1035/6679 5870/1064/6679
f 5870/1064/6680 5876/1035/6680 5800/918/6680
f 5951/1061/6681 5816/1034/6681 5953/1065/6681
f 5951/1061/6682 5953/1065/6682 5952/1062/6682
f 5952/1062/6683 5953/1065/6683 5810/1063/6683
f 5875/1059/6684 5801/921/6684 5846/922/6684
f 5875/1059/6685 5846/922/6685 5951/1061/6685
f 5951/1061/6686 5846/922/6686 5816/1034/6686
f 5950/1060/6687 5818/1029/6687 5878/1030/6687
f 5950/1060/6688 5878/1030/6688 5875/1059/6688
f 5875/1059/6689 5878/1030/6689 5801/921/6689
f 5948/1055/6690 5818/1029/6690 5950/1060/6690
f 5948/1055/6691 5950/1060/6691 5949/1057/6691
f 5949/1057/6692 5950/1060/6692 5815/1058/6692
f 5877/1056/6693 5802/924/6693 5848/925/6693
f 5877/1056/6694 5848/925/6694 5948/1055/6694
f 5948/1055/6695 5848/925/6695 5818/1029/6695
f 5947/1053/6696 5819/1024/6696 5879/1025/6696
f 5947/1053/6697 5879/1025/6697 5877/1052/6697
f 5877/1052/6698 5879/1025/6698 5802/924/6698
f 5945/1048/6699 5819/1024/6699 5947/1053/6699
f 5945/1048/6700 5947/1053/6700 5946/1050/6700
f 5946/1050/6701 5947/1053/6701 5817/1051/6701
f 5844/1049/6702 5803/927/6702 5849/928/6702
f 5844/1049/6703 5849/928/6703 5945/1048/6703
f 5945/1048/6704 5849/928/6704 5819/1024/6704
f 5944/1046/6705 5821/985/6705 5881/934/6705
f 5944/1046/6706 5881/934/6706 5873/1045/6706
f 5873/1045/6707 5881/934/6707 5803/927/6707
f 5942/1042/6708 5821/985/6708 5944/1046/6708
f 5942/1042/6709 5944/1046/6709 5943/1043/6709
f 5943/1043/6710 5944/1046/6710 5813/1044/6710
f 5880/1020/6711 5808/947/6711 5851/987/6711
f 5880/1020/6712 5851/987/6712 5942/1042/6712
f 5942/1042/6713 5851/987/6713 5821/985/6713
f 5941/1041/6714 5823/1013/6714 5883/1078/6714
f 5941/1041/6715 5883/1078/6715 5872/1040/6715
f 5872/1040/6716 5883/1078/6716 5799/1074/6716
f 5939/1037/6717 5823/1013/6717 5941/1041/6717
f 5939/1037/6718 5941/1041/6718 5940/1038/6718
f 5940/1038/6719 5941/1041/6719 5812/1039/6719
f 5882/1011/6720 5804/935/6720 5853/1015/6720
f 5882/1011/6721 5853/1015/6721 5939/1037/6721
f 5939/1037/6722 5853/1015/6722 5823/1013/6722
f 5938/1036/6723 5825/1006/6723 5885/931/6723
f 5938/1036/6724 5885/931/6724 5876/1035/6724
f 5876/1035/6725 5885/931/6725 5800/918/6725
f 5936/1032/6726 5825/1006/6726 5938/1036/6726
f 5936/1032/6727 5938/1036/6727 5937/1033/6727
f 5937/1033/6728 5938/1036/6728 5816/1034/6728
f 5884/1004/6729 5805/938/6729 5855/1008/6729
f 5884/1004/6730 5855/1008/6730 5936/1032/6730
f 5936/1032/6731 5855/1008/6731 5825/1006/6731
f 5935/1031/6732 5827/999/6732 5887/932/6732
f 5935/1031/6733 5887/932/6733 5878/1030/6733
f 5878/1030/6734 5887/932/6734 5801/921/6734
f 5933/1027/6735 5827/999/6735 5935/1031/6735
f 5933/1027/6736 5935/1031/6736 5934/1028/6736
f 5934/1028/6737 5935/1031/6737 5818/1029/6737
f 5886/997/6738 5806/941/6738 5857/1001/6738
f 5886/997/6739 5857/1001/6739 5933/1027/6739
f 5933/1027/6740 5857/1001/6740 5827/999/6740
f 5932/1026/6741 5829/992/6741 5889/933/6741
f 5932/1026/6742 5889/933/6742 5879/1025/6742
f 5879/1025/6743 5889/933/6743 5802/924/6743
f 5930/1022/6744 5829/992/6744 5932/1026/6744
f 5930/1022/6745 5932/1026/6745 5931/1023/6745
f 5931/1023/6746 5932/1026/6746 5819/1024/6746
f 5888/990/6747 5807/944/6747 5859/994/6747
f 5888/990/6748 5859/994/6748 5930/1022/6748
f 5930/1022/6749 5859/994/6749 5829/992/6749
f 5929/1021/6750 5830/982/6750 5890/983/6750
f 5929/1021/6751 5890/983/6751 5880/1020/6751
f 5880/1020/6752 5890/983/6752 5808/947/6752
f 5927/1018/6753 5830/982/6753 5929/1021/6753
f 5927/1018/6754 5929/1021/6754 5928/1017/6754
f 5928/1017/6755 5929/1021/6755 5820/1019/6755
f 5853/1015/6756 5804/935/6756 5860/1079/6756
f 5853/1015/6757 5860/1079/6757 5927/1014/6757
f 5927/1014/6758 5860/1079/6758 5830/1080/6758
f 5926/1012/6759 5831/975/6759 5891/976/6759
f 5926/1012/6760 5891/976/6760 5882/1011/6760
f 5882/1011/6761 5891/976/6761 5804/935/6761
f 5924/1007/6762 5831/975/6762 5926/1012/6762
f 5924/1007/6763 5926/1012/6763 5925/1009/6763
f 5925/1009/6764 5926/1012/6764 5822/1010/6764
f 5855/1008/6765 5805/938/6765 5861/939/6765
f 5855/1008/6766 5861/939/6766 5924/1007/6766
f 5924/1007/6767 5861/939/6767 5831/975/6767
f 5923/1005/6768 5832/968/6768 5892/969/6768
f 5923/1005/6769 5892/969/6769 5884/1004/6769
f 5884/1004/6770 5892/969/6770 5805/938/6770
f 5921/1000/6771 5832/968/6771 5923/1005/6771
f 5921/1000/6772 5923/1005/6772 5922/1002/6772
f 5922/1002/6773 5923/1005/6773 5824/1003/6773
f 5857/1001/6774 5806/941/6774 5862/942/6774
f 5857/1001/6775 5862/942/6775 5921/1000/6775
f 5921/1000/6776 5862/942/6776 5832/968/6776
f 5920/998/6777 5833/961/6777 5893/962/6777
f 5920/998/6778 5893/962/6778 5886/997/6778
f 5886/997/6779 5893/962/6779 5806/941/6779
f 5918/993/6780 5833/961/6780 5920/998/6780
f 5918/993/6781 5920/998/6781 5919/995/6781
f 5919/995/6782 5920/998/6782 5826/996/6782
f 5859/994/6783 5807/944/6783 5863/945/6783
f 5859/994/6784 5863/945/6784 5918/993/6784
f 5918/993/6785 5863/945/6785 5833/961/6785
f 5917/991/6786 5834/954/6786 5894/955/6786
f 5917/991/6787 5894/955/6787 5888/990/6787
f 5888/990/6788 5894/955/6788 5807/944/6788
f 5915/986/6789 5834/954/6789 5917/991/6789
f 5915/986/6790 5917/991/6790 5916/988/6790
f 5916/988/6791 5917/991/6791 5828/989/6791
f 5851/987/6792 5808/947/6792 5864/948/6792
f 5851/987/6793 5864/948/6793 5915/986/6793
f 5915/986/6794 5864/948/6794 5834/954/6794
f 5914/984/6795 5836/950/6795 5896/949/6795
f 5914/984/6796 5896/949/6796 5890/983/6796
f 5890/983/6797 5896/949/6797 5808/947/6797
f 5912/979/6798 5836/950/6798 5914/984/6798
f 5912/979/6799 5914/984/6799 5913/981/6799
f 5913/981/6800 5914/984/6800 5830/982/6800
f 5895/980/6801 5809/1081/6801 5866/952/6801
f 5895/980/6802 5866/952/6802 5912/979/6802
f 5912/979/6803 5866/952/6803 5836/950/6803
f 5911/977/6804 5835/978/6804 5865/937/6804
f 5911/977/6805 5865/937/6805 5891/976/6805
f 5891/976/6806 5865/937/6806 5804/935/6806
f 5909/972/6807 5835/978/6807 5911/977/6807
f 5909/972/6808 5911/977/6808 5910/974/6808
f 5910/974/6809 5911/977/6809 5831/975/6809
f 5897/973/6810 5809/1081/6810 5895/980/6810
f 5897/973/6811 5895/980/6811 5909/972/6811
f 5909/972/6812 5895/980/6812 5835/978/6812
f 5908/970/6813 5837/971/6813 5867/940/6813
f 5908/970/6814 5867/940/6814 5892/969/6814
f 5892/969/6815 5867/940/6815 5805/938/6815
f 5906/965/6816 5837/971/6816 5908/970/6816
f 5906/965/6817 5908/970/6817 5907/967/6817
f 5907/967/6818 5908/970/6818 5832/968/6818
f 5898/966/6819 5809/1081/6819 5897/973/6819
f 5898/966/6820 5897/973/6820 5906/965/6820
f 5906/965/6821 5897/973/6821 5837/971/6821
f 5905/963/6822 5838/964/6822 5868/943/6822
f 5905/963/6823 5868/943/6823 5893/962/6823
f 5893/962/6824 5868/943/6824 5806/941/6824
f 5903/958/6825 5838/964/6825 5905/963/6825
f 5903/958/6826 5905/963/6826 5904/960/6826
f 5904/960/6827 5905/963/6827 5833/961/6827
f 5899/959/6828 5809/1081/6828 5898/966/6828
f 5899/959/6829 5898/966/6829 5903/958/6829
f 5903/958/6830 5898/966/6830 5838/964/6830
f 5902/956/6831 5839/957/6831 5869/946/6831
f 5902/956/6832 5869/946/6832 5894/955/6832
f 5894/955/6833 5869/946/6833 5807/944/6833
f 5900/951/6834 5839/957/6834 5902/956/6834
f 5900/951/6835 5902/956/6835 5901/953/6835
f 5901/953/6836 5902/956/6836 5834/954/6836
f 5866/952/6837 5809/1081/6837 5899/959/6837
f 5866/952/6838 5899/959/6838 5900/951/6838
f 5900/951/6839 5899/959/6839 5839/957/6839
f 5896/949/6840 5836/950/6840 5901/953/6840
f 5896/949/6841 5901/953/6841 5864/948/6841
f 5864/948/6842 5901/953/6842 5834/954/6842
f 5869/946/6843 5839/957/6843 5904/960/6843
f 5869/946/6844 5904/960/6844 5863/945/6844
f 5863/945/6845 5904/960/6845 5833/961/6845
f 5868/943/6846 5838/964/6846 5907/967/6846
f 5868/943/6847 5907/967/6847 5862/942/6847
f 5862/942/6848 5907/967/6848 5832/968/6848
f 5867/940/6849 5837/971/6849 5910/974/6849
f 5867/940/6850 5910/974/6850 5861/939/6850
f 5861/939/6851 5910/974/6851 5831/975/6851
f 5865/937/6852 5835/978/6852 5913/981/6852
f 5865/937/6853 5913/981/6853 5860/936/6853
f 5860/936/6854 5913/981/6854 5830/982/6854
f 5881/934/6855 5821/985/6855 5916/988/6855
f 5881/934/6856 5916/988/6856 5858/929/6856
f 5858/929/6857 5916/988/6857 5828/989/6857
f 5889/933/6858 5829/992/6858 5919/995/6858
f 5889/933/6859 5919/995/6859 5856/926/6859
f 5856/926/6860 5919/995/6860 5826/996/6860
f 5887/932/6861 5827/999/6861 5922/1002/6861
f 5887/932/6862 5922/1002/6862 5854/923/6862
f 5854/923/6863 5922/1002/6863 5824/1003/6863
f 5885/931/6864 5825/1006/6864 5925/1009/6864
f 5885/931/6865 5925/1009/6865 5852/920/6865
f 5852/920/6866 5925/1009/6866 5822/1010/6866
f 5883/930/6867 5823/1016/6867 5928/1017/6867
f 5883/930/6868 5928/1017/6868 5850/917/6868
f 5850/917/6869 5928/1017/6869 5820/1019/6869
f 5858/929/6870 5828/989/6870 5931/1023/6870
f 5858/929/6871 5931/1023/6871 5849/928/6871
f 5849/928/6872 5931/1023/6872 5819/1024/6872
f 5856/926/6873 5826/996/6873 5934/1028/6873
f 5856/926/6874 5934/1028/6874 5848/925/6874
f 5848/925/6875 5934/1028/6875 5818/1029/6875
f 5854/923/6876 5824/1003/6876 5937/1033/6876
f 5854/923/6877 5937/1033/6877 5846/922/6877
f 5846/922/6878 5937/1033/6878 5816/1034/6878
f 5852/920/6879 5822/1010/6879 5940/1038/6879
f 5852/920/6880 5940/1038/6880 5842/919/6880
f 5842/919/6881 5940/1038/6881 5812/1039/6881
f 5850/917/6882 5820/1019/6882 5943/1043/6882
f 5850/917/6883 5943/1043/6883 5843/913/6883
f 5843/913/6884 5943/1043/6884 5813/1044/6884
f 5874/916/6885 5814/1075/6885 5946/1082/6885
f 5874/916/6886 5946/1082/6886 5847/915/6886
f 5847/915/6887 5946/1082/6887 5817/1054/6887
f 5847/915/6888 5817/1054/6888 5949/1057/6888
f 5847/915/6889 5949/1057/6889 5845/914/6889
f 5845/914/6890 5949/1057/6890 5815/1058/6890
f 5845/914/6891 5815/1058/6891 5952/1062/6891
f 5845/914/6892 5952/1062/6892 5840/910/6892
f 5840/910/6893 5952/1062/6893 5810/1063/6893
f 5843/913/6894 5813/1044/6894 5955/1067/6894
f 5843/913/6895 5955/1067/6895 5841/912/6895
f 5841/912/6896 5955/1067/6896 5811/1077/6896
f 5840/910/6897 5810/1063/6897 5958/1071/6897
f 5840/910/6898 5958/1071/6898 5871/909/6898
f 5871/909/6899 5958/1071/6899 5811/1068/6899
o collidable.008
v -31.299395 5.471501 53.986572
v -34.244324 4.683493 53.476986
v -32.705990 7.672973 52.317184
v -29.618755 6.618389 52.088219
v -28.715090 3.752350 53.241417
v -31.807735 3.231740 53.192078
v -33.660660 5.192567 50.672314
v -31.215895 6.338443 49.919910
v -29.232859 4.467391 50.284626
v -30.259094 2.173115 51.256912
v -33.895065 1.891521 51.170135
v -31.630535 3.542357 49.099045
v -31.871399 6.760864 53.634457
v -32.641148 5.140658 54.069298
v -33.178040 6.053607 52.747753
v -33.145733 3.406977 54.113728
v -31.423456 4.083806 54.567818
v -30.528976 6.076130 53.118210
v -30.873499 7.728153 52.349258
v -30.031328 4.718248 53.901299
v -29.516975 5.152655 52.393772
v -30.100359 2.967616 53.852867
v -33.927929 3.582633 52.340462
v -32.613964 2.375198 52.593018
v -33.619843 6.709733 51.146530
v -34.239216 5.017945 51.711319
v -30.398815 6.741361 50.897690
v -32.003151 7.698065 50.592319
v -28.694130 4.130161 51.610611
v -29.501247 5.422778 51.257854
v -30.950809 2.294113 52.434563
v -29.560810 2.686337 52.195770
v -33.555729 3.944066 50.709438
v -32.249737 5.739782 50.382122
v -30.251005 5.427533 50.111500
v -29.265345 2.851202 50.373070
v -31.953382 2.172337 51.165226
v -32.808334 4.446567 49.604675
v -32.656139 2.879700 49.955406
v -31.408611 5.026287 49.539555
v -30.355377 3.813697 49.329418
v -30.926455 2.612887 49.761936
v -31.530928 6.229023 54.223022
v -33.403782 4.785108 53.734692
v -33.183918 7.012054 52.696671
v -33.968548 4.036979 53.976643
v -31.636164 3.681655 53.623222
v -30.988800 5.785487 53.545670
v -30.258644 7.016832 52.119003
v -30.794827 5.000425 53.744488
v -29.358612 4.395451 52.682194
v -31.009678 3.411435 53.154137
v -34.496601 4.005813 53.073738
v -33.339027 1.982627 51.963757
v -32.820042 6.838137 51.798851
v -34.505653 5.311107 50.849308
v -30.003035 6.723866 51.553204
v -31.540667 7.090355 50.032112
v -28.747231 3.913203 52.428902
v -29.466286 4.906761 50.825069
v -31.402832 2.948866 52.730328
v -29.566666 1.759247 51.657574
v -34.102066 4.592989 50.369244
v -31.726965 6.110307 50.144089
v -29.902817 4.884093 50.372765
v -29.611984 2.120187 50.708126
v -32.901848 1.859888 51.108696
v -33.179909 4.723194 50.283295
v -32.230267 3.125853 49.172695
v -31.357540 5.584114 49.953178
v -29.917053 4.174300 50.057640
v -30.605953 2.740917 50.689198
v -32.290260 7.171555 52.898109
v -31.842112 5.362887 54.062435
v -33.400856 5.193240 52.971935
v -32.336258 3.014814 53.868546
v -31.299311 4.825904 54.411160
v -30.274918 6.182770 52.430805
v -31.861685 7.888945 52.362499
v -29.525459 4.144307 53.462444
v -29.782585 5.752861 52.158291
v -29.355158 3.342253 53.565144
v -34.072826 2.631042 51.821983
v -32.134827 2.693367 53.119022
v -33.888367 6.011642 50.670441
v -33.834515 4.661134 52.492245
v -30.898304 6.519401 50.353020
v -32.404716 7.868560 51.503304
v -29.092548 4.307099 50.923466
v -29.704815 5.954795 51.712151
v -30.533110 2.043765 51.890793
v -28.803654 3.076909 52.837944
v -33.706821 2.898293 50.968037
v -32.972687 5.470380 50.508232
v -30.780846 5.851413 50.067974
v -29.394062 3.809963 50.416191
v -31.130787 2.576150 51.334373
v -32.227715 4.025365 49.361073
v -33.319542 2.253578 50.411232
v -31.387676 4.276669 49.639343
v -30.922899 3.608866 48.762096
v -31.343889 2.788546 48.868481
v -31.833096 2.664289 49.800060
v -32.380985 2.058530 50.340107
v -31.517502 2.528267 50.564972
v -30.381834 2.891887 49.031960
v -29.922625 2.464373 49.835163
v -29.776808 3.304912 49.740513
v -30.820099 4.468215 49.344856
v -30.233591 4.763376 49.676277
v -30.851288 5.160678 49.860832
v -31.937771 4.765975 49.870548
v -31.914154 5.451302 49.762150
v -32.391014 5.076900 50.203392
v -33.008804 3.572558 49.388004
v -33.678703 4.047531 49.740284
v -33.408504 3.240930 50.117935
v -32.350971 2.168116 51.882069
v -31.835381 2.545079 52.413296
v -31.459118 2.264264 51.865074
v -29.259325 2.666703 51.280025
v -29.100439 3.431240 51.904362
v -29.072107 3.543622 51.070175
v -29.788883 5.514235 50.572372
v -30.141607 5.886316 51.131859
v -30.341431 5.979741 50.474892
v -32.271351 6.767677 50.277916
v -32.616135 6.954506 51.000652
v -32.891129 6.165559 50.771446
v -34.248184 4.487459 51.213223
v -34.601292 4.159065 52.100033
v -33.848850 3.672182 51.592056
v -30.000853 1.979884 52.534283
v -30.506100 2.816308 52.873478
v -29.678820 2.709411 53.066498
v -28.958307 4.876171 51.424049
v -28.896595 4.710800 52.072472
v -29.094612 5.456050 51.862526
v -31.057949 7.295401 50.718601
v -30.450994 7.525911 51.440071
v -31.455999 7.523519 51.502026
v -33.952003 5.872293 51.400566
v -33.448689 6.353997 52.021839
v -33.702179 5.571898 52.264572
v -33.086769 3.124843 52.292366
v -33.522217 3.666824 53.188271
v -32.581985 3.248740 53.113842
v -30.753275 3.865530 53.823215
v -30.566774 4.376251 54.543240
v -29.916687 3.839991 54.155727
v -29.949286 4.879233 52.984711
v -30.305344 5.389869 53.375656
v -29.976023 5.611191 52.832405
v -30.638597 6.990310 52.920979
v -31.069723 6.727874 53.654446
v -31.359570 7.590546 53.227760
v -32.264908 3.863241 53.990715
v -33.006229 4.309068 54.251751
v -32.096233 4.610625 54.388638
v -32.758640 6.527116 53.331161
v -32.198864 5.894901 53.699684
v -32.858799 5.542624 53.363655
vn 0.1817 -0.2420 0.9531
vn -0.3088 0.4957 0.8118
vn 0.7971 0.0559 0.6013
vn 0.6424 0.3335 0.6900
vn 0.6746 0.4057 0.6167
vn -0.8633 0.0214 0.5042
vn -0.8346 0.3683 -0.4096
vn 0.5107 0.8357 -0.2020
vn 0.6456 0.7536 0.1236
vn 0.1986 -0.7485 0.6327
vn -0.7955 0.4999 -0.3424
vn -0.9175 0.2926 -0.2693
vn 0.8138 0.2030 -0.5445
vn 0.9937 -0.0955 -0.0582
vn 0.5358 -0.4245 0.7299
vn -0.1528 0.5331 -0.8321
vn -0.4156 0.0380 -0.9088
vn 0.1296 0.4002 -0.9072
vn -0.4608 -0.7523 -0.4708
vn -0.0569 -0.8836 -0.4647
vn -0.3038 -0.8490 -0.4323
vn -0.2828 -0.4830 -0.8287
vn 0.4629 -0.8682 -0.1786
vn 0.1462 -0.9555 -0.2562
vn -0.1026 -0.9012 -0.4210
vn 0.8156 0.1348 -0.5627
vn 0.5631 0.4166 -0.7137
vn 0.3625 0.2784 -0.8894
vn 0.2763 0.2501 -0.9280
vn -0.4795 -0.1289 -0.8680
vn -0.4832 -0.1205 -0.8672
vn -0.2726 0.3042 -0.9128
vn -0.1934 0.2776 -0.9410
vn -0.2759 0.2904 -0.9163
vn -0.9492 0.0608 -0.3086
vn 0.2006 -0.9182 0.3416
vn 0.2777 -0.8899 0.3619
vn -0.2307 -0.9390 0.2551
vn 0.9320 -0.1863 0.3108
vn 0.8604 -0.4175 0.2922
vn 0.8540 -0.0760 -0.5147
vn 0.8843 0.3338 -0.3265
vn 0.5988 0.7875 -0.1462
vn 0.5707 0.4310 -0.6990
vn -0.4458 0.3992 -0.8012
vn -0.7886 0.3884 -0.4766
vn -0.0035 0.5643 -0.8255
vn -0.9535 -0.1975 0.2275
vn -0.9250 0.2682 -0.2690
vn -0.9780 0.1927 -0.0803
vn -0.3258 -0.9287 0.1773
vn -0.2496 -0.4896 0.8354
vn 0.5354 -0.6744 0.5084
vn 0.8695 0.1943 -0.4541
vn 0.9430 0.3327 -0.0049
vn 0.5151 0.5008 0.6956
vn 0.5628 0.4442 -0.6971
vn 0.5855 0.4870 -0.6481
vn 0.1475 0.9335 -0.3269
vn -0.9307 0.3657 -0.0113
vn -0.8345 0.4340 0.3395
vn -0.7868 0.3383 0.5162
vn -0.1931 -0.4466 0.8736
vn -0.4435 -0.8459 0.2962
vn -0.4624 -0.8783 -0.1217
vn 0.1088 -0.9232 0.3686
vn 0.2923 -0.8141 0.5018
vn 0.7855 0.2646 0.5594
vn 0.8006 0.5738 0.1724
vn 0.8632 0.4784 0.1613
vn 0.7023 0.6169 0.3553
vn 0.9114 0.1883 0.3660
vn 0.8062 0.2155 0.5510
vn -0.4940 0.6089 0.6206
vn 0.2159 -0.1569 0.9637
vn 0.2277 -0.1816 0.9567
vn -0.1110 0.4267 0.8976
vn -0.3900 0.6918 0.6077
vn -0.3647 0.2063 0.9080
vn -0.5384 0.6500 0.5363
vn -0.6856 0.3446 0.6413
vn -0.6723 0.6538 0.3472
vn -0.2435 0.8556 0.4569
vn -0.8455 0.1033 0.5239
vn -0.4852 0.0781 0.8709
vn -0.5933 0.6070 0.5288
vn -0.2762 0.6209 0.7336
vn -0.2752 0.6659 0.6934
vn -0.8213 0.0253 0.5699
vn -0.0868 0.2196 0.9717
vn -0.1423 0.4339 0.8897
vn 0.0068 0.5495 0.8355
vn -0.4744 -0.3279 0.8170
vn 0.0247 -0.4742 0.8801
vn -0.2404 0.3075 0.9207
vn 0.7069 -0.6110 0.3563
vn 0.4619 -0.1643 0.8715
vn -0.0324 -0.9170 0.3977
vn 0.1591 0.9581 0.2381
vn -0.4970 0.6899 0.5263
vn -0.2080 0.6619 0.7202
vn 0.6751 0.5740 0.4634
vn 0.6566 0.4999 0.5648
vn -0.0042 0.4422 0.8969
vn 0.2520 0.3345 0.9081
vn 0.8927 0.1424 0.4276
vn 0.7577 0.5330 0.3766
vn 0.8065 0.4879 0.3340
vn 0.7181 0.6104 0.3343
vn 0.4721 -0.0180 0.8814
vn 0.7604 0.1588 0.6298
vn 0.8187 0.1455 0.5555
vn 0.6761 0.4416 0.5898
vn 0.4840 0.7975 0.3602
vn 0.6943 0.6284 0.3507
vn 0.6507 0.3853 0.6543
vn 0.4922 -0.3762 0.7850
vn 0.7965 0.2402 0.5549
vn 0.3431 0.1906 0.9198
vn -0.3652 -0.2358 0.9006
vn -0.2625 -0.7537 0.6026
vn 0.6543 0.2880 0.6992
vn 0.1932 -0.7163 0.6706
vn 0.0499 -0.8352 0.5477
vn -0.6706 -0.4686 0.5750
vn -0.5300 -0.4199 0.7368
vn -0.7778 -0.6257 0.0593
vn 0.7488 -0.5120 0.4208
vn -0.7958 -0.2884 0.5325
vn -0.3573 -0.8659 0.3501
vn -0.4105 -0.9076 -0.0878
vn -0.6241 -0.5957 0.5056
vn -0.3443 -0.1886 0.9197
vn -0.6266 -0.0845 0.7747
vn -0.8080 0.2507 0.5333
vn -0.8384 0.2437 0.4876
vn -0.6116 0.7431 -0.2714
vn -0.8244 0.4165 0.3832
vn -0.8397 0.3896 0.3783
vn -0.7923 0.3998 0.4609
vn -0.2129 -0.0614 -0.9751
vn -0.7407 0.6688 0.0631
vn -0.8177 0.4186 0.3951
vn 0.3417 0.9395 -0.0252
vn 0.3322 0.9143 -0.2317
vn -0.2524 0.9579 0.1368
vn 0.3984 0.9150 -0.0640
vn -0.0201 0.9571 -0.2889
vn -0.0161 0.9744 -0.2242
vn 0.6618 0.3821 -0.6450
vn 0.6769 0.4230 -0.6023
vn 0.3943 0.7669 -0.5063
vn 0.6277 0.6303 -0.4568
vn 0.5067 0.7488 0.4273
vn 0.9799 -0.1782 0.0902
vn 0.6879 0.5337 -0.4920
vn 0.9680 0.2492 -0.0286
vn 0.6186 0.3610 0.6979
vn 0.8514 0.5214 -0.0562
vn 0.7225 0.3527 -0.5947
vn 0.6721 0.5021 -0.5443
vn 0.4034 -0.9116 0.0788
vn 0.4393 -0.6838 0.5827
vn 0.6177 -0.4614 0.6368
vn 0.8684 -0.4784 0.1304
vn -0.2576 -0.4927 0.8312
vn -0.1755 -0.9594 0.2209
vn -0.3386 -0.8825 -0.3264
vn -0.2548 -0.9601 0.1154
vn 0.8285 -0.2851 0.4820
vn -0.9528 0.0643 -0.2966
vn -0.9255 0.1198 -0.3592
vn -0.9255 0.0997 -0.3655
vn -0.7288 -0.5478 -0.4108
vn -0.6813 -0.5553 -0.4769
vn -0.6092 -0.7773 -0.1574
vn -0.1072 0.5102 -0.8533
vn -0.9053 -0.3729 -0.2034
vn -0.6925 -0.6912 -0.2063
vn -0.2913 0.3684 -0.8828
vn 0.0408 0.3496 -0.9360
vn -0.2085 -0.0602 -0.9762
vn -0.5619 -0.0951 -0.8217
vn -0.7777 0.4096 -0.4769
vn -0.2161 0.3411 -0.9148
vn -0.3898 -0.0310 -0.9204
vn -0.2976 -0.0524 -0.9533
vn -0.3516 -0.1017 -0.9306
vn 0.4847 0.5348 -0.6921
vn 0.5537 0.4073 -0.7263
vn 0.6569 0.3907 -0.6449
vn 0.5526 0.5194 -0.6518
vn 0.6510 0.7537 -0.0908
vn 0.9427 0.2134 -0.2564
vn 0.4275 0.7830 -0.4519
vn 0.7143 0.0907 -0.6939
vn 0.6930 0.1008 -0.7138
vn 0.9097 0.1397 -0.3910
vn 0.8845 -0.0651 -0.4620
vn 0.9205 -0.2802 -0.2725
vn 0.9741 -0.2202 -0.0513
vn 0.9782 -0.2076 0.0053
vn 0.8564 -0.5148 -0.0403
vn -0.3431 -0.8833 -0.3194
vn 0.9034 -0.3848 -0.1894
vn 0.8805 -0.4634 -0.1001
vn 0.4657 -0.8581 -0.2162
vn -0.1740 -0.7982 -0.5767
vn -0.4184 -0.8374 -0.3518
vn 0.1080 -0.9927 0.0541
vn 0.1019 -0.8553 0.5080
vn -0.2678 -0.9196 0.2873
vn -0.0235 -0.9912 0.1303
vn 0.1982 -0.9509 0.2378
vn 0.3001 -0.9402 0.1609
vn -0.3353 -0.2959 -0.8944
vn -0.8972 -0.1981 -0.3947
vn -0.8034 0.0309 -0.5946
vn -0.4535 -0.6914 -0.5624
vn -0.6517 -0.4895 -0.5793
vn -0.9564 -0.2774 0.0917
vn -0.2544 0.1989 -0.9464
vn -0.1511 0.2030 -0.9675
vn -0.5306 -0.6821 -0.5032
vn -0.3922 0.7566 -0.5232
vn -0.2449 0.3411 -0.9076
vn -0.3509 0.3578 -0.8654
vn -0.0405 0.7021 -0.7109
vn -0.6325 -0.0997 -0.7681
vn -0.7659 0.3145 -0.5609
vn 0.1008 0.5678 -0.8170
vn 0.1193 0.5306 -0.8392
vn 0.0515 0.5522 -0.8321
vn 0.3155 0.5464 -0.7758
vn 0.0604 0.2811 -0.9578
vn 0.2329 -0.0864 -0.9687
vn 0.2979 0.5790 -0.7590
vn 0.1468 0.5953 -0.7900
vn 0.1037 0.5470 -0.8307
vn -0.3824 0.6263 -0.6794
vn -0.5251 0.5198 -0.6739
vn -0.4213 -0.1312 -0.8974
vn 0.7239 0.3365 -0.6023
vn 0.6823 0.3451 -0.6445
vn 0.4066 -0.2741 -0.8715
vn 0.6811 0.2071 -0.7023
vn 0.7999 -0.2024 -0.5650
vn 0.6879 -0.1980 -0.6982
vn -0.4356 0.1077 -0.8937
vn 0.1863 -0.2198 -0.9576
vn 0.6501 0.2164 -0.7284
vn 0.2192 -0.9739 0.0587
vn 0.2342 -0.9705 -0.0573
vn -0.3967 -0.7588 -0.5165
vn -0.0622 -0.9868 -0.1498
vn 0.5164 -0.7807 -0.3519
vn 0.5013 -0.8535 -0.1421
vn -0.2514 0.1944 -0.9481
vn -0.4340 -0.8346 -0.3392
vn -0.0627 -0.9844 -0.1642
vn -0.1622 -0.4627 -0.8716
vn -0.2157 -0.9000 -0.3788
vn 0.3144 -0.9487 -0.0321
vn -0.1572 -0.9695 0.1882
vn -0.5221 -0.8404 -0.1456
vn 0.6995 -0.5441 -0.4634
vn 0.8320 0.0930 -0.5469
vn 0.8759 0.1810 -0.4473
vn 0.8341 0.3175 -0.4511
vn 0.1363 0.5820 -0.8017
vn 0.1916 0.4508 -0.8718
vn -0.6299 0.5156 -0.5809
vn -0.4202 0.7364 -0.5303
vn -0.1631 0.6884 -0.7068
vn -0.7724 -0.6344 0.0303
vn 0.2699 -0.9129 0.3063
vn 0.4749 -0.7988 0.3694
vn -0.1614 -0.4967 0.8528
vn 0.6771 -0.5903 -0.4393
vn 0.8934 -0.2446 -0.3768
vn 0.8455 -0.5272 -0.0849
vn 0.5691 0.6489 -0.5050
vn 0.7764 0.1760 -0.6052
vn 0.8516 0.1162 -0.5111
vn -0.7981 0.4214 -0.4307
vn -0.9282 0.3195 -0.1905
vn -0.2245 0.9708 0.0842
vn -0.6341 0.5245 0.5682
vn -0.6033 0.7753 0.1869
vn -0.6386 -0.7678 -0.0522
vn -0.2090 -0.5188 0.8290
vn -0.2106 -0.5570 0.8033
vn -0.6193 -0.6957 0.3640
vn 0.9636 0.2364 0.1252
vn 0.6082 0.4160 0.6760
vn 0.6266 0.3884 0.6757
vn 0.7968 0.3786 -0.4710
vn 0.8577 0.4974 0.1299
vn 0.7720 0.5939 0.2266
vn -0.4608 0.7871 0.4100
vn -0.6448 0.6581 -0.3888
vn -0.9351 0.0131 0.3541
vn -0.3443 -0.9037 0.2545
vn -0.3438 -0.9098 0.2325
vn -0.6105 -0.7916 0.0261
vn -0.0449 0.2135 0.9759
vn 0.3873 0.7768 0.4965
vn 0.1776 0.7994 0.5740
vn 0.0760 0.6336 0.7699
vn 0.3974 0.3163 0.8614
vn 0.4476 0.4383 0.7795
vn 0.6889 -0.0245 0.7244
vn 0.7790 -0.0055 0.6270
vn 0.0141 0.7459 0.6659
vn -0.2444 -0.1096 0.9634
vn -0.3679 0.5258 0.7669
vn -0.5170 0.3937 0.7600
vn -0.6773 0.3065 0.6688
vn -0.6416 0.0893 0.7619
vn -0.1309 0.4971 0.8578
vt 0.947464 0.066268
vt 0.951893 0.080465
vt 0.942496 0.079894
vt 0.778785 0.123791
vt 0.775082 0.109227
vt 0.784325 0.111694
vt 0.936922 0.064208
vt 0.948302 0.049999
vt 0.957893 0.065399
vt 0.787218 0.129336
vt 0.929325 0.121782
vt 0.937873 0.123950
vt 0.930351 0.137989
vt 0.907059 0.072591
vt 0.912953 0.084612
vt 0.903797 0.087673
vt 0.849538 0.023284
vt 0.875071 0.032195
vt 0.858686 0.038259
vt 0.801758 0.076148
vt 0.804879 0.060448
vt 0.810921 0.076876
vt 0.777073 0.139854
vt 0.920941 0.126664
vt 0.897591 0.073431
vt 0.844222 0.039119
vt 0.804910 0.091272
vt 0.942011 0.185866
vt 0.875071 0.176955
vt 0.899339 0.180643
vt 0.894230 0.133002
vt 0.897351 0.148702
vt 0.885040 0.138812
vt 0.871258 0.085359
vt 0.876798 0.097456
vt 0.867554 0.099923
vt 0.836852 0.087369
vt 0.845401 0.085200
vt 0.840955 0.101500
vt 0.814587 0.136559
vt 0.820481 0.124538
vt 0.824248 0.141781
vt 0.833908 0.147003
vt 0.839483 0.131317
vt 0.844450 0.144943
vt 0.830142 0.129760
vt 0.826375 0.112517
vt 0.831614 0.099943
vt 0.835716 0.114074
vt 0.845057 0.115631
vt 0.854454 0.115059
vt 0.850024 0.129257
vt 0.849503 0.099331
vt 0.853949 0.083032
vt 0.862603 0.084195
vt 0.858899 0.098760
vt 0.863850 0.114487
vt 0.869850 0.129554
vt 0.859421 0.128685
vt 0.873094 0.112020
vt 0.882337 0.109553
vt 0.888284 0.121278
vt 0.879093 0.127087
vt 0.875849 0.144621
vt 0.866258 0.160020
vt 0.865420 0.143752
vt 0.888161 0.154511
vt 0.900472 0.164402
vt 0.921241 0.175134
vt 0.878569 0.169911
vt 0.856667 0.175419
vt 0.845288 0.161211
vt 0.855829 0.159151
vt 0.832399 0.171732
vt 0.808131 0.168045
vt 0.811359 0.152302
vt 0.821020 0.157524
vt 0.808061 0.106397
vt 0.817218 0.109457
vt 0.811324 0.121478
vt 0.814073 0.092000
vt 0.820084 0.077604
vt 0.828468 0.082486
vt 0.823229 0.095061
vt 0.838905 0.054954
vt 0.846427 0.068993
vt 0.837879 0.071161
vt 0.853369 0.054094
vt 0.867834 0.053234
vt 0.869546 0.069296
vt 0.860891 0.068133
vt 0.888123 0.074271
vt 0.885230 0.091912
vt 0.879690 0.079815
vt 0.894328 0.088512
vt 0.900534 0.102754
vt 0.897382 0.117878
vt 0.891436 0.106153
vt 0.912556 0.131547
vt 0.906514 0.147974
vt 0.903393 0.132275
vt 0.921967 0.142872
vt 0.931377 0.154197
vt 0.936694 0.170031
vt 0.915925 0.159299
vt 0.960306 0.155917
vt 0.976691 0.161981
vt 0.951158 0.170891
vt 0.775361 0.155917
vt 0.785506 0.145398
vt 0.791746 0.161981
vt 0.795651 0.134880
vt 0.805119 0.135719
vt 0.801891 0.151462
vt 0.829495 0.066279
vt 0.814042 0.061176
vt 0.807999 0.044748
vt 0.828769 0.034016
vt 0.823452 0.049851
vt 0.877978 0.063752
vt 0.884218 0.047170
vt 0.900603 0.041106
vt 0.903831 0.056849
vt 0.894363 0.057688
vt 0.906545 0.117150
vt 0.909690 0.099693
vt 0.918847 0.096633
vt 0.924086 0.109207
vt 0.915702 0.114090
vt 0.945842 0.155057
vt 0.938899 0.140158
vt 0.946421 0.126119
vt 0.955076 0.124955
vt 0.953364 0.141018
vt 0.801856 0.120638
vt 0.792758 0.117239
vt 0.789865 0.099598
vt 0.795811 0.087873
vt 0.798963 0.102997
vt 0.783377 0.064529
vt 0.795688 0.054639
vt 0.792567 0.070339
vt 0.773786 0.049130
vt 0.764195 0.033731
vt 0.806867 0.028508
vt 0.786097 0.039240
vt 0.949140 0.033731
vt 0.924871 0.037419
vt 0.899339 0.028508
vt 0.937760 0.047939
vt 0.926381 0.062147
vt 0.916720 0.067369
vt 0.913492 0.051627
vt 0.922614 0.079390
vt 0.931955 0.077833
vt 0.937529 0.093520
vt 0.933427 0.107651
vt 0.928188 0.095076
vt 0.786621 0.082063
vt 0.780622 0.097130
vt 0.956322 0.094663
vt 0.962322 0.079596
vt 0.941975 0.109819
vt 0.946926 0.094091
vt 0.960026 0.109227
vt 0.951372 0.110391
vt 0.963730 0.123791
vt 0.968322 0.064529
vt 0.777377 0.079596
vt 0.771378 0.094663
vt 0.962018 0.139854
vt 0.967543 0.176955
vt 0.993075 0.168045
vt 0.854991 0.142883
vt 0.958731 0.049130
s 0
f 5960/1083/6900 6002/1085/6900 6033/1084/6900
f 5961/1086/6901 6005/1088/6901 6003/1087/6901
f 5960/1083/6902 6007/1089/6902 6002/1085/6902
f 5960/1083/6903 6009/1090/6903 6007/1089/6903
f 5960/1083/6904 6036/1091/6904 6009/1090/6904
f 5961/1086/6905 6012/1092/6905 6005/1088/6905
f 5962/1093/6906 6014/1095/6906 6004/1094/6906
f 5963/1096/6907 6016/1098/6907 6008/1097/6907
f 5964/1099/6908 6018/1101/6908 6010/1100/6908
f 5965/1102/6909 6020/1104/6909 6011/1103/6909
f 5961/1086/6910 6045/1105/6910 6012/1092/6910
f 5962/1093/6911 6047/1106/6911 6014/1095/6911
f 5963/1096/6912 6049/1107/6912 6016/1098/6912
f 5964/1099/6913 6051/1108/6913 6018/1101/6913
f 5965/1102/6914 6043/1109/6914 6020/1104/6914
f 5966/1110/6915 6027/1112/6915 6022/1111/6915
f 5967/1113/6916 6029/1115/6916 6023/1114/6916
f 5968/1116/6917 6030/1118/6917 6024/1117/6917
f 5969/1119/6918 6031/1121/6918 6025/1120/6918
f 5970/1122/6919 6058/1124/6919 6026/1123/6919
f 5998/1125/6920 6028/1127/6920 6062/1126/6920
f 5998/1125/6921 6062/1126/6921 6063/1128/6921
f 5996/1129/6922 6064/1131/6922 6056/1130/6922
f 6001/1132/6923 6061/1134/6923 6065/1133/6923
f 6001/1132/6924 6065/1133/6924 6066/1135/6924
f 5995/1136/6925 6067/1138/6925 6055/1137/6925
f 6000/1139/6926 6060/1141/6926 6068/1140/6926
f 6000/1139/6927 6068/1140/6927 6069/1142/6927
f 5994/1143/6928 6070/1145/6928 6054/1144/6928
f 5999/1146/6929 6059/1148/6929 6071/1147/6929
f 5999/1146/6930 6071/1147/6930 6072/1149/6930
f 5993/1150/6931 6073/1152/6931 6053/1151/6931
f 5997/1153/6932 6057/1155/6932 6074/1154/6932
f 5997/1153/6933 6074/1154/6933 6075/1156/6933
f 5992/1157/6934 6076/1159/6934 6052/1158/6934
f 5983/1160/6935 6013/1162/6935 6077/1161/6935
f 5983/1160/6936 6077/1161/6936 6078/1163/6936
f 5990/1164/6937 6079/1166/6937 6050/1165/6937
f 5991/1167/6938 6021/1169/6938 6080/1168/6938
f 5991/1167/6939 6080/1168/6939 6081/1170/6939
f 5988/1171/6940 6082/1173/6940 6048/1172/6940
f 5989/1174/6941 6019/1176/6941 6083/1175/6941
f 5989/1174/6942 6083/1175/6942 6084/1177/6942
f 5986/1178/6943 6085/1180/6943 6046/1179/6943
f 5987/1181/6944 6017/1183/6944 6086/1182/6944
f 5987/1181/6945 6086/1182/6945 6087/1184/6945
f 5984/1185/6946 6088/1187/6946 6044/1186/6946
f 5985/1188/6947 6015/1190/6947 6089/1189/6947
f 5985/1191/6948 6089/1193/6948 6090/1192/6948
f 5982/1194/6949 6091/1196/6949 6042/1195/6949
f 5990/1164/6950 6050/1165/6950 6092/1197/6950
f 5990/1164/6951 6092/1197/6951 6093/1198/6951
f 5981/1199/6952 6094/1201/6952 6041/1200/6952
f 5988/1171/6953 6048/1172/6953 6095/1202/6953
f 5988/1171/6954 6095/1202/6954 6096/1203/6954
f 5980/1204/6955 6097/1206/6955 6040/1205/6955
f 5986/1178/6956 6046/1179/6956 6098/1207/6956
f 5986/1178/6957 6098/1207/6957 6099/1208/6957
f 5978/1209/6958 6100/1211/6958 6038/1210/6958
f 5984/1185/6959 6044/1186/6959 6101/1212/6959
f 5984/1185/6960 6101/1212/6960 6102/1213/6960
f 5974/1214/6961 6103/1216/6961 6034/1215/6961
f 5982/1194/6962 6042/1195/6962 6104/1217/6962
f 5982/1194/6963 6104/1217/6963 6105/1218/6963
f 5975/1219/6964 6106/1221/6964 6035/1220/6964
f 5976/1222/6965 6006/1224/6965 6107/1223/6965
f 5976/1222/6966 6107/1223/6966 6108/1225/6966
f 5979/1226/6967 6109/1228/6967 6039/1227/6967
f 5979/1229/6968 6039/1231/6968 6110/1230/6968
f 5979/1229/6969 6110/1230/6969 6111/1232/6969
f 5977/1233/6970 6112/1235/6970 6037/1234/6970
f 5977/1233/6971 6037/1234/6971 6113/1236/6971
f 5977/1233/6972 6113/1236/6972 6114/1237/6972
f 5972/1238/6973 6115/1240/6973 6032/1239/6973
f 5975/1219/6974 6035/1220/6974 6116/1241/6974
f 5975/1219/6975 6116/1241/6975 6117/1242/6975
f 5973/1243/6976 6118/1244/6976 6033/1084/6976
f 5972/1238/6977 6032/1239/6977 6119/1245/6977
f 5972/1238/6978 6119/1245/6978 6120/1246/6978
f 5973/1243/6979 6121/1248/6979 6003/1247/6979
f 6121/1248/6980 5974/1214/6980 6034/1215/6980
f 6121/1248/6981 6034/1215/6981 6003/1247/6981
f 6003/1247/6982 6034/1215/6982 5961/1249/6982
f 6119/1245/6983 5974/1214/6983 6121/1248/6983
f 6119/1245/6984 6121/1248/6984 6120/1246/6984
f 6120/1246/6985 6121/1248/6985 5973/1243/6985
f 6032/1239/6986 5962/1093/6986 6004/1094/6986
f 6032/1239/6987 6004/1094/6987 6119/1245/6987
f 6119/1245/6988 6004/1094/6988 5974/1214/6988
f 6118/1244/6989 5976/1250/6989 6036/1091/6989
f 6118/1244/6990 6036/1091/6990 6033/1084/6990
f 6033/1084/6991 6036/1091/6991 5960/1083/6991
f 6116/1241/6992 5976/1222/6992 6118/1251/6992
f 6116/1241/6993 6118/1251/6993 6117/1242/6993
f 6117/1242/6994 6118/1251/6994 5973/1252/6994
f 6035/1220/6995 5965/1102/6995 6006/1224/6995
f 6035/1220/6996 6006/1224/6996 6116/1241/6996
f 6116/1241/6997 6006/1224/6997 5976/1222/6997
f 6115/1240/6998 5978/1209/6998 6038/1210/6998
f 6115/1240/6999 6038/1210/6999 6032/1239/6999
f 6032/1239/7000 6038/1210/7000 5962/1093/7000
f 6113/1236/7001 5978/1209/7001 6115/1240/7001
f 6113/1236/7002 6115/1240/7002 6114/1237/7002
f 6114/1237/7003 6115/1240/7003 5972/1238/7003
f 6037/1234/7004 5963/1096/7004 6008/1097/7004
f 6037/1234/7005 6008/1097/7005 6113/1236/7005
f 6113/1236/7006 6008/1097/7006 5978/1209/7006
f 6112/1235/7007 5980/1204/7007 6040/1205/7007
f 6112/1235/7008 6040/1205/7008 6037/1234/7008
f 6037/1234/7009 6040/1205/7009 5963/1096/7009
f 6110/1230/7010 5980/1204/7010 6112/1235/7010
f 6110/1230/7011 6112/1235/7011 6111/1232/7011
f 6111/1232/7012 6112/1235/7012 5977/1233/7012
f 6039/1231/7013 5964/1099/7013 6010/1100/7013
f 6039/1231/7014 6010/1100/7014 6110/1230/7014
f 6110/1230/7015 6010/1100/7015 5980/1204/7015
f 6109/1228/7016 5981/1199/7016 6041/1200/7016
f 6109/1228/7017 6041/1200/7017 6039/1227/7017
f 6039/1227/7018 6041/1200/7018 5964/1099/7018
f 6107/1223/7019 5981/1199/7019 6109/1228/7019
f 6107/1223/7020 6109/1228/7020 6108/1225/7020
f 6108/1225/7021 6109/1228/7021 5979/1226/7021
f 6006/1224/7022 5965/1102/7022 6011/1103/7022
f 6006/1224/7023 6011/1103/7023 6107/1223/7023
f 6107/1223/7024 6011/1103/7024 5981/1199/7024
f 6106/1221/7025 5983/1160/7025 6043/1109/7025
f 6106/1221/7026 6043/1109/7026 6035/1220/7026
f 6035/1220/7027 6043/1109/7027 5965/1102/7027
f 6104/1217/7028 5983/1160/7028 6106/1221/7028
f 6104/1217/7029 6106/1221/7029 6105/1218/7029
f 6105/1218/7030 6106/1221/7030 5975/1219/7030
f 6042/1195/7031 5970/1122/7031 6013/1162/7031
f 6042/1195/7032 6013/1162/7032 6104/1217/7032
f 6104/1217/7033 6013/1162/7033 5983/1160/7033
f 6103/1216/7034 5985/1188/7034 6045/1253/7034
f 6103/1216/7035 6045/1253/7035 6034/1215/7035
f 6034/1215/7036 6045/1253/7036 5961/1249/7036
f 6101/1212/7037 5985/1188/7037 6103/1216/7037
f 6101/1212/7038 6103/1216/7038 6102/1213/7038
f 6102/1213/7039 6103/1216/7039 5974/1214/7039
f 6044/1186/7040 5966/1110/7040 6015/1190/7040
f 6044/1186/7041 6015/1190/7041 6101/1212/7041
f 6101/1212/7042 6015/1190/7042 5985/1188/7042
f 6100/1211/7043 5987/1181/7043 6047/1106/7043
f 6100/1211/7044 6047/1106/7044 6038/1210/7044
f 6038/1210/7045 6047/1106/7045 5962/1093/7045
f 6098/1207/7046 5987/1181/7046 6100/1211/7046
f 6098/1207/7047 6100/1211/7047 6099/1208/7047
f 6099/1208/7048 6100/1211/7048 5978/1209/7048
f 6046/1179/7049 5967/1113/7049 6017/1183/7049
f 6046/1179/7050 6017/1183/7050 6098/1207/7050
f 6098/1207/7051 6017/1183/7051 5987/1181/7051
f 6097/1206/7052 5989/1174/7052 6049/1107/7052
f 6097/1206/7053 6049/1107/7053 6040/1205/7053
f 6040/1205/7054 6049/1107/7054 5963/1096/7054
f 6095/1202/7055 5989/1174/7055 6097/1206/7055
f 6095/1202/7056 6097/1206/7056 6096/1203/7056
f 6096/1203/7057 6097/1206/7057 5980/1204/7057
f 6048/1172/7058 5968/1116/7058 6019/1176/7058
f 6048/1172/7059 6019/1176/7059 6095/1202/7059
f 6095/1202/7060 6019/1176/7060 5989/1174/7060
f 6094/1201/7061 5991/1167/7061 6051/1108/7061
f 6094/1201/7062 6051/1108/7062 6041/1200/7062
f 6041/1200/7063 6051/1108/7063 5964/1099/7063
f 6092/1197/7064 5991/1167/7064 6094/1201/7064
f 6092/1197/7065 6094/1201/7065 6093/1198/7065
f 6093/1198/7066 6094/1201/7066 5981/1199/7066
f 6050/1165/7067 5969/1119/7067 6021/1169/7067
f 6050/1165/7068 6021/1169/7068 6092/1197/7068
f 6092/1197/7069 6021/1169/7069 5991/1167/7069
f 6091/1196/7070 5992/1157/7070 6052/1158/7070
f 6091/1196/7071 6052/1158/7071 6042/1195/7071
f 6042/1195/7072 6052/1158/7072 5970/1122/7072
f 6089/1193/7073 5992/1157/7073 6091/1196/7073
f 6089/1193/7074 6091/1196/7074 6090/1192/7074
f 6090/1192/7075 6091/1196/7075 5982/1194/7075
f 6015/1190/7076 5966/1110/7076 6022/1254/7076
f 6015/1190/7077 6022/1254/7077 6089/1189/7077
f 6089/1189/7078 6022/1254/7078 5992/1255/7078
f 6088/1187/7079 5993/1150/7079 6053/1151/7079
f 6088/1187/7080 6053/1151/7080 6044/1186/7080
f 6044/1186/7081 6053/1151/7081 5966/1110/7081
f 6086/1182/7082 5993/1150/7082 6088/1187/7082
f 6086/1182/7083 6088/1187/7083 6087/1184/7083
f 6087/1184/7084 6088/1187/7084 5984/1185/7084
f 6017/1183/7085 5967/1113/7085 6023/1114/7085
f 6017/1183/7086 6023/1114/7086 6086/1182/7086
f 6086/1182/7087 6023/1114/7087 5993/1150/7087
f 6085/1180/7088 5994/1143/7088 6054/1144/7088
f 6085/1180/7089 6054/1144/7089 6046/1179/7089
f 6046/1179/7090 6054/1144/7090 5967/1113/7090
f 6083/1175/7091 5994/1143/7091 6085/1180/7091
f 6083/1175/7092 6085/1180/7092 6084/1177/7092
f 6084/1177/7093 6085/1180/7093 5986/1178/7093
f 6019/1176/7094 5968/1116/7094 6024/1117/7094
f 6019/1176/7095 6024/1117/7095 6083/1175/7095
f 6083/1175/7096 6024/1117/7096 5994/1143/7096
f 6082/1173/7097 5995/1136/7097 6055/1137/7097
f 6082/1173/7098 6055/1137/7098 6048/1172/7098
f 6048/1172/7099 6055/1137/7099 5968/1116/7099
f 6080/1168/7100 5995/1136/7100 6082/1173/7100
f 6080/1168/7101 6082/1173/7101 6081/1170/7101
f 6081/1170/7102 6082/1173/7102 5988/1171/7102
f 6021/1169/7103 5969/1119/7103 6025/1120/7103
f 6021/1169/7104 6025/1120/7104 6080/1168/7104
f 6080/1168/7105 6025/1120/7105 5995/1136/7105
f 6079/1166/7106 5996/1129/7106 6056/1130/7106
f 6079/1166/7107 6056/1130/7107 6050/1165/7107
f 6050/1165/7108 6056/1130/7108 5969/1119/7108
f 6077/1161/7109 5996/1129/7109 6079/1166/7109
f 6077/1161/7110 6079/1166/7110 6078/1163/7110
f 6078/1163/7111 6079/1166/7111 5990/1164/7111
f 6013/1162/7112 5970/1122/7112 6026/1123/7112
f 6013/1162/7113 6026/1123/7113 6077/1161/7113
f 6077/1161/7114 6026/1123/7114 5996/1129/7114
f 6076/1159/7115 5998/1125/7115 6058/1124/7115
f 6076/1159/7116 6058/1124/7116 6052/1158/7116
f 6052/1158/7117 6058/1124/7117 5970/1122/7117
f 6074/1154/7118 5998/1125/7118 6076/1159/7118
f 6074/1154/7119 6076/1159/7119 6075/1156/7119
f 6075/1156/7120 6076/1159/7120 5992/1157/7120
f 6057/1155/7121 5971/1256/7121 6028/1127/7121
f 6057/1155/7122 6028/1127/7122 6074/1154/7122
f 6074/1154/7123 6028/1127/7123 5998/1125/7123
f 6073/1152/7124 5997/1153/7124 6027/1112/7124
f 6073/1152/7125 6027/1112/7125 6053/1151/7125
f 6053/1151/7126 6027/1112/7126 5966/1110/7126
f 6071/1147/7127 5997/1153/7127 6073/1152/7127
f 6071/1147/7128 6073/1152/7128 6072/1149/7128
f 6072/1149/7129 6073/1152/7129 5993/1150/7129
f 6059/1148/7130 5971/1256/7130 6057/1155/7130
f 6059/1148/7131 6057/1155/7131 6071/1147/7131
f 6071/1147/7132 6057/1155/7132 5997/1153/7132
f 6070/1145/7133 5999/1146/7133 6029/1115/7133
f 6070/1145/7134 6029/1115/7134 6054/1144/7134
f 6054/1144/7135 6029/1115/7135 5967/1113/7135
f 6068/1140/7136 5999/1146/7136 6070/1145/7136
f 6068/1140/7137 6070/1145/7137 6069/1142/7137
f 6069/1142/7138 6070/1145/7138 5994/1143/7138
f 6060/1141/7139 5971/1256/7139 6059/1148/7139
f 6060/1141/7140 6059/1148/7140 6068/1140/7140
f 6068/1140/7141 6059/1148/7141 5999/1146/7141
f 6067/1138/7142 6000/1139/7142 6030/1118/7142
f 6067/1138/7143 6030/1118/7143 6055/1137/7143
f 6055/1137/7144 6030/1118/7144 5968/1116/7144
f 6065/1133/7145 6000/1139/7145 6067/1138/7145
f 6065/1133/7146 6067/1138/7146 6066/1135/7146
f 6066/1135/7147 6067/1138/7147 5995/1136/7147
f 6061/1134/7148 5971/1256/7148 6060/1141/7148
f 6061/1134/7149 6060/1141/7149 6065/1133/7149
f 6065/1133/7150 6060/1141/7150 6000/1139/7150
f 6064/1131/7151 6001/1132/7151 6031/1121/7151
f 6064/1131/7152 6031/1121/7152 6056/1130/7152
f 6056/1130/7153 6031/1121/7153 5969/1119/7153
f 6062/1126/7154 6001/1132/7154 6064/1131/7154
f 6062/1126/7155 6064/1131/7155 6063/1128/7155
f 6063/1128/7156 6064/1131/7156 5996/1129/7156
f 6028/1127/7157 5971/1256/7157 6061/1134/7157
f 6028/1127/7158 6061/1134/7158 6062/1126/7158
f 6062/1126/7159 6061/1134/7159 6001/1132/7159
f 6058/1124/7160 5998/1125/7160 6063/1128/7160
f 6058/1124/7161 6063/1128/7161 6026/1123/7161
f 6026/1123/7162 6063/1128/7162 5996/1129/7162
f 6031/1121/7163 6001/1132/7163 6066/1135/7163
f 6031/1121/7164 6066/1135/7164 6025/1120/7164
f 6025/1120/7165 6066/1135/7165 5995/1136/7165
f 6030/1118/7166 6000/1139/7166 6069/1142/7166
f 6030/1118/7167 6069/1142/7167 6024/1117/7167
f 6024/1117/7168 6069/1142/7168 5994/1143/7168
f 6029/1115/7169 5999/1146/7169 6072/1149/7169
f 6029/1115/7170 6072/1149/7170 6023/1114/7170
f 6023/1114/7171 6072/1149/7171 5993/1150/7171
f 6027/1112/7172 5997/1153/7172 6075/1156/7172
f 6027/1112/7173 6075/1156/7173 6022/1111/7173
f 6022/1111/7174 6075/1156/7174 5992/1157/7174
f 6043/1109/7175 5983/1160/7175 6078/1163/7175
f 6043/1109/7176 6078/1163/7176 6020/1104/7176
f 6020/1104/7177 6078/1163/7177 5990/1164/7177
f 6051/1108/7178 5991/1167/7178 6081/1170/7178
f 6051/1108/7179 6081/1170/7179 6018/1101/7179
f 6018/1101/7180 6081/1170/7180 5988/1171/7180
f 6049/1107/7181 5989/1174/7181 6084/1177/7181
f 6049/1107/7182 6084/1177/7182 6016/1098/7182
f 6016/1098/7183 6084/1177/7183 5986/1178/7183
f 6047/1106/7184 5987/1181/7184 6087/1184/7184
f 6047/1106/7185 6087/1184/7185 6014/1095/7185
f 6014/1095/7186 6087/1184/7186 5984/1185/7186
f 6045/1105/7187 5985/1191/7187 6090/1192/7187
f 6045/1105/7188 6090/1192/7188 6012/1092/7188
f 6012/1092/7189 6090/1192/7189 5982/1194/7189
f 6020/1104/7190 5990/1164/7190 6093/1198/7190
f 6020/1104/7191 6093/1198/7191 6011/1103/7191
f 6011/1103/7192 6093/1198/7192 5981/1199/7192
f 6018/1101/7193 5988/1171/7193 6096/1203/7193
f 6018/1101/7194 6096/1203/7194 6010/1100/7194
f 6010/1100/7195 6096/1203/7195 5980/1204/7195
f 6016/1098/7196 5986/1178/7196 6099/1208/7196
f 6016/1098/7197 6099/1208/7197 6008/1097/7197
f 6008/1097/7198 6099/1208/7198 5978/1209/7198
f 6014/1095/7199 5984/1185/7199 6102/1213/7199
f 6014/1095/7200 6102/1213/7200 6004/1094/7200
f 6004/1094/7201 6102/1213/7201 5974/1214/7201
f 6012/1092/7202 5982/1194/7202 6105/1218/7202
f 6012/1092/7203 6105/1218/7203 6005/1088/7203
f 6005/1088/7204 6105/1218/7204 5975/1219/7204
f 6036/1091/7205 5976/1250/7205 6108/1257/7205
f 6036/1091/7206 6108/1257/7206 6009/1090/7206
f 6009/1090/7207 6108/1257/7207 5979/1229/7207
f 6009/1090/7208 5979/1229/7208 6111/1232/7208
f 6009/1090/7209 6111/1232/7209 6007/1089/7209
f 6007/1089/7210 6111/1232/7210 5977/1233/7210
f 6007/1089/7211 5977/1233/7211 6114/1237/7211
f 6007/1089/7212 6114/1237/7212 6002/1085/7212
f 6002/1085/7213 6114/1237/7213 5972/1238/7213
f 6005/1088/7214 5975/1219/7214 6117/1242/7214
f 6005/1088/7215 6117/1242/7215 6003/1087/7215
f 6003/1087/7216 6117/1242/7216 5973/1252/7216
f 6002/1085/7217 5972/1238/7217 6120/1246/7217
f 6002/1085/7218 6120/1246/7218 6033/1084/7218
f 6033/1084/7219 6120/1246/7219 5973/1243/7219
o collidable.009
v 2.616457 1.609105 49.484890
v 11.131531 3.473415 55.745708
v -0.206047 3.305069 59.541790
v -6.254323 2.414141 48.784203
v -0.621151 0.878426 38.786392
v 8.644697 2.571309 44.388195
v 5.283333 3.957015 57.042389
v -4.276402 4.247888 53.124962
v -2.658772 3.031576 44.749146
v 4.689045 2.652666 39.784954
v 14.786924 5.630750 48.877316
v 2.697385 5.998763 48.254036
v 0.748680 1.631487 54.340759
v 7.384120 2.273392 51.878735
v 4.947000 2.790332 56.839355
v 11.605505 1.585145 49.452660
v 6.283357 0.549334 46.482944
v -2.010754 2.549633 49.419197
v -6.384344 2.507494 54.874977
v 1.363848 1.780699 44.375858
v -2.974369 2.364329 44.386898
v 4.223134 0.684613 40.513397
v 12.747992 4.189713 52.732849
v 11.223375 2.760953 46.231056
v 2.865371 4.383228 59.247066
v 8.752797 4.875056 58.178669
v -6.366939 4.046865 51.810955
v -5.033672 5.304807 58.604019
v -3.285220 2.385437 40.937485
v -4.656899 2.693007 46.168411
v 7.131902 1.998380 41.773193
v 2.722867 1.738574 38.068413
v 9.202700 3.741050 53.460709
v 0.519241 5.487389 55.235722
v -4.348279 3.453143 48.904301
v -0.435061 4.373756 39.513298
v 8.976686 3.072943 44.740887
v 4.043375 4.727544 53.036415
v 8.027408 5.670033 48.786228
v -0.810155 5.076005 50.937527
v -1.672835 5.541980 44.669598
v 3.721701 4.963047 43.919792
v 1.871454 1.046176 51.971336
v 9.671661 3.250550 53.340214
v 2.759164 2.791211 58.461338
v 12.497488 2.729581 53.146736
v 7.322069 2.631893 45.091541
v 0.468940 2.096296 49.616364
v -6.640046 2.845720 51.408970
v 2.024436 1.879076 47.170193
v -1.450310 2.376556 41.568165
v 5.902220 2.558076 43.198944
v 12.892466 3.453442 55.535175
v 14.010027 3.953746 47.314693
v 1.242786 4.137295 59.394867
v 7.167637 4.844082 58.552673
v -6.330883 3.259281 50.377251
v -5.347848 5.177761 55.841614
v -2.118595 1.454545 39.359512
v -4.064645 2.674452 45.511642
v 7.733284 2.289309 43.679939
v 4.265161 2.839968 37.256367
v 7.746765 3.873333 56.136402
v -2.373646 5.253043 54.582481
v -3.443069 2.842159 46.710121
v 2.284604 3.940704 38.211220
v 12.399796 4.512529 46.380112
v 4.834823 3.425560 54.821030
v 5.195374 6.664287 48.439423
v -2.296885 4.251351 52.064331
v -2.113343 3.854657 44.544182
v 3.884406 3.210024 42.291801
v 0.019191 2.906860 57.448692
v 4.622762 1.422883 50.817440
v 7.626513 3.638131 55.597778
v 10.319419 1.889632 45.871967
v 4.561154 0.415533 47.889423
v -4.608219 2.683955 49.022942
v -3.697580 2.987455 58.136475
v 0.476387 1.740697 41.333012
v -5.050846 1.720151 46.870632
v 1.940391 0.101349 38.562370
v 13.950157 4.774555 50.211117
v 10.345278 1.996173 45.119057
v 4.118585 4.177059 58.824860
v 9.922297 3.773010 57.391247
v -5.866413 4.397272 52.646488
v -2.823942 3.929881 59.684845
v -3.325697 2.862083 43.024765
v -5.212426 2.219126 47.571648
v 6.499701 2.279489 39.994965
v 0.529209 0.760345 38.068192
v 12.201735 5.222985 50.876316
v 2.817651 4.013172 55.751068
v -4.139293 3.842748 50.855213
v -1.941777 3.546255 42.485985
v 6.277501 2.298853 43.299828
v 3.417266 5.439433 50.554947
v 11.443668 5.606404 48.723412
v 0.704100 5.011650 49.608368
v 0.379571 6.250290 46.465477
v 3.461358 6.825578 45.855896
v 6.142058 5.609011 46.074799
v 9.137575 4.314268 46.186253
v 6.318048 3.335118 44.761837
v 0.818904 6.161420 43.411613
v 1.287373 4.839710 41.033417
v -0.999439 4.978973 41.945847
v -1.593132 4.954092 48.238552
v -2.584646 3.565847 47.309498
v -2.505962 3.602778 49.938133
v 1.303629 5.426648 52.026859
v -0.298543 5.681950 53.222500
v 1.991491 5.006975 53.977757
v 6.189269 5.641556 51.526447
v 7.152539 4.135595 53.769119
v 9.081156 5.184443 51.444378
v 10.982769 3.103714 45.131737
v 9.461159 2.262925 44.309048
v 7.924812 2.649699 43.606983
v 0.913287 3.099095 38.280495
v -0.855064 1.854370 39.389050
v -1.750290 2.842113 40.548325
v -4.888155 3.560223 47.650497
v -4.836317 4.102020 48.767998
v -5.482893 4.357557 49.764080
v -2.135368 5.910060 57.013828
v -0.874574 5.344134 59.079384
v 1.515684 5.105714 57.623230
v 9.604191 4.451402 56.406197
v 11.687267 4.183183 56.086048
v 11.679949 4.244520 53.027237
v 5.511041 1.804032 38.641350
v 5.690705 1.257713 40.633728
v 3.672674 0.656697 38.479233
v -4.501216 2.241775 43.402431
v -3.726012 2.422469 41.880890
v -4.795238 1.801851 44.780628
v -7.007684 4.066711 55.278107
v -7.523902 3.098871 53.780243
v -6.370059 3.087674 57.504326
v 5.891183 4.681704 59.401955
v 4.363868 3.640773 58.688522
v 6.483030 3.883797 57.351330
v 11.733351 3.710608 49.272655
v 11.570185 3.040742 51.769112
v 10.808159 1.973754 47.939350
v 5.124465 0.937249 43.689362
v 3.845485 0.066298 45.382500
v 2.830037 0.336483 41.856632
v -0.568202 3.018833 44.311295
v -0.270120 2.909607 47.054642
v -2.363920 2.588151 46.869179
v -4.092909 2.546278 52.010521
v -1.256047 1.452498 52.369732
v -3.206248 2.613294 54.894104
v 9.531889 1.383942 47.229713
v 10.351561 1.972509 50.654545
v 7.193796 1.139660 49.211086
v 3.259083 2.152640 55.942570
v 4.065038 1.768208 53.297340
v 6.062795 2.785294 53.860825
vn 0.0469 -0.9772 -0.2072
vn -0.1654 -0.9677 0.1900
vn -0.2287 -0.9325 -0.2796
vn -0.2242 -0.9729 -0.0561
vn -0.5056 -0.8623 0.0288
vn 0.0234 -0.9578 0.2864
vn 0.2752 -0.3190 0.9069
vn -0.9493 0.2565 -0.1817
vn -0.1789 -0.8875 0.4246
vn -0.2733 -0.7197 0.6382
vn 0.0112 -0.9823 0.1871
vn 0.0681 0.0573 0.9960
vn -0.3705 0.8130 -0.4491
vn -0.4758 -0.5721 -0.6680
vn -0.4742 -0.4161 0.7759
vn -0.0490 0.9736 -0.2230
vn -0.1985 0.9086 -0.3675
vn -0.8301 0.4789 -0.2857
vn 0.4902 0.8708 -0.0363
vn 0.0127 0.9080 -0.4187
vn 0.3481 0.9000 -0.2623
vn 0.3888 0.8745 -0.2900
vn 0.0756 0.8125 -0.5780
vn 0.3912 0.6889 -0.6102
vn 0.4090 0.8295 -0.3804
vn -0.8444 0.4402 -0.3054
vn -0.4411 0.8839 0.1555
vn -0.8414 0.5299 0.1061
vn 0.0321 0.9795 -0.1990
vn -0.0875 0.9852 -0.1474
vn -0.0320 0.9678 -0.2495
vn 0.4838 0.8401 0.2454
vn -0.1776 0.9332 0.3125
vn 0.0299 0.8357 0.5483
vn 0.0948 0.8122 0.5757
vn 0.4812 -0.8014 -0.3552
vn 0.5918 -0.7236 -0.3551
vn 0.9260 -0.1387 -0.3511
vn -0.3005 -0.2565 -0.9186
vn -0.3379 -0.3110 -0.8883
vn -0.3284 0.9194 -0.2163
vn -0.5216 0.6984 -0.4901
vn -0.4041 -0.8156 0.4142
vn -0.4832 0.8722 -0.0763
vn -0.2151 0.9764 -0.0204
vn -0.0419 0.9568 0.2877
vn 0.2323 0.9456 0.2277
vn -0.0822 0.9597 -0.2689
vn 0.0971 0.9775 -0.1870
vn 0.1262 0.9514 0.2808
vn 0.7529 -0.5541 -0.3552
vn 0.5968 -0.7585 -0.2618
vn 0.3016 -0.9510 -0.0686
vn -0.5069 0.8382 -0.2012
vn 0.8772 -0.2345 0.4190
vn 0.2949 -0.9555 -0.0013
vn -0.4648 0.8807 -0.0909
vn -0.7626 0.6305 -0.1445
vn -0.0874 -0.9727 0.2151
vn -0.0528 0.8265 -0.5604
vn 0.0156 -0.5808 0.8139
vn 0.4396 -0.8045 0.3994
vn 0.4335 -0.9012 -0.0023
vn 0.7440 -0.6559 -0.1274
vn 0.7019 0.6854 -0.1938
vn 0.7043 -0.6023 -0.3758
vn 0.2958 -0.9218 -0.2507
vn -0.5322 -0.8301 0.1661
vn -0.5359 -0.8276 0.1672
vn -0.5400 -0.8413 0.0252
vn -0.0504 -0.9987 -0.0081
vn -0.0458 -0.9982 -0.0381
vn -0.3190 -0.9121 -0.2575
vn -0.1823 -0.9239 0.3364
vn 0.2877 -0.9400 -0.1833
vn -0.1143 -0.9742 0.1948
vn 0.1361 -0.9152 0.3793
vn -0.0438 -0.9278 0.3705
vn 0.0943 -0.9807 0.1713
vn 0.1693 -0.9210 0.3508
vn 0.3551 -0.9251 0.1346
vn 0.1655 -0.9360 0.3106
vn -0.0518 -0.9910 0.1232
vn 0.2979 -0.9478 0.1132
vn 0.3837 -0.8900 0.2462
vn 0.3117 -0.8488 0.4270
vn -0.1059 -0.9789 0.1748
vn -0.1225 -0.9676 0.2210
vn 0.2063 -0.9380 0.2787
vn 0.1940 -0.9702 0.1452
vn 0.0974 -0.9417 0.3219
vn -0.2939 -0.9019 0.3165
vn 0.2169 -0.9666 0.1368
vn 0.2021 -0.9721 0.1187
vn 0.0661 -0.9200 0.3863
vn -0.1730 -0.9544 -0.2432
vn -0.1186 -0.9060 -0.4062
vn 0.3242 -0.6320 -0.7039
vn 0.0323 -0.9923 0.1194
vn -0.0003 -0.9934 0.1146
vn 0.0135 -0.9820 0.1883
vn 0.0332 -0.9994 0.0130
vn -0.3713 -0.9186 0.1355
vn -0.1937 -0.9395 0.2824
vn 0.1337 -0.9746 0.1799
vn -0.1105 -0.9935 -0.0267
vn -0.0954 -0.9914 -0.0897
vn 0.3074 -0.9515 0.0102
vn 0.2891 -0.8945 0.3411
vn 0.0934 -0.9157 0.3908
vn 0.2631 -0.9645 0.0223
vn 0.1564 -0.9861 -0.0563
vn 0.1548 -0.9873 -0.0364
vn -0.2421 -0.8825 0.4031
vn -0.2658 -0.9162 0.3000
vn 0.2640 -0.9545 0.1386
vn 0.2452 -0.9695 0.0030
vn -0.5346 -0.8204 0.2029
vn -0.2337 -0.8859 0.4007
vn 0.2484 -0.9686 0.0066
vn 0.3806 -0.9072 -0.1791
vn -0.5948 -0.7963 0.1103
vn -0.0179 -0.9985 0.0524
vn 0.7052 -0.4927 -0.5098
vn 0.8566 -0.4732 -0.2055
vn 0.7377 -0.6633 -0.1263
vn 0.5556 -0.8257 -0.0978
vn -0.2609 -0.9546 -0.1440
vn 0.8831 -0.4692 -0.0016
vn 0.8989 -0.4344 -0.0578
vn 0.8133 0.4981 -0.3006
vn 0.8241 -0.5403 0.1702
vn 0.3242 -0.9084 0.2641
vn 0.3028 -0.9230 0.2374
vn -0.0286 -0.6011 0.7987
vn -0.0333 -0.9925 0.1173
vn -0.0524 -0.9886 0.1415
vn 0.2351 -0.8810 0.4106
vn 0.3644 -0.8275 0.4272
vn 0.3948 -0.7811 0.4837
vn -0.2286 0.9368 -0.2650
vn -0.2242 0.9625 -0.1530
vn 0.0384 0.9693 0.2430
vn -0.4978 -0.1256 0.8581
vn -0.1670 -0.7975 0.5797
vn -0.1596 -0.8007 0.5774
vn -0.8613 0.3257 0.3899
vn -0.9539 0.0511 0.2957
vn -0.5826 -0.7930 0.1781
vn 0.1675 0.9511 -0.2595
vn -0.5235 0.8434 -0.1211
vn -0.5621 0.8266 0.0259
vn -0.8749 0.4425 -0.1969
vn -0.9819 -0.1415 -0.1256
vn -0.5431 0.6198 -0.5664
vn -0.9458 0.3079 -0.1035
vn -0.5233 -0.7731 -0.3584
vn 0.2729 -0.9564 -0.1041
vn -0.2462 0.9692 -0.0000
vn -0.4848 0.8711 -0.0783
vn -0.1553 0.9735 -0.1676
vn 0.1167 -0.2614 -0.9582
vn 0.1013 -0.4489 -0.8878
vn -0.3003 -0.8935 -0.3340
vn 0.2019 -0.1877 -0.9612
vn 0.5269 -0.8063 -0.2686
vn 0.3686 -0.9255 -0.0870
vn 0.1973 0.9795 0.0395
vn 0.7811 0.1202 -0.6127
vn 0.1562 -0.7184 -0.6778
vn -0.1181 0.9144 0.3873
vn 0.3803 0.8036 0.4578
vn 0.4123 0.6269 0.6611
vn -0.2285 0.9531 -0.1987
vn 0.1306 0.9912 0.0196
vn 0.0567 0.9982 0.0199
vn -0.1138 0.9121 -0.3937
vn -0.2167 0.8868 -0.4082
vn -0.2662 0.9447 -0.1915
vn 0.5528 0.8275 -0.0984
vn 0.4175 0.8807 -0.2236
vn 0.0648 0.9947 -0.0805
vn 0.2032 0.9765 0.0713
vn 0.1886 0.9704 0.1507
vn 0.2328 0.9456 0.2273
vn -0.1850 0.9051 -0.3828
vn -0.1288 0.9604 -0.2469
vn -0.0197 0.9657 -0.2590
vn 0.5001 0.8373 -0.2208
vn 0.3351 0.9416 0.0316
vn 0.1415 0.9760 -0.1657
vn 0.5378 0.8276 -0.1609
vn 0.2848 -0.8677 0.4075
vn -0.8043 -0.4279 -0.4123
vn -0.2494 0.9684 -0.0062
vn 0.2793 0.9204 -0.2736
vn 0.3946 0.9143 -0.0918
vn -0.8130 0.5169 -0.2682
vn -0.5194 0.7854 -0.3367
vn -0.4190 0.9050 0.0731
vn -0.6502 0.0458 -0.7584
vn -0.6396 0.2665 -0.7210
vn -0.3560 0.5575 -0.7500
vn 0.4800 0.8771 -0.0155
vn -0.2515 0.3351 -0.9080
vn -0.3233 0.4586 -0.8278
vn -0.1672 0.9644 -0.2049
vn -0.2048 0.9786 -0.0195
vn 0.2010 0.9796 0.0078
vn 0.0640 0.9140 -0.4006
vn 0.4332 0.0933 -0.8965
vn 0.4079 0.7904 -0.4571
vn 0.5601 0.4108 -0.7194
vn 0.5404 0.1840 -0.8210
vn 0.1491 0.5676 -0.8097
vn 0.0215 0.9850 0.1714
vn 0.0186 0.9854 0.1690
vn -0.0155 0.9834 0.1806
vn 0.1583 0.9805 0.1164
vn 0.1486 0.8493 0.5065
vn 0.2370 0.7967 0.5560
vn -0.2662 0.9142 0.3055
vn -0.1941 0.9109 0.3642
vn 0.3006 0.9300 0.2113
vn 0.3236 0.8270 0.4598
vn 0.3928 0.8681 0.3035
vn 0.1578 0.9527 -0.2598
vn 0.1962 0.9706 0.1396
vn 0.2437 0.9623 0.1211
vn 0.2904 0.9566 -0.0255
vn -0.2504 0.9199 0.3019
vn -0.1054 0.9841 -0.1428
vn 0.1580 0.9590 0.2352
vn -0.5801 0.7932 -0.1849
vn -0.0221 0.9569 -0.2897
vn -0.0985 0.9786 -0.1806
vn -0.7020 0.6910 0.1724
vn -0.8188 0.5738 0.0164
vn -0.0744 0.9972 -0.0118
vn -0.1926 0.9060 0.3769
vn -0.2473 0.8925 0.3773
vn 0.0023 0.9989 -0.0458
vn -0.9229 0.2619 -0.2823
vn -0.8509 0.5044 -0.1465
vn -0.8410 0.5204 -0.1481
vn -0.3598 0.8921 -0.2733
vn -0.1487 0.8516 -0.5026
vn -0.0409 0.9673 -0.2502
vn -0.1201 0.9497 0.2892
vn -0.1940 0.9794 -0.0564
vn -0.2725 0.9598 -0.0671
vn 0.5592 0.5914 -0.5809
vn 0.4858 0.7067 -0.5144
vn 0.3843 0.9196 -0.0811
vn 0.5204 0.4568 -0.7214
vn 0.2465 0.4988 -0.8309
vn 0.0691 0.7530 -0.6544
vn -0.2665 0.9342 0.2372
vn 0.4178 0.8801 -0.2255
vn 0.3659 0.6948 -0.6192
vn 0.0081 0.8881 -0.4596
vn -0.0291 0.9012 -0.4325
vn -0.0074 0.7590 -0.6510
vn 0.6189 0.5646 -0.5461
vn 0.5539 0.8297 -0.0686
vn 0.0077 0.9536 -0.3010
vn -0.9561 0.2597 -0.1358
vn -0.6332 0.7735 -0.0271
vn -0.4125 0.8192 -0.3983
vn -0.5399 0.8357 -0.1007
vn -0.4034 0.8459 -0.3488
vn -0.1114 0.9838 0.1403
vn 0.0167 0.8113 0.5844
vn -0.2211 0.9617 0.1620
vn 0.1972 0.9786 0.0589
vn 0.6941 0.2060 -0.6898
vn 0.1523 -0.8773 -0.4552
vn -0.0785 -0.9815 0.1745
vn -0.2628 0.5896 -0.7638
vn -0.1885 0.6501 -0.7361
vn -0.2253 0.7571 -0.6132
vn -0.9086 0.3376 -0.2457
vn -0.7595 0.4501 -0.4696
vn -0.7167 0.6035 -0.3495
vn -0.1026 0.5076 0.8555
vn 0.0501 0.3339 0.9413
vn 0.0385 0.3155 0.9481
vn 0.5871 0.0455 0.8082
vn 0.5309 0.2707 0.8030
vn 0.5687 0.8023 0.1815
vn 0.4641 -0.8857 -0.0112
vn -0.2451 -0.8564 0.4544
vn 0.3022 -0.8601 0.4111
vn -0.8320 -0.4111 -0.3726
vn 0.0331 -0.9258 0.3765
vn -0.0224 -0.9996 -0.0165
vn -0.8442 0.4606 -0.2742
vn -0.9331 -0.1343 -0.3335
vn -0.4154 -0.9078 -0.0579
vn 0.1425 -0.3950 0.9075
vn 0.1237 -0.4677 0.8752
vn 0.3561 -0.8012 0.4808
vn 0.7633 -0.6141 -0.2007
vn 0.6852 0.6578 -0.3127
vn 0.7273 0.5861 -0.3572
vn 0.1528 -0.9838 0.0934
vn -0.5371 -0.8008 0.2649
vn -0.6060 -0.7770 0.1706
vn -0.4117 -0.9021 0.1291
vn -0.3964 -0.9018 -0.1720
vn -0.1538 -0.9537 -0.2584
vn -0.1469 -0.9388 -0.3115
vn -0.1620 -0.9335 -0.3198
vn -0.1023 -0.9759 0.1926
vn -0.0093 -0.9545 0.2980
vn -0.1401 -0.9074 0.3963
vn 0.0943 -0.8895 0.4471
vn 0.1322 -0.9459 0.2963
vn 0.2074 -0.9615 0.1805
vn 0.2242 -0.9571 0.1837
vt 0.180788 0.399754
vt 0.174942 0.421765
vt 0.203495 0.408639
vt 0.163818 0.505665
vt 0.156790 0.481741
vt 0.134972 0.494423
vt 0.199880 0.386949
vt 0.167912 0.379811
vt 0.153236 0.397480
vt 0.149638 0.514960
vt 0.276244 0.454339
vt 0.243818 0.463806
vt 0.267114 0.468534
vt 0.253910 0.327077
vt 0.278242 0.347173
vt 0.270254 0.342132
vt 0.117286 0.284172
vt 0.149663 0.303982
vt 0.135191 0.275641
vt 0.091132 0.413045
vt 0.101774 0.382636
vt 0.092359 0.399523
vt 0.184587 0.509362
vt 0.302566 0.441485
vt 0.234425 0.325099
vt 0.100893 0.287860
vt 0.086338 0.427421
vt 0.218121 0.479895
vt 0.192346 0.489932
vt 0.205001 0.460024
vt 0.275291 0.385579
vt 0.272726 0.417332
vt 0.248975 0.393347
vt 0.190038 0.323810
vt 0.213323 0.334171
vt 0.184437 0.328579
vt 0.078090 0.344074
vt 0.077865 0.308505
vt 0.108623 0.360735
vt 0.077259 0.509636
vt 0.075386 0.467299
vt 0.102376 0.484563
vt 0.131476 0.459712
vt 0.122180 0.423600
vt 0.153422 0.441704
vt 0.099937 0.440069
vt 0.090583 0.420844
vt 0.100245 0.385326
vt 0.111477 0.401698
vt 0.123499 0.380597
vt 0.145638 0.352777
vt 0.144411 0.405499
vt 0.116488 0.329285
vt 0.117560 0.294508
vt 0.163268 0.309586
vt 0.148945 0.315595
vt 0.183999 0.338246
vt 0.214429 0.370713
vt 0.181458 0.378633
vt 0.212191 0.348872
vt 0.241205 0.347053
vt 0.255609 0.366673
vt 0.232418 0.371900
vt 0.229501 0.400777
vt 0.219402 0.428559
vt 0.204104 0.402455
vt 0.244809 0.426308
vt 0.251306 0.446047
vt 0.229444 0.456020
vt 0.226898 0.445126
vt 0.201065 0.451990
vt 0.171684 0.464433
vt 0.187882 0.434555
vt 0.180021 0.474244
vt 0.161397 0.483066
vt 0.116489 0.500027
vt 0.146399 0.481402
vt 0.087795 0.445560
vt 0.078735 0.438710
vt 0.073672 0.480326
vt 0.084985 0.416943
vt 0.080017 0.379057
vt 0.066684 0.360500
vt 0.089311 0.402216
vt 0.079906 0.308676
vt 0.094003 0.294528
vt 0.053863 0.316883
vt 0.123824 0.287991
vt 0.160738 0.280108
vt 0.180810 0.300865
vt 0.142580 0.291284
vt 0.219863 0.318210
vt 0.237014 0.331337
vt 0.208877 0.317482
vt 0.247628 0.343323
vt 0.285217 0.356436
vt 0.288255 0.369031
vt 0.263057 0.347210
vt 0.325387 0.426431
vt 0.291062 0.441186
vt 0.309946 0.402627
vt 0.289578 0.460613
vt 0.253732 0.480092
vt 0.240022 0.484235
vt 0.257443 0.466459
vt 0.200694 0.515616
vt 0.180789 0.507799
vt 0.215718 0.507438
vt 0.162554 0.516690
vt 0.128975 0.505395
vt 0.097998 0.504011
vt 0.139263 0.500648
vt 0.062646 0.339003
vt 0.082574 0.355779
vt 0.094326 0.341286
vt 0.095567 0.304555
vt 0.079589 0.319399
vt 0.194189 0.293036
vt 0.173674 0.285405
vt 0.188680 0.316498
vt 0.225931 0.319528
vt 0.207436 0.303108
vt 0.314878 0.379640
vt 0.303809 0.360034
vt 0.296608 0.375419
vt 0.295563 0.420040
vt 0.315957 0.397010
vt 0.231196 0.502682
vt 0.235447 0.481071
vt 0.216497 0.468372
vt 0.189088 0.484349
vt 0.210614 0.488788
vt 0.108500 0.474835
vt 0.130860 0.483407
vt 0.114003 0.460334
vt 0.093314 0.431602
vt 0.106963 0.448549
vt 0.129709 0.400650
vt 0.115019 0.373982
vt 0.107625 0.408401
vt 0.139324 0.373750
vt 0.150251 0.352371
vt 0.130755 0.318556
vt 0.117751 0.340110
vt 0.166910 0.338652
vt 0.187586 0.364382
vt 0.220644 0.367926
vt 0.241501 0.343767
vt 0.204102 0.344257
vt 0.257619 0.371584
vt 0.231919 0.391213
vt 0.229530 0.419076
vt 0.259780 0.440644
vt 0.269331 0.399692
vt 0.111242 0.432053
vt 0.131747 0.461790
vt 0.162592 0.451673
vt 0.143869 0.427454
vt 0.221949 0.448351
vt 0.197194 0.435430
vt 0.187485 0.458148
vt 0.175058 0.414137
s 0
f 6122/1258/7220 6195/1259/7220 6164/1260/7220
f 6123/1261/7221 6165/1262/7221 6167/1263/7221
f 6122/1258/7222 6164/1260/7222 6169/1264/7222
f 6122/1258/7223 6169/1264/7223 6171/1265/7223
f 6122/1258/7224 6171/1265/7224 6198/1266/7224
f 6123/1261/7225 6167/1263/7225 6174/1267/7225
f 6124/1268/7226 6166/1269/7226 6176/1270/7226
f 6125/1271/7227 6170/1272/7227 6178/1273/7227
f 6126/1274/7228 6172/1275/7228 6180/1276/7228
f 6127/1277/7229 6173/1278/7229 6182/1279/7229
f 6123/1261/7230 6174/1267/7230 6207/1280/7230
f 6124/1268/7231 6176/1270/7231 6209/1281/7231
f 6125/1271/7232 6178/1273/7232 6211/1282/7232
f 6126/1274/7233 6180/1276/7233 6213/1283/7233
f 6127/1277/7234 6182/1279/7234 6205/1284/7234
f 6128/1285/7235 6184/1286/7235 6189/1287/7235
f 6129/1288/7236 6185/1289/7236 6191/1290/7236
f 6130/1291/7237 6186/1292/7237 6192/1293/7237
f 6131/1294/7238 6187/1295/7238 6193/1296/7238
f 6132/1297/7239 6188/1298/7239 6220/1299/7239
f 6160/1300/7240 6224/1301/7240 6190/1302/7240
f 6160/1300/7241 6225/1303/7241 6224/1301/7241
f 6158/1304/7242 6218/1305/7242 6226/1306/7242
f 6163/1307/7243 6227/1308/7243 6223/1309/7243
f 6163/1307/7244 6228/1310/7244 6227/1308/7244
f 6157/1311/7245 6217/1312/7245 6229/1313/7245
f 6162/1314/7246 6230/1315/7246 6222/1316/7246
f 6162/1314/7247 6231/1317/7247 6230/1315/7247
f 6156/1318/7248 6216/1319/7248 6232/1320/7248
f 6161/1321/7249 6233/1322/7249 6221/1323/7249
f 6161/1321/7250 6234/1324/7250 6233/1322/7250
f 6155/1325/7251 6215/1326/7251 6235/1327/7251
f 6159/1328/7252 6236/1329/7252 6219/1330/7252
f 6159/1328/7253 6237/1331/7253 6236/1329/7253
f 6154/1332/7254 6214/1333/7254 6238/1334/7254
f 6145/1335/7255 6239/1336/7255 6175/1337/7255
f 6145/1335/7256 6240/1338/7256 6239/1336/7256
f 6152/1339/7257 6212/1340/7257 6241/1341/7257
f 6153/1342/7258 6242/1343/7258 6183/1344/7258
f 6153/1342/7259 6243/1345/7259 6242/1343/7259
f 6150/1346/7260 6210/1347/7260 6244/1348/7260
f 6151/1349/7261 6245/1350/7261 6181/1351/7261
f 6151/1349/7262 6246/1352/7262 6245/1350/7262
f 6148/1353/7263 6208/1354/7263 6247/1355/7263
f 6149/1356/7264 6248/1357/7264 6179/1358/7264
f 6149/1356/7265 6249/1359/7265 6248/1357/7265
f 6146/1360/7266 6206/1361/7266 6250/1362/7266
f 6147/1363/7267 6251/1364/7267 6177/1365/7267
f 6147/1363/7268 6252/1366/7268 6251/1364/7268
f 6144/1367/7269 6204/1368/7269 6253/1369/7269
f 6152/1339/7270 6254/1370/7270 6212/1340/7270
f 6152/1339/7271 6255/1371/7271 6254/1370/7271
f 6143/1372/7272 6203/1373/7272 6256/1374/7272
f 6150/1346/7273 6257/1375/7273 6210/1347/7273
f 6150/1346/7274 6258/1376/7274 6257/1375/7274
f 6142/1377/7275 6202/1378/7275 6259/1379/7275
f 6148/1353/7276 6260/1380/7276 6208/1354/7276
f 6148/1353/7277 6261/1381/7277 6260/1380/7277
f 6140/1382/7278 6200/1383/7278 6262/1384/7278
f 6146/1360/7279 6263/1385/7279 6206/1361/7279
f 6146/1360/7280 6264/1386/7280 6263/1385/7280
f 6136/1387/7281 6196/1388/7281 6265/1389/7281
f 6144/1367/7282 6266/1390/7282 6204/1368/7282
f 6144/1367/7283 6267/1391/7283 6266/1390/7283
f 6137/1392/7284 6197/1393/7284 6268/1394/7284
f 6138/1395/7285 6269/1396/7285 6168/1397/7285
f 6138/1395/7286 6270/1398/7286 6269/1396/7286
f 6141/1399/7287 6201/1400/7287 6271/1401/7287
f 6141/1399/7288 6272/1402/7288 6201/1400/7288
f 6141/1399/7289 6273/1403/7289 6272/1402/7289
f 6139/1404/7290 6199/1405/7290 6274/1406/7290
f 6139/1404/7291 6275/1407/7291 6199/1405/7291
f 6139/1404/7292 6276/1408/7292 6275/1407/7292
f 6134/1409/7293 6194/1410/7293 6277/1411/7293
f 6137/1392/7294 6278/1412/7294 6197/1393/7294
f 6137/1392/7295 6279/1413/7295 6278/1412/7295
f 6135/1414/7296 6195/1259/7296 6280/1415/7296
f 6134/1409/7297 6281/1416/7297 6194/1410/7297
f 6134/1409/7298 6282/1417/7298 6281/1416/7298
f 6135/1414/7299 6165/1262/7299 6283/1418/7299
f 6283/1418/7300 6196/1388/7300 6136/1387/7300
f 6283/1418/7301 6165/1262/7301 6196/1388/7301
f 6165/1262/7302 6123/1261/7302 6196/1388/7302
f 6281/1416/7303 6283/1418/7303 6136/1387/7303
f 6281/1416/7304 6282/1417/7304 6283/1418/7304
f 6282/1417/7305 6135/1414/7305 6283/1418/7305
f 6194/1410/7306 6166/1269/7306 6124/1268/7306
f 6194/1410/7307 6281/1416/7307 6166/1269/7307
f 6281/1416/7308 6136/1387/7308 6166/1269/7308
f 6280/1415/7309 6198/1266/7309 6138/1395/7309
f 6280/1415/7310 6195/1259/7310 6198/1266/7310
f 6195/1259/7311 6122/1258/7311 6198/1266/7311
f 6278/1412/7312 6280/1415/7312 6138/1395/7312
f 6278/1412/7313 6279/1413/7313 6280/1415/7313
f 6279/1413/7314 6135/1414/7314 6280/1415/7314
f 6197/1393/7315 6168/1397/7315 6127/1277/7315
f 6197/1393/7316 6278/1412/7316 6168/1397/7316
f 6278/1412/7317 6138/1395/7317 6168/1397/7317
f 6277/1411/7318 6200/1383/7318 6140/1382/7318
f 6277/1411/7319 6194/1410/7319 6200/1383/7319
f 6194/1410/7320 6124/1268/7320 6200/1383/7320
f 6275/1407/7321 6277/1411/7321 6140/1382/7321
f 6275/1407/7322 6276/1408/7322 6277/1411/7322
f 6276/1408/7323 6134/1409/7323 6277/1411/7323
f 6199/1405/7324 6170/1272/7324 6125/1271/7324
f 6199/1405/7325 6275/1407/7325 6170/1272/7325
f 6275/1407/7326 6140/1382/7326 6170/1272/7326
f 6274/1406/7327 6202/1378/7327 6142/1377/7327
f 6274/1406/7328 6199/1405/7328 6202/1378/7328
f 6199/1405/7329 6125/1271/7329 6202/1378/7329
f 6272/1402/7330 6274/1406/7330 6142/1377/7330
f 6272/1402/7331 6273/1403/7331 6274/1406/7331
f 6273/1403/7332 6139/1404/7332 6274/1406/7332
f 6201/1400/7333 6172/1275/7333 6126/1274/7333
f 6201/1400/7334 6272/1402/7334 6172/1275/7334
f 6272/1402/7335 6142/1377/7335 6172/1275/7335
f 6271/1401/7336 6203/1373/7336 6143/1372/7336
f 6271/1401/7337 6201/1400/7337 6203/1373/7337
f 6201/1400/7338 6126/1274/7338 6203/1373/7338
f 6269/1396/7339 6271/1401/7339 6143/1372/7339
f 6269/1396/7340 6270/1398/7340 6271/1401/7340
f 6270/1398/7341 6141/1399/7341 6271/1401/7341
f 6168/1397/7342 6173/1278/7342 6127/1277/7342
f 6168/1397/7343 6269/1396/7343 6173/1278/7343
f 6269/1396/7344 6143/1372/7344 6173/1278/7344
f 6268/1394/7345 6205/1284/7345 6145/1335/7345
f 6268/1394/7346 6197/1393/7346 6205/1284/7346
f 6197/1393/7347 6127/1277/7347 6205/1284/7347
f 6266/1390/7348 6268/1394/7348 6145/1335/7348
f 6266/1390/7349 6267/1391/7349 6268/1394/7349
f 6267/1391/7350 6137/1392/7350 6268/1394/7350
f 6204/1368/7351 6175/1337/7351 6132/1297/7351
f 6204/1368/7352 6266/1390/7352 6175/1337/7352
f 6266/1390/7353 6145/1335/7353 6175/1337/7353
f 6265/1389/7354 6207/1280/7354 6147/1363/7354
f 6265/1389/7355 6196/1388/7355 6207/1280/7355
f 6196/1388/7356 6123/1261/7356 6207/1280/7356
f 6263/1385/7357 6265/1389/7357 6147/1363/7357
f 6263/1385/7358 6264/1386/7358 6265/1389/7358
f 6264/1386/7359 6136/1387/7359 6265/1389/7359
f 6206/1361/7360 6177/1365/7360 6128/1285/7360
f 6206/1361/7361 6263/1385/7361 6177/1365/7361
f 6263/1385/7362 6147/1363/7362 6177/1365/7362
f 6262/1384/7363 6209/1281/7363 6149/1356/7363
f 6262/1384/7364 6200/1383/7364 6209/1281/7364
f 6200/1383/7365 6124/1268/7365 6209/1281/7365
f 6260/1380/7366 6262/1384/7366 6149/1356/7366
f 6260/1380/7367 6261/1381/7367 6262/1384/7367
f 6261/1381/7368 6140/1382/7368 6262/1384/7368
f 6208/1354/7369 6179/1358/7369 6129/1288/7369
f 6208/1354/7370 6260/1380/7370 6179/1358/7370
f 6260/1380/7371 6149/1356/7371 6179/1358/7371
f 6259/1379/7372 6211/1282/7372 6151/1349/7372
f 6259/1379/7373 6202/1378/7373 6211/1282/7373
f 6202/1378/7374 6125/1271/7374 6211/1282/7374
f 6257/1375/7375 6259/1379/7375 6151/1349/7375
f 6257/1375/7376 6258/1376/7376 6259/1379/7376
f 6258/1376/7377 6142/1377/7377 6259/1379/7377
f 6210/1347/7378 6181/1351/7378 6130/1291/7378
f 6210/1347/7379 6257/1375/7379 6181/1351/7379
f 6257/1375/7380 6151/1349/7380 6181/1351/7380
f 6256/1374/7381 6213/1283/7381 6153/1342/7381
f 6256/1374/7382 6203/1373/7382 6213/1283/7382
f 6203/1373/7383 6126/1274/7383 6213/1283/7383
f 6254/1370/7384 6256/1374/7384 6153/1342/7384
f 6254/1370/7385 6255/1371/7385 6256/1374/7385
f 6255/1371/7386 6143/1372/7386 6256/1374/7386
f 6212/1340/7387 6183/1344/7387 6131/1294/7387
f 6212/1340/7388 6254/1370/7388 6183/1344/7388
f 6254/1370/7389 6153/1342/7389 6183/1344/7389
f 6253/1369/7390 6214/1333/7390 6154/1332/7390
f 6253/1369/7391 6204/1368/7391 6214/1333/7391
f 6204/1368/7392 6132/1297/7392 6214/1333/7392
f 6251/1364/7393 6253/1369/7393 6154/1332/7393
f 6251/1364/7394 6252/1366/7394 6253/1369/7394
f 6252/1366/7395 6144/1367/7395 6253/1369/7395
f 6177/1365/7396 6184/1286/7396 6128/1285/7396
f 6177/1365/7397 6251/1364/7397 6184/1286/7397
f 6251/1364/7398 6154/1332/7398 6184/1286/7398
f 6250/1362/7399 6215/1326/7399 6155/1325/7399
f 6250/1362/7400 6206/1361/7400 6215/1326/7400
f 6206/1361/7401 6128/1285/7401 6215/1326/7401
f 6248/1357/7402 6250/1362/7402 6155/1325/7402
f 6248/1357/7403 6249/1359/7403 6250/1362/7403
f 6249/1359/7404 6146/1360/7404 6250/1362/7404
f 6179/1358/7405 6185/1289/7405 6129/1288/7405
f 6179/1358/7406 6248/1357/7406 6185/1289/7406
f 6248/1357/7407 6155/1325/7407 6185/1289/7407
f 6247/1355/7408 6216/1319/7408 6156/1318/7408
f 6247/1355/7409 6208/1354/7409 6216/1319/7409
f 6208/1354/7410 6129/1288/7410 6216/1319/7410
f 6245/1350/7411 6247/1355/7411 6156/1318/7411
f 6245/1350/7412 6246/1352/7412 6247/1355/7412
f 6246/1352/7413 6148/1353/7413 6247/1355/7413
f 6181/1351/7414 6186/1292/7414 6130/1291/7414
f 6181/1351/7415 6245/1350/7415 6186/1292/7415
f 6245/1350/7416 6156/1318/7416 6186/1292/7416
f 6244/1348/7417 6217/1312/7417 6157/1311/7417
f 6244/1348/7418 6210/1347/7418 6217/1312/7418
f 6210/1347/7419 6130/1291/7419 6217/1312/7419
f 6242/1343/7420 6244/1348/7420 6157/1311/7420
f 6242/1343/7421 6243/1345/7421 6244/1348/7421
f 6243/1345/7422 6150/1346/7422 6244/1348/7422
f 6183/1344/7423 6187/1295/7423 6131/1294/7423
f 6183/1344/7424 6242/1343/7424 6187/1295/7424
f 6242/1343/7425 6157/1311/7425 6187/1295/7425
f 6241/1341/7426 6218/1305/7426 6158/1304/7426
f 6241/1341/7427 6212/1340/7427 6218/1305/7427
f 6212/1340/7428 6131/1294/7428 6218/1305/7428
f 6239/1336/7429 6241/1341/7429 6158/1304/7429
f 6239/1336/7430 6240/1338/7430 6241/1341/7430
f 6240/1338/7431 6152/1339/7431 6241/1341/7431
f 6175/1337/7432 6188/1298/7432 6132/1297/7432
f 6175/1337/7433 6239/1336/7433 6188/1298/7433
f 6239/1336/7434 6158/1304/7434 6188/1298/7434
f 6238/1334/7435 6220/1299/7435 6160/1300/7435
f 6238/1334/7436 6214/1333/7436 6220/1299/7436
f 6214/1333/7437 6132/1297/7437 6220/1299/7437
f 6236/1329/7438 6238/1334/7438 6160/1300/7438
f 6236/1329/7439 6237/1331/7439 6238/1334/7439
f 6237/1331/7440 6154/1332/7440 6238/1334/7440
f 6219/1330/7441 6190/1302/7441 6133/1419/7441
f 6219/1330/7442 6236/1329/7442 6190/1302/7442
f 6236/1329/7443 6160/1300/7443 6190/1302/7443
f 6235/1327/7444 6189/1287/7444 6159/1328/7444
f 6235/1327/7445 6215/1326/7445 6189/1287/7445
f 6215/1326/7446 6128/1285/7446 6189/1287/7446
f 6233/1322/7447 6235/1327/7447 6159/1328/7447
f 6233/1322/7448 6234/1324/7448 6235/1327/7448
f 6234/1324/7449 6155/1325/7449 6235/1327/7449
f 6221/1323/7450 6219/1330/7450 6133/1419/7450
f 6221/1323/7451 6233/1322/7451 6219/1330/7451
f 6233/1322/7452 6159/1328/7452 6219/1330/7452
f 6232/1320/7453 6191/1290/7453 6161/1321/7453
f 6232/1320/7454 6216/1319/7454 6191/1290/7454
f 6216/1319/7455 6129/1288/7455 6191/1290/7455
f 6230/1315/7456 6232/1320/7456 6161/1321/7456
f 6230/1315/7457 6231/1317/7457 6232/1320/7457
f 6231/1317/7458 6156/1318/7458 6232/1320/7458
f 6222/1316/7459 6221/1323/7459 6133/1419/7459
f 6222/1316/7460 6230/1315/7460 6221/1323/7460
f 6230/1315/7461 6161/1321/7461 6221/1323/7461
f 6229/1313/7462 6192/1293/7462 6162/1314/7462
f 6229/1313/7463 6217/1312/7463 6192/1293/7463
f 6217/1312/7464 6130/1291/7464 6192/1293/7464
f 6227/1308/7465 6229/1313/7465 6162/1314/7465
f 6227/1308/7466 6228/1310/7466 6229/1313/7466
f 6228/1310/7467 6157/1311/7467 6229/1313/7467
f 6223/1309/7468 6222/1316/7468 6133/1419/7468
f 6223/1309/7469 6227/1308/7469 6222/1316/7469
f 6227/1308/7470 6162/1314/7470 6222/1316/7470
f 6226/1306/7471 6193/1296/7471 6163/1307/7471
f 6226/1306/7472 6218/1305/7472 6193/1296/7472
f 6218/1305/7473 6131/1294/7473 6193/1296/7473
f 6224/1301/7474 6226/1306/7474 6163/1307/7474
f 6224/1301/7475 6225/1303/7475 6226/1306/7475
f 6225/1303/7476 6158/1304/7476 6226/1306/7476
f 6190/1302/7477 6223/1309/7477 6133/1419/7477
f 6190/1302/7478 6224/1301/7478 6223/1309/7478
f 6224/1301/7479 6163/1307/7479 6223/1309/7479
f 6220/1299/7480 6225/1303/7480 6160/1300/7480
f 6220/1299/7481 6188/1298/7481 6225/1303/7481
f 6188/1298/7482 6158/1304/7482 6225/1303/7482
f 6193/1296/7483 6228/1310/7483 6163/1307/7483
f 6193/1296/7484 6187/1295/7484 6228/1310/7484
f 6187/1295/7485 6157/1311/7485 6228/1310/7485
f 6192/1293/7486 6231/1317/7486 6162/1314/7486
f 6192/1293/7487 6186/1292/7487 6231/1317/7487
f 6186/1292/7488 6156/1318/7488 6231/1317/7488
f 6191/1290/7489 6234/1324/7489 6161/1321/7489
f 6191/1290/7490 6185/1289/7490 6234/1324/7490
f 6185/1289/7491 6155/1325/7491 6234/1324/7491
f 6189/1287/7492 6237/1331/7492 6159/1328/7492
f 6189/1287/7493 6184/1286/7493 6237/1331/7493
f 6184/1286/7494 6154/1332/7494 6237/1331/7494
f 6205/1284/7495 6240/1338/7495 6145/1335/7495
f 6205/1284/7496 6182/1279/7496 6240/1338/7496
f 6182/1279/7497 6152/1339/7497 6240/1338/7497
f 6213/1283/7498 6243/1345/7498 6153/1342/7498
f 6213/1283/7499 6180/1276/7499 6243/1345/7499
f 6180/1276/7500 6150/1346/7500 6243/1345/7500
f 6211/1282/7501 6246/1352/7501 6151/1349/7501
f 6211/1282/7502 6178/1273/7502 6246/1352/7502
f 6178/1273/7503 6148/1353/7503 6246/1352/7503
f 6209/1281/7504 6249/1359/7504 6149/1356/7504
f 6209/1281/7505 6176/1270/7505 6249/1359/7505
f 6176/1270/7506 6146/1360/7506 6249/1359/7506
f 6207/1280/7507 6252/1366/7507 6147/1363/7507
f 6207/1280/7508 6174/1267/7508 6252/1366/7508
f 6174/1267/7509 6144/1367/7509 6252/1366/7509
f 6182/1279/7510 6255/1371/7510 6152/1339/7510
f 6182/1279/7511 6173/1278/7511 6255/1371/7511
f 6173/1278/7512 6143/1372/7512 6255/1371/7512
f 6180/1276/7513 6258/1376/7513 6150/1346/7513
f 6180/1276/7514 6172/1275/7514 6258/1376/7514
f 6172/1275/7515 6142/1377/7515 6258/1376/7515
f 6178/1273/7516 6261/1381/7516 6148/1353/7516
f 6178/1273/7517 6170/1272/7517 6261/1381/7517
f 6170/1272/7518 6140/1382/7518 6261/1381/7518
f 6176/1270/7519 6264/1386/7519 6146/1360/7519
f 6176/1270/7520 6166/1269/7520 6264/1386/7520
f 6166/1269/7521 6136/1387/7521 6264/1386/7521
f 6174/1267/7522 6267/1391/7522 6144/1367/7522
f 6174/1267/7523 6167/1263/7523 6267/1391/7523
f 6167/1263/7524 6137/1392/7524 6267/1391/7524
f 6198/1266/7525 6270/1398/7525 6138/1395/7525
f 6198/1266/7526 6171/1265/7526 6270/1398/7526
f 6171/1265/7527 6141/1399/7527 6270/1398/7527
f 6171/1265/7528 6273/1403/7528 6141/1399/7528
f 6171/1265/7529 6169/1264/7529 6273/1403/7529
f 6169/1264/7530 6139/1404/7530 6273/1403/7530
f 6169/1264/7531 6276/1408/7531 6139/1404/7531
f 6169/1264/7532 6164/1260/7532 6276/1408/7532
f 6164/1260/7533 6134/1409/7533 6276/1408/7533
f 6167/1263/7534 6279/1413/7534 6137/1392/7534
f 6167/1263/7535 6165/1262/7535 6279/1413/7535
f 6165/1262/7536 6135/1414/7536 6279/1413/7536
f 6164/1260/7537 6282/1417/7537 6134/1409/7537
f 6164/1260/7538 6195/1259/7538 6282/1417/7538
f 6195/1259/7539 6135/1414/7539 6282/1417/7539
o collidable.010
v 36.609528 0.420819 76.967468
v 44.403191 3.383461 83.724800
v 32.739880 3.384390 86.360397
v 27.845486 0.848527 75.282700
v 34.501736 -1.861537 66.205406
v 43.112728 0.864675 72.411903
v 38.445358 3.858578 84.353416
v 29.335482 3.317254 79.501976
v 31.825901 1.020665 71.578979
v 39.650475 0.195388 67.471405
v 48.708462 4.695854 77.021584
v 36.742584 4.602014 75.153481
v 34.252316 1.047485 81.563057
v 41.093948 1.552211 79.708328
v 38.151390 2.665285 84.281837
v 45.553379 0.670222 77.833443
v 40.582954 -0.924692 74.521568
v 31.998400 1.200293 76.311798
v 27.088425 1.767516 81.258102
v 35.886089 -0.144637 71.785042
v 31.560509 0.300831 71.283264
v 39.145378 -1.668383 68.415947
v 46.308529 3.731781 80.817619
v 45.484718 1.383371 74.457947
v 35.806713 4.506594 86.225967
v 41.763657 5.029664 85.690796
v 27.394798 2.874480 78.027168
v 28.001232 5.087561 84.678497
v 31.605618 -0.158243 67.850662
v 29.698441 0.817271 72.825569
v 41.886662 -0.105925 69.764313
v 37.886875 -1.004503 65.711319
v 42.715260 3.277324 81.244301
v 33.867142 4.980471 81.886856
v 29.711304 1.952547 75.446472
v 34.553177 1.704331 66.455017
v 43.398197 1.419727 72.722824
v 37.611008 4.036983 80.175972
v 41.994427 4.513641 76.253815
v 32.993797 3.945963 77.576630
v 32.772346 3.526003 71.250259
v 38.224369 3.017056 71.128578
v 35.622440 0.179482 79.421394
v 43.202324 2.789690 81.240318
v 35.808693 2.819790 85.662178
v 46.041443 2.334697 81.403160
v 41.723965 0.979742 72.964905
v 34.451969 0.854851 76.815712
v 27.184746 1.621884 77.770630
v 36.254147 0.354218 74.590401
v 33.365852 -0.024384 68.655884
v 40.507660 0.604731 70.969086
v 46.176525 3.389341 83.695343
v 48.124702 2.798251 75.637383
v 34.181908 4.233137 86.244286
v 40.149193 5.001057 85.905884
v 27.591324 1.900237 76.727425
v 27.974903 4.575369 81.943047
v 32.943810 -1.259154 66.541153
v 30.355307 0.727622 72.239952
v 42.283840 0.460726 71.662506
v 39.485699 0.022955 64.911789
v 40.989937 3.728228 83.717461
v 31.061102 4.570035 80.987900
v 30.847462 1.076302 73.459396
v 37.399204 1.181940 65.502777
v 46.609898 3.174388 74.478752
v 38.236618 3.015581 82.193825
v 39.196705 5.363401 75.492317
v 31.413208 3.237164 78.653404
v 32.375565 1.824551 71.317055
v 38.583099 1.064276 69.784004
v 33.185787 2.711622 84.375732
v 38.471058 0.480080 78.505920
v 40.929680 3.418174 83.207436
v 44.637280 0.443732 74.135124
v 38.727783 -0.918555 75.754601
v 29.453543 1.199068 75.644264
v 29.417173 2.770465 84.672409
v 35.316959 -0.626581 68.704140
v 29.250839 -0.062434 73.613312
v 37.085464 -2.582445 66.347404
v 47.753548 4.004118 78.371376
v 44.738609 0.447355 73.381065
v 37.099987 4.283567 85.963272
v 43.026314 3.867173 85.184265
v 27.800797 3.350834 78.851593
v 30.110992 3.941749 86.154152
v 31.342741 0.597102 69.837090
v 29.009661 0.522245 74.218697
v 41.435978 -0.089583 67.910286
v 35.721661 -2.040879 65.628609
v 45.938698 4.484874 78.790588
v 36.124905 3.661969 82.827942
v 29.712019 2.610812 77.335442
v 32.762993 1.243809 69.348969
v 40.874897 0.373397 71.141800
v 37.231422 4.384165 77.569847
v 45.399628 4.547543 76.540665
v 34.637543 3.747739 76.426590
v 34.617020 4.535614 73.125664
v 37.735012 5.117271 72.751823
v 40.399120 4.025268 73.403091
v 43.388699 2.850922 73.990669
v 40.747456 1.600101 72.442543
v 35.369419 4.044742 70.172707
v 36.102108 2.426176 68.059509
v 33.731586 2.617893 68.711670
v 32.494610 3.433029 74.856316
v 31.627398 1.901118 74.034935
v 31.434788 2.298569 76.627663
v 34.978176 4.506968 78.811607
v 33.257500 4.873340 79.794830
v 35.468803 4.378687 80.860542
v 39.885056 4.802363 78.774841
v 40.637901 3.646754 81.289429
v 42.777348 4.427831 79.045166
v 45.352661 1.565428 73.303261
v 43.938080 0.573734 72.457954
v 42.475754 0.813540 71.559662
v 36.042412 0.315707 65.551399
v 34.190689 -0.820219 66.640480
v 33.164509 0.288267 67.556557
v 29.301460 1.870932 74.142509
v 29.229000 2.561395 75.173553
v 28.479231 2.930291 76.055199
v 31.037050 5.559505 83.316040
v 32.088165 5.319731 85.555252
v 34.619141 4.958879 84.391411
v 42.799778 4.394755 84.087875
v 44.908951 4.149825 84.016922
v 45.215111 3.793219 80.993805
v 40.599873 -0.775479 66.544182
v 40.582932 -1.039195 68.600990
v 38.807510 -1.990407 66.360771
v 30.145245 -0.001905 70.178345
v 31.069613 -0.006538 68.731209
v 29.718548 -0.258648 71.568100
v 26.400753 3.347146 81.376877
v 26.057648 2.168619 79.983986
v 26.822538 2.700988 83.769722
v 38.795109 4.916677 86.638214
v 37.366989 3.741530 85.927773
v 39.608002 3.865246 84.787354
v 45.663216 2.754209 77.373802
v 45.255573 2.426313 79.910324
v 44.909401 0.824035 76.209091
v 39.711033 -0.957313 71.599876
v 38.279621 -1.628311 73.261772
v 37.627632 -1.872933 69.649162
v 33.950325 1.012883 71.357338
v 33.966587 1.288028 74.105202
v 31.908667 0.879796 73.758751
v 29.661224 1.486052 78.658340
v 32.464149 0.539583 79.446358
v 30.245476 1.973003 81.578484
v 43.722973 0.103845 75.464752
v 44.176167 1.178962 78.839142
v 41.198017 0.059966 77.218292
v 36.575600 1.859455 83.318787
v 37.655598 1.142965 80.845963
v 39.567413 2.288578 81.458778
vn 0.0844 -0.9944 -0.0638
vn -0.1677 -0.9374 0.3051
vn -0.1830 -0.9685 -0.1688
vn -0.2008 -0.9780 0.0574
vn -0.4913 -0.8655 0.0977
vn 0.0099 -0.9086 0.4175
vn 0.1858 -0.1837 0.9653
vn -0.9298 0.1999 -0.3091
vn -0.2067 -0.8264 0.5238
vn -0.3253 -0.6340 0.7016
vn 0.0085 -0.9468 0.3218
vn -0.0356 0.1946 0.9802
vn -0.3360 0.7323 -0.5922
vn -0.3949 -0.6723 -0.6262
vn -0.5444 -0.3209 0.7751
vn -0.0422 0.9321 -0.3598
vn -0.1749 0.8434 -0.5079
vn -0.8042 0.4096 -0.4306
vn 0.4766 0.8725 -0.1078
vn 0.0403 0.8424 -0.5373
vn 0.3580 0.8662 -0.3487
vn 0.4017 0.8384 -0.3684
vn 0.1209 0.7281 -0.6748
vn 0.4402 0.6111 -0.6579
vn 0.4319 0.7821 -0.4492
vn -0.8158 0.3682 -0.4460
vn -0.4695 0.8828 -0.0134
vn -0.8566 0.5132 -0.0527
vn 0.0359 0.9437 -0.3289
vn -0.0885 0.9527 -0.2907
vn -0.0225 0.9233 -0.3834
vn 0.4418 0.8802 0.1733
vn -0.2245 0.9611 0.1607
vn -0.0407 0.9032 0.4273
vn 0.0214 0.8856 0.4639
vn 0.5286 -0.8272 -0.1909
vn 0.6373 -0.7466 -0.1906
vn 0.9594 -0.1566 -0.2346
vn -0.2001 -0.3885 -0.8994
vn -0.2395 -0.4395 -0.8657
vn -0.3199 0.8708 -0.3734
vn -0.4801 0.6087 -0.6317
vn -0.4308 -0.7636 0.4811
vn -0.4874 0.8383 -0.2443
vn -0.2283 0.9574 -0.1771
vn -0.0874 0.9853 0.1465
vn 0.1917 0.9746 0.1162
vn -0.0703 0.9110 -0.4063
vn 0.0994 0.9454 -0.3103
vn 0.0806 0.9843 0.1572
vn 0.7946 -0.5738 -0.1982
vn 0.6332 -0.7683 -0.0933
vn 0.3230 -0.9417 0.0944
vn -0.4976 0.7868 -0.3651
vn 0.8333 -0.1480 0.5327
vn 0.3095 -0.9372 0.1607
vn -0.4677 0.8453 -0.2581
vn -0.7542 0.5810 -0.3058
vn -0.0926 -0.9365 0.3383
vn -0.0089 0.7403 -0.6722
vn -0.0584 -0.4636 0.8841
vn 0.4097 -0.7286 0.5489
vn 0.4466 -0.8792 0.1659
vn 0.7641 -0.6438 0.0396
vn 0.7065 0.6739 -0.2163
vn 0.7492 -0.6259 -0.2166
vn 0.3355 -0.9378 -0.0897
vn -0.5324 -0.8158 0.2260
vn -0.5362 -0.8132 0.2263
vn -0.5255 -0.8463 0.0878
vn -0.0325 -0.9915 0.1256
vn -0.0248 -0.9950 0.0965
vn -0.2755 -0.9481 -0.1589
vn -0.2003 -0.8746 0.4415
vn 0.3208 -0.9469 -0.0215
vn -0.1172 -0.9416 0.3157
vn 0.1118 -0.8503 0.5143
vn -0.0660 -0.8695 0.4894
vn 0.0927 -0.9448 0.3142
vn 0.1479 -0.8589 0.4903
vn 0.3549 -0.8867 0.2963
vn 0.1484 -0.8794 0.4524
vn -0.0475 -0.9661 0.2538
vn 0.3007 -0.9139 0.2728
vn 0.3713 -0.8359 0.4043
vn 0.2804 -0.7726 0.5696
vn -0.1068 -0.9487 0.2976
vn -0.1283 -0.9317 0.3398
vn 0.1923 -0.8844 0.4253
vn 0.1943 -0.9349 0.2970
vn 0.0796 -0.8856 0.4576
vn -0.3097 -0.8590 0.4078
vn 0.2179 -0.9317 0.2905
vn 0.2052 -0.9402 0.2720
vn 0.0415 -0.8563 0.5149
vn -0.1310 -0.9836 -0.1244
vn -0.0609 -0.9562 -0.2863
vn 0.4054 -0.7118 -0.5736
vn 0.0366 -0.9653 0.2586
vn 0.0046 -0.9680 0.2508
vn 0.0107 -0.9463 0.3232
vn 0.0485 -0.9867 0.1548
vn -0.3678 -0.9025 0.2241
vn -0.2059 -0.8978 0.3893
vn 0.1309 -0.9363 0.3258
vn -0.0904 -0.9908 0.1006
vn -0.0689 -0.9968 0.0397
vn 0.3207 -0.9313 0.1727
vn 0.2676 -0.8302 0.4890
vn 0.0682 -0.8505 0.5215
vn 0.2756 -0.9439 0.1820
vn 0.1779 -0.9793 0.0970
vn 0.1743 -0.9778 0.1166
vn -0.2673 -0.8264 0.4956
vn -0.2797 -0.8745 0.3963
vn 0.2644 -0.9181 0.2953
vn 0.2599 -0.9520 0.1619
vn -0.5387 -0.8012 0.2606
vn -0.2587 -0.8298 0.4945
vn 0.2627 -0.9506 0.1656
vn 0.4123 -0.9110 -0.0127
vn -0.5895 -0.7918 0.1600
vn -0.0063 -0.9821 0.1884
vn 0.7621 -0.5356 -0.3638
vn 0.8811 -0.4702 -0.0515
vn 0.7578 -0.6512 0.0410
vn 0.5766 -0.8137 0.0736
vn -0.2286 -0.9729 -0.0354
vn 0.8864 -0.4375 0.1514
vn 0.9072 -0.4103 0.0928
vn 0.8314 0.4774 -0.2844
vn 0.8112 -0.4864 0.3246
vn 0.3106 -0.8534 0.4186
vn 0.2923 -0.8722 0.3922
vn -0.1005 -0.4871 0.8675
vn -0.0285 -0.9678 0.2500
vn -0.0500 -0.9612 0.2714
vn 0.2064 -0.8091 0.5503
vn 0.3325 -0.7499 0.5720
vn 0.3561 -0.6953 0.6243
vn -0.2159 0.8844 -0.4139
vn -0.2235 0.9252 -0.3066
vn -0.0031 0.9941 0.1088
vn -0.5812 -0.0227 0.8134
vn -0.2123 -0.7158 0.6652
vn -0.2046 -0.7190 0.6642
vn -0.9022 0.3491 0.2533
vn -0.9800 0.0615 0.1894
vn -0.5844 -0.7789 0.2276
vn 0.1772 0.9116 -0.3710
vn -0.5224 0.8025 -0.2884
vn -0.5757 0.8047 -0.1451
vn -0.8573 0.3843 -0.3425
vn -0.9613 -0.1875 -0.2018
vn -0.4924 0.5198 -0.6981
vn -0.9352 0.2616 -0.2388
vn -0.4706 -0.8306 -0.2979
vn 0.2983 -0.9528 0.0574
vn -0.2612 0.9521 -0.1591
vn -0.4888 0.8369 -0.2463
vn -0.1536 0.9363 -0.3157
vn 0.2189 -0.3859 -0.8962
vn 0.1996 -0.5624 -0.8024
vn -0.2492 -0.9395 -0.2350
vn 0.3028 -0.3107 -0.9010
vn 0.5653 -0.8188 -0.1003
vn 0.3911 -0.9169 0.0794
vn 0.1757 0.9814 -0.0774
vn 0.8378 0.0596 -0.5427
vn 0.2371 -0.7990 -0.5526
vn -0.1726 0.9545 0.2430
vn 0.3176 0.8699 0.3774
vn 0.3315 0.7236 0.6054
vn -0.2229 0.9095 -0.3508
vn 0.1112 0.9882 -0.1053
vn 0.0375 0.9929 -0.1133
vn -0.0881 0.8460 -0.5259
vn -0.1885 0.8157 -0.5469
vn -0.2610 0.9011 -0.3463
vn 0.5460 0.8230 -0.1568
vn 0.4234 0.8545 -0.3011
vn 0.0559 0.9759 -0.2109
vn 0.1783 0.9829 -0.0451
vn 0.1558 0.9873 0.0326
vn 0.1922 0.9745 0.1158
vn -0.1599 0.8383 -0.5212
vn -0.1189 0.9134 -0.3894
vn -0.0093 0.9203 -0.3912
vn 0.5060 0.8144 -0.2840
vn 0.3142 0.9471 -0.0662
vn 0.1414 0.9482 -0.2846
vn 0.5374 0.8141 -0.2199
vn 0.2560 -0.7948 0.5502
vn -0.7503 -0.5047 -0.4269
vn -0.2637 0.9503 -0.1653
vn 0.2904 0.8827 -0.3696
vn 0.3864 0.9050 -0.1781
vn -0.7897 0.4501 -0.4169
vn -0.4952 0.7157 -0.4925
vn -0.4395 0.8932 -0.0953
vn -0.5694 -0.0782 -0.8183
vn -0.5665 0.1458 -0.8111
vn -0.2864 0.4388 -0.8517
vn 0.4642 0.8812 -0.0892
vn -0.1625 0.2002 -0.9662
vn -0.2441 0.3312 -0.9114
vn -0.1615 0.9218 -0.3524
vn -0.2182 0.9600 -0.1754
vn 0.1826 0.9772 -0.1083
vn 0.0895 0.8524 -0.5152
vn 0.5214 -0.0165 -0.8532
vn 0.4393 0.7329 -0.5195
vn 0.6241 0.3260 -0.7101
vn 0.6188 0.0869 -0.7808
vn 0.2219 0.4562 -0.8618
vn -0.0128 0.9993 0.0343
vn -0.0155 0.9994 0.0315
vn -0.0505 0.9979 0.0399
vn 0.1289 0.9916 -0.0057
vn 0.0814 0.9147 0.3960
vn 0.1651 0.8720 0.4609
vn -0.3116 0.9387 0.1477
vn -0.2458 0.9456 0.2132
vn 0.2616 0.9590 0.1091
vn 0.2606 0.8915 0.3705
vn 0.3448 0.9131 0.2176
vn 0.1675 0.9128 -0.3725
vn 0.1644 0.9861 0.0224
vn 0.2137 0.9768 0.0100
vn 0.2753 0.9527 -0.1290
vn -0.2956 0.9443 0.1449
vn -0.1067 0.9517 -0.2877
vn 0.1168 0.9865 0.1144
vn -0.5713 0.7423 -0.3500
vn -0.0083 0.9073 -0.4205
vn -0.0959 0.9413 -0.3236
vn -0.7275 0.6861 0.0041
vn -0.8257 0.5451 -0.1449
vn -0.0896 0.9835 -0.1574
vn -0.2455 0.9426 0.2265
vn -0.2998 0.9275 0.2232
vn -0.0099 0.9830 -0.1835
vn -0.8932 0.1924 -0.4063
vn -0.8397 0.4532 -0.2990
vn -0.8299 0.4691 -0.3018
vn -0.3447 0.8350 -0.4290
vn -0.1105 0.7702 -0.6282
vn -0.0313 0.9225 -0.3848
vn -0.1652 0.9761 0.1412
vn -0.2036 0.9561 -0.2108
vn -0.2803 0.9328 -0.2265
vn 0.6059 0.5236 -0.5989
vn 0.5241 0.6446 -0.5566
vn 0.3751 0.9114 -0.1693
vn 0.5841 0.3700 -0.7225
vn 0.3222 0.3882 -0.8634
vn 0.1233 0.6585 -0.7424
vn -0.3052 0.9491 0.0775
vn 0.4239 0.8536 -0.3028
vn 0.4158 0.6148 -0.6701
vn 0.0403 0.8169 -0.5753
vn 0.0004 0.8324 -0.5541
vn 0.0467 0.6625 -0.7476
vn 0.6622 0.5037 -0.5549
vn 0.5440 0.8293 -0.1276
vn 0.0226 0.9034 -0.4282
vn -0.9413 0.2091 -0.2650
vn -0.6400 0.7427 -0.1971
vn -0.3832 0.7441 -0.5472
vn -0.5407 0.7971 -0.2690
vn -0.3796 0.7776 -0.5012
vn -0.1418 0.9899 -0.0094
vn -0.0571 0.8835 0.4649
vn -0.2527 0.9675 0.0042
vn 0.1736 0.9831 -0.0582
vn 0.7578 0.1313 -0.6392
vn 0.2131 -0.9260 -0.3116
vn -0.0795 -0.9505 0.3004
vn -0.1928 0.4715 -0.8605
vn -0.1228 0.5376 -0.8342
vn -0.1737 0.6591 -0.7317
vn -0.8841 0.2727 -0.3794
vn -0.7147 0.3582 -0.6008
vn -0.6870 0.5278 -0.4995
vn -0.1985 0.6161 0.7622
vn -0.0526 0.4606 0.8861
vn -0.0645 0.4429 0.8943
vn 0.5000 0.1734 0.8485
vn 0.4409 0.3939 0.8065
vn 0.5334 0.8367 0.1240
vn 0.4776 -0.8642 0.1581
vn -0.2760 -0.7936 0.5422
vn 0.2727 -0.7862 0.5545
vn -0.7822 -0.4835 -0.3929
vn 0.0098 -0.8644 0.5028
vn -0.0038 -0.9927 0.1203
vn -0.8192 0.3926 -0.4181
vn -0.8915 -0.2073 -0.4028
vn -0.3919 -0.9196 0.0276
vn 0.0551 -0.2630 0.9632
vn 0.0409 -0.3399 0.9396
vn 0.3183 -0.7168 0.6204
vn 0.7901 -0.6119 -0.0366
vn 0.7026 0.6298 -0.3312
vn 0.7502 0.5541 -0.3609
vn 0.1589 -0.9567 0.2438
vn -0.5480 -0.7734 0.3187
vn -0.6071 -0.7648 0.2156
vn -0.4075 -0.8884 0.2114
vn -0.3613 -0.9287 -0.0837
vn -0.1103 -0.9843 -0.1376
vn -0.0982 -0.9766 -0.1913
vn -0.1125 -0.9730 -0.2016
vn -0.1051 -0.9432 0.3151
vn -0.0238 -0.9048 0.4251
vn -0.1648 -0.8487 0.5025
vn 0.0628 -0.8169 0.5734
vn 0.1170 -0.8921 0.4364
vn 0.2039 -0.9210 0.3319
vn 0.2202 -0.9157 0.3361
vt 0.180788 0.399754
vt 0.174942 0.421765
vt 0.203495 0.408639
vt 0.163818 0.505665
vt 0.156790 0.481741
vt 0.134972 0.494423
vt 0.199880 0.386949
vt 0.167912 0.379811
vt 0.153236 0.397480
vt 0.149638 0.514960
vt 0.276244 0.454339
vt 0.243818 0.463806
vt 0.267114 0.468534
vt 0.253910 0.327077
vt 0.278242 0.347173
vt 0.270254 0.342132
vt 0.117286 0.284172
vt 0.149663 0.303982
vt 0.135191 0.275641
vt 0.091132 0.413045
vt 0.101774 0.382636
vt 0.092359 0.399523
vt 0.184587 0.509362
vt 0.302566 0.441485
vt 0.234425 0.325099
vt 0.100893 0.287860
vt 0.086338 0.427421
vt 0.218121 0.479895
vt 0.192346 0.489932
vt 0.205001 0.460024
vt 0.275291 0.385579
vt 0.272726 0.417332
vt 0.248975 0.393347
vt 0.190038 0.323810
vt 0.213323 0.334171
vt 0.184437 0.328579
vt 0.078090 0.344074
vt 0.077865 0.308505
vt 0.108623 0.360735
vt 0.077259 0.509636
vt 0.075386 0.467299
vt 0.102376 0.484563
vt 0.131476 0.459712
vt 0.122180 0.423600
vt 0.153422 0.441704
vt 0.099937 0.440069
vt 0.090583 0.420844
vt 0.100245 0.385326
vt 0.111477 0.401698
vt 0.123499 0.380597
vt 0.145638 0.352777
vt 0.144411 0.405499
vt 0.116488 0.329285
vt 0.117560 0.294508
vt 0.163268 0.309586
vt 0.148945 0.315595
vt 0.183999 0.338246
vt 0.214429 0.370713
vt 0.181458 0.378633
vt 0.212191 0.348872
vt 0.241205 0.347053
vt 0.255609 0.366673
vt 0.232418 0.371900
vt 0.229501 0.400777
vt 0.219402 0.428559
vt 0.204104 0.402455
vt 0.244809 0.426308
vt 0.251306 0.446047
vt 0.229444 0.456020
vt 0.226898 0.445126
vt 0.201065 0.451990
vt 0.171684 0.464433
vt 0.187882 0.434555
vt 0.180021 0.474244
vt 0.161397 0.483066
vt 0.116489 0.500027
vt 0.146399 0.481402
vt 0.087795 0.445560
vt 0.078735 0.438710
vt 0.073672 0.480326
vt 0.084985 0.416943
vt 0.080017 0.379057
vt 0.066684 0.360500
vt 0.089311 0.402216
vt 0.079906 0.308676
vt 0.094003 0.294528
vt 0.053863 0.316883
vt 0.123824 0.287991
vt 0.160738 0.280108
vt 0.180810 0.300865
vt 0.142580 0.291284
vt 0.219863 0.318210
vt 0.237014 0.331337
vt 0.208877 0.317482
vt 0.247628 0.343323
vt 0.285217 0.356436
vt 0.288255 0.369031
vt 0.263057 0.347210
vt 0.325387 0.426431
vt 0.291062 0.441186
vt 0.309946 0.402627
vt 0.289578 0.460613
vt 0.253732 0.480092
vt 0.240022 0.484235
vt 0.257443 0.466459
vt 0.200694 0.515616
vt 0.180789 0.507799
vt 0.215718 0.507438
vt 0.162554 0.516690
vt 0.128975 0.505395
vt 0.097998 0.504011
vt 0.139263 0.500648
vt 0.062646 0.339003
vt 0.082574 0.355779
vt 0.094326 0.341286
vt 0.095567 0.304555
vt 0.079589 0.319399
vt 0.194189 0.293036
vt 0.173674 0.285405
vt 0.188680 0.316498
vt 0.225931 0.319528
vt 0.207436 0.303108
vt 0.314878 0.379640
vt 0.303809 0.360034
vt 0.296608 0.375419
vt 0.295563 0.420040
vt 0.315957 0.397010
vt 0.231196 0.502682
vt 0.235447 0.481071
vt 0.216497 0.468372
vt 0.189088 0.484349
vt 0.210614 0.488788
vt 0.108500 0.474835
vt 0.130860 0.483407
vt 0.114003 0.460334
vt 0.093314 0.431602
vt 0.106963 0.448549
vt 0.129709 0.400650
vt 0.115019 0.373982
vt 0.107625 0.408401
vt 0.139324 0.373750
vt 0.150251 0.352371
vt 0.130755 0.318556
vt 0.117751 0.340110
vt 0.166910 0.338652
vt 0.187586 0.364382
vt 0.220644 0.367926
vt 0.241501 0.343767
vt 0.204102 0.344257
vt 0.257619 0.371584
vt 0.231919 0.391213
vt 0.229530 0.419076
vt 0.259780 0.440644
vt 0.269331 0.399692
vt 0.111242 0.432053
vt 0.131747 0.461790
vt 0.162592 0.451673
vt 0.143869 0.427454
vt 0.221949 0.448351
vt 0.197194 0.435430
vt 0.187485 0.458148
vt 0.175058 0.414137
s 0
f 6284/1420/7540 6357/1421/7540 6326/1422/7540
f 6285/1423/7541 6327/1424/7541 6329/1425/7541
f 6284/1420/7542 6326/1422/7542 6331/1426/7542
f 6284/1420/7543 6331/1426/7543 6333/1427/7543
f 6284/1420/7544 6333/1427/7544 6360/1428/7544
f 6285/1423/7545 6329/1425/7545 6336/1429/7545
f 6286/1430/7546 6328/1431/7546 6338/1432/7546
f 6287/1433/7547 6332/1434/7547 6340/1435/7547
f 6288/1436/7548 6334/1437/7548 6342/1438/7548
f 6289/1439/7549 6335/1440/7549 6344/1441/7549
f 6285/1423/7550 6336/1429/7550 6369/1442/7550
f 6286/1430/7551 6338/1432/7551 6371/1443/7551
f 6287/1433/7552 6340/1435/7552 6373/1444/7552
f 6288/1436/7553 6342/1438/7553 6375/1445/7553
f 6289/1439/7554 6344/1441/7554 6367/1446/7554
f 6290/1447/7555 6346/1448/7555 6351/1449/7555
f 6291/1450/7556 6347/1451/7556 6353/1452/7556
f 6292/1453/7557 6348/1454/7557 6354/1455/7557
f 6293/1456/7558 6349/1457/7558 6355/1458/7558
f 6294/1459/7559 6350/1460/7559 6382/1461/7559
f 6322/1462/7560 6386/1463/7560 6352/1464/7560
f 6322/1462/7561 6387/1465/7561 6386/1463/7561
f 6320/1466/7562 6380/1467/7562 6388/1468/7562
f 6325/1469/7563 6389/1470/7563 6385/1471/7563
f 6325/1469/7564 6390/1472/7564 6389/1470/7564
f 6319/1473/7565 6379/1474/7565 6391/1475/7565
f 6324/1476/7566 6392/1477/7566 6384/1478/7566
f 6324/1476/7567 6393/1479/7567 6392/1477/7567
f 6318/1480/7568 6378/1481/7568 6394/1482/7568
f 6323/1483/7569 6395/1484/7569 6383/1485/7569
f 6323/1483/7570 6396/1486/7570 6395/1484/7570
f 6317/1487/7571 6377/1488/7571 6397/1489/7571
f 6321/1490/7572 6398/1491/7572 6381/1492/7572
f 6321/1490/7573 6399/1493/7573 6398/1491/7573
f 6316/1494/7574 6376/1495/7574 6400/1496/7574
f 6307/1497/7575 6401/1498/7575 6337/1499/7575
f 6307/1497/7576 6402/1500/7576 6401/1498/7576
f 6314/1501/7577 6374/1502/7577 6403/1503/7577
f 6315/1504/7578 6404/1505/7578 6345/1506/7578
f 6315/1504/7579 6405/1507/7579 6404/1505/7579
f 6312/1508/7580 6372/1509/7580 6406/1510/7580
f 6313/1511/7581 6407/1512/7581 6343/1513/7581
f 6313/1511/7582 6408/1514/7582 6407/1512/7582
f 6310/1515/7583 6370/1516/7583 6409/1517/7583
f 6311/1518/7584 6410/1519/7584 6341/1520/7584
f 6311/1518/7585 6411/1521/7585 6410/1519/7585
f 6308/1522/7586 6368/1523/7586 6412/1524/7586
f 6309/1525/7587 6413/1526/7587 6339/1527/7587
f 6309/1525/7588 6414/1528/7588 6413/1526/7588
f 6306/1529/7589 6366/1530/7589 6415/1531/7589
f 6314/1501/7590 6416/1532/7590 6374/1502/7590
f 6314/1501/7591 6417/1533/7591 6416/1532/7591
f 6305/1534/7592 6365/1535/7592 6418/1536/7592
f 6312/1508/7593 6419/1537/7593 6372/1509/7593
f 6312/1508/7594 6420/1538/7594 6419/1537/7594
f 6304/1539/7595 6364/1540/7595 6421/1541/7595
f 6310/1515/7596 6422/1542/7596 6370/1516/7596
f 6310/1515/7597 6423/1543/7597 6422/1542/7597
f 6302/1544/7598 6362/1545/7598 6424/1546/7598
f 6308/1522/7599 6425/1547/7599 6368/1523/7599
f 6308/1522/7600 6426/1548/7600 6425/1547/7600
f 6298/1549/7601 6358/1550/7601 6427/1551/7601
f 6306/1529/7602 6428/1552/7602 6366/1530/7602
f 6306/1529/7603 6429/1553/7603 6428/1552/7603
f 6299/1554/7604 6359/1555/7604 6430/1556/7604
f 6300/1557/7605 6431/1558/7605 6330/1559/7605
f 6300/1557/7606 6432/1560/7606 6431/1558/7606
f 6303/1561/7607 6363/1562/7607 6433/1563/7607
f 6303/1561/7608 6434/1564/7608 6363/1562/7608
f 6303/1561/7609 6435/1565/7609 6434/1564/7609
f 6301/1566/7610 6361/1567/7610 6436/1568/7610
f 6301/1566/7611 6437/1569/7611 6361/1567/7611
f 6301/1566/7612 6438/1570/7612 6437/1569/7612
f 6296/1571/7613 6356/1572/7613 6439/1573/7613
f 6299/1554/7614 6440/1574/7614 6359/1555/7614
f 6299/1554/7615 6441/1575/7615 6440/1574/7615
f 6297/1576/7616 6357/1421/7616 6442/1577/7616
f 6296/1571/7617 6443/1578/7617 6356/1572/7617
f 6296/1571/7618 6444/1579/7618 6443/1578/7618
f 6297/1576/7619 6327/1424/7619 6445/1580/7619
f 6445/1580/7620 6358/1550/7620 6298/1549/7620
f 6445/1580/7621 6327/1424/7621 6358/1550/7621
f 6327/1424/7622 6285/1423/7622 6358/1550/7622
f 6443/1578/7623 6445/1580/7623 6298/1549/7623
f 6443/1578/7624 6444/1579/7624 6445/1580/7624
f 6444/1579/7625 6297/1576/7625 6445/1580/7625
f 6356/1572/7626 6328/1431/7626 6286/1430/7626
f 6356/1572/7627 6443/1578/7627 6328/1431/7627
f 6443/1578/7628 6298/1549/7628 6328/1431/7628
f 6442/1577/7629 6360/1428/7629 6300/1557/7629
f 6442/1577/7630 6357/1421/7630 6360/1428/7630
f 6357/1421/7631 6284/1420/7631 6360/1428/7631
f 6440/1574/7632 6442/1577/7632 6300/1557/7632
f 6440/1574/7633 6441/1575/7633 6442/1577/7633
f 6441/1575/7634 6297/1576/7634 6442/1577/7634
f 6359/1555/7635 6330/1559/7635 6289/1439/7635
f 6359/1555/7636 6440/1574/7636 6330/1559/7636
f 6440/1574/7637 6300/1557/7637 6330/1559/7637
f 6439/1573/7638 6362/1545/7638 6302/1544/7638
f 6439/1573/7639 6356/1572/7639 6362/1545/7639
f 6356/1572/7640 6286/1430/7640 6362/1545/7640
f 6437/1569/7641 6439/1573/7641 6302/1544/7641
f 6437/1569/7642 6438/1570/7642 6439/1573/7642
f 6438/1570/7643 6296/1571/7643 6439/1573/7643
f 6361/1567/7644 6332/1434/7644 6287/1433/7644
f 6361/1567/7645 6437/1569/7645 6332/1434/7645
f 6437/1569/7646 6302/1544/7646 6332/1434/7646
f 6436/1568/7647 6364/1540/7647 6304/1539/7647
f 6436/1568/7648 6361/1567/7648 6364/1540/7648
f 6361/1567/7649 6287/1433/7649 6364/1540/7649
f 6434/1564/7650 6436/1568/7650 6304/1539/7650
f 6434/1564/7651 6435/1565/7651 6436/1568/7651
f 6435/1565/7652 6301/1566/7652 6436/1568/7652
f 6363/1562/7653 6334/1437/7653 6288/1436/7653
f 6363/1562/7654 6434/1564/7654 6334/1437/7654
f 6434/1564/7655 6304/1539/7655 6334/1437/7655
f 6433/1563/7656 6365/1535/7656 6305/1534/7656
f 6433/1563/7657 6363/1562/7657 6365/1535/7657
f 6363/1562/7658 6288/1436/7658 6365/1535/7658
f 6431/1558/7659 6433/1563/7659 6305/1534/7659
f 6431/1558/7660 6432/1560/7660 6433/1563/7660
f 6432/1560/7661 6303/1561/7661 6433/1563/7661
f 6330/1559/7662 6335/1440/7662 6289/1439/7662
f 6330/1559/7663 6431/1558/7663 6335/1440/7663
f 6431/1558/7664 6305/1534/7664 6335/1440/7664
f 6430/1556/7665 6367/1446/7665 6307/1497/7665
f 6430/1556/7666 6359/1555/7666 6367/1446/7666
f 6359/1555/7667 6289/1439/7667 6367/1446/7667
f 6428/1552/7668 6430/1556/7668 6307/1497/7668
f 6428/1552/7669 6429/1553/7669 6430/1556/7669
f 6429/1553/7670 6299/1554/7670 6430/1556/7670
f 6366/1530/7671 6337/1499/7671 6294/1459/7671
f 6366/1530/7672 6428/1552/7672 6337/1499/7672
f 6428/1552/7673 6307/1497/7673 6337/1499/7673
f 6427/1551/7674 6369/1442/7674 6309/1525/7674
f 6427/1551/7675 6358/1550/7675 6369/1442/7675
f 6358/1550/7676 6285/1423/7676 6369/1442/7676
f 6425/1547/7677 6427/1551/7677 6309/1525/7677
f 6425/1547/7678 6426/1548/7678 6427/1551/7678
f 6426/1548/7679 6298/1549/7679 6427/1551/7679
f 6368/1523/7680 6339/1527/7680 6290/1447/7680
f 6368/1523/7681 6425/1547/7681 6339/1527/7681
f 6425/1547/7682 6309/1525/7682 6339/1527/7682
f 6424/1546/7683 6371/1443/7683 6311/1518/7683
f 6424/1546/7684 6362/1545/7684 6371/1443/7684
f 6362/1545/7685 6286/1430/7685 6371/1443/7685
f 6422/1542/7686 6424/1546/7686 6311/1518/7686
f 6422/1542/7687 6423/1543/7687 6424/1546/7687
f 6423/1543/7688 6302/1544/7688 6424/1546/7688
f 6370/1516/7689 6341/1520/7689 6291/1450/7689
f 6370/1516/7690 6422/1542/7690 6341/1520/7690
f 6422/1542/7691 6311/1518/7691 6341/1520/7691
f 6421/1541/7692 6373/1444/7692 6313/1511/7692
f 6421/1541/7693 6364/1540/7693 6373/1444/7693
f 6364/1540/7694 6287/1433/7694 6373/1444/7694
f 6419/1537/7695 6421/1541/7695 6313/1511/7695
f 6419/1537/7696 6420/1538/7696 6421/1541/7696
f 6420/1538/7697 6304/1539/7697 6421/1541/7697
f 6372/1509/7698 6343/1513/7698 6292/1453/7698
f 6372/1509/7699 6419/1537/7699 6343/1513/7699
f 6419/1537/7700 6313/1511/7700 6343/1513/7700
f 6418/1536/7701 6375/1445/7701 6315/1504/7701
f 6418/1536/7702 6365/1535/7702 6375/1445/7702
f 6365/1535/7703 6288/1436/7703 6375/1445/7703
f 6416/1532/7704 6418/1536/7704 6315/1504/7704
f 6416/1532/7705 6417/1533/7705 6418/1536/7705
f 6417/1533/7706 6305/1534/7706 6418/1536/7706
f 6374/1502/7707 6345/1506/7707 6293/1456/7707
f 6374/1502/7708 6416/1532/7708 6345/1506/7708
f 6416/1532/7709 6315/1504/7709 6345/1506/7709
f 6415/1531/7710 6376/1495/7710 6316/1494/7710
f 6415/1531/7711 6366/1530/7711 6376/1495/7711
f 6366/1530/7712 6294/1459/7712 6376/1495/7712
f 6413/1526/7713 6415/1531/7713 6316/1494/7713
f 6413/1526/7714 6414/1528/7714 6415/1531/7714
f 6414/1528/7715 6306/1529/7715 6415/1531/7715
f 6339/1527/7716 6346/1448/7716 6290/1447/7716
f 6339/1527/7717 6413/1526/7717 6346/1448/7717
f 6413/1526/7718 6316/1494/7718 6346/1448/7718
f 6412/1524/7719 6377/1488/7719 6317/1487/7719
f 6412/1524/7720 6368/1523/7720 6377/1488/7720
f 6368/1523/7721 6290/1447/7721 6377/1488/7721
f 6410/1519/7722 6412/1524/7722 6317/1487/7722
f 6410/1519/7723 6411/1521/7723 6412/1524/7723
f 6411/1521/7724 6308/1522/7724 6412/1524/7724
f 6341/1520/7725 6347/1451/7725 6291/1450/7725
f 6341/1520/7726 6410/1519/7726 6347/1451/7726
f 6410/1519/7727 6317/1487/7727 6347/1451/7727
f 6409/1517/7728 6378/1481/7728 6318/1480/7728
f 6409/1517/7729 6370/1516/7729 6378/1481/7729
f 6370/1516/7730 6291/1450/7730 6378/1481/7730
f 6407/1512/7731 6409/1517/7731 6318/1480/7731
f 6407/1512/7732 6408/1514/7732 6409/1517/7732
f 6408/1514/7733 6310/1515/7733 6409/1517/7733
f 6343/1513/7734 6348/1454/7734 6292/1453/7734
f 6343/1513/7735 6407/1512/7735 6348/1454/7735
f 6407/1512/7736 6318/1480/7736 6348/1454/7736
f 6406/1510/7737 6379/1474/7737 6319/1473/7737
f 6406/1510/7738 6372/1509/7738 6379/1474/7738
f 6372/1509/7739 6292/1453/7739 6379/1474/7739
f 6404/1505/7740 6406/1510/7740 6319/1473/7740
f 6404/1505/7741 6405/1507/7741 6406/1510/7741
f 6405/1507/7742 6312/1508/7742 6406/1510/7742
f 6345/1506/7743 6349/1457/7743 6293/1456/7743
f 6345/1506/7744 6404/1505/7744 6349/1457/7744
f 6404/1505/7745 6319/1473/7745 6349/1457/7745
f 6403/1503/7746 6380/1467/7746 6320/1466/7746
f 6403/1503/7747 6374/1502/7747 6380/1467/7747
f 6374/1502/7748 6293/1456/7748 6380/1467/7748
f 6401/1498/7749 6403/1503/7749 6320/1466/7749
f 6401/1498/7750 6402/1500/7750 6403/1503/7750
f 6402/1500/7751 6314/1501/7751 6403/1503/7751
f 6337/1499/7752 6350/1460/7752 6294/1459/7752
f 6337/1499/7753 6401/1498/7753 6350/1460/7753
f 6401/1498/7754 6320/1466/7754 6350/1460/7754
f 6400/1496/7755 6382/1461/7755 6322/1462/7755
f 6400/1496/7756 6376/1495/7756 6382/1461/7756
f 6376/1495/7757 6294/1459/7757 6382/1461/7757
f 6398/1491/7758 6400/1496/7758 6322/1462/7758
f 6398/1491/7759 6399/1493/7759 6400/1496/7759
f 6399/1493/7760 6316/1494/7760 6400/1496/7760
f 6381/1492/7761 6352/1464/7761 6295/1581/7761
f 6381/1492/7762 6398/1491/7762 6352/1464/7762
f 6398/1491/7763 6322/1462/7763 6352/1464/7763
f 6397/1489/7764 6351/1449/7764 6321/1490/7764
f 6397/1489/7765 6377/1488/7765 6351/1449/7765
f 6377/1488/7766 6290/1447/7766 6351/1449/7766
f 6395/1484/7767 6397/1489/7767 6321/1490/7767
f 6395/1484/7768 6396/1486/7768 6397/1489/7768
f 6396/1486/7769 6317/1487/7769 6397/1489/7769
f 6383/1485/7770 6381/1492/7770 6295/1581/7770
f 6383/1485/7771 6395/1484/7771 6381/1492/7771
f 6395/1484/7772 6321/1490/7772 6381/1492/7772
f 6394/1482/7773 6353/1452/7773 6323/1483/7773
f 6394/1482/7774 6378/1481/7774 6353/1452/7774
f 6378/1481/7775 6291/1450/7775 6353/1452/7775
f 6392/1477/7776 6394/1482/7776 6323/1483/7776
f 6392/1477/7777 6393/1479/7777 6394/1482/7777
f 6393/1479/7778 6318/1480/7778 6394/1482/7778
f 6384/1478/7779 6383/1485/7779 6295/1581/7779
f 6384/1478/7780 6392/1477/7780 6383/1485/7780
f 6392/1477/7781 6323/1483/7781 6383/1485/7781
f 6391/1475/7782 6354/1455/7782 6324/1476/7782
f 6391/1475/7783 6379/1474/7783 6354/1455/7783
f 6379/1474/7784 6292/1453/7784 6354/1455/7784
f 6389/1470/7785 6391/1475/7785 6324/1476/7785
f 6389/1470/7786 6390/1472/7786 6391/1475/7786
f 6390/1472/7787 6319/1473/7787 6391/1475/7787
f 6385/1471/7788 6384/1478/7788 6295/1581/7788
f 6385/1471/7789 6389/1470/7789 6384/1478/7789
f 6389/1470/7790 6324/1476/7790 6384/1478/7790
f 6388/1468/7791 6355/1458/7791 6325/1469/7791
f 6388/1468/7792 6380/1467/7792 6355/1458/7792
f 6380/1467/7793 6293/1456/7793 6355/1458/7793
f 6386/1463/7794 6388/1468/7794 6325/1469/7794
f 6386/1463/7795 6387/1465/7795 6388/1468/7795
f 6387/1465/7796 6320/1466/7796 6388/1468/7796
f 6352/1464/7797 6385/1471/7797 6295/1581/7797
f 6352/1464/7798 6386/1463/7798 6385/1471/7798
f 6386/1463/7799 6325/1469/7799 6385/1471/7799
f 6382/1461/7800 6387/1465/7800 6322/1462/7800
f 6382/1461/7801 6350/1460/7801 6387/1465/7801
f 6350/1460/7802 6320/1466/7802 6387/1465/7802
f 6355/1458/7803 6390/1472/7803 6325/1469/7803
f 6355/1458/7804 6349/1457/7804 6390/1472/7804
f 6349/1457/7805 6319/1473/7805 6390/1472/7805
f 6354/1455/7806 6393/1479/7806 6324/1476/7806
f 6354/1455/7807 6348/1454/7807 6393/1479/7807
f 6348/1454/7808 6318/1480/7808 6393/1479/7808
f 6353/1452/7809 6396/1486/7809 6323/1483/7809
f 6353/1452/7810 6347/1451/7810 6396/1486/7810
f 6347/1451/7811 6317/1487/7811 6396/1486/7811
f 6351/1449/7812 6399/1493/7812 6321/1490/7812
f 6351/1449/7813 6346/1448/7813 6399/1493/7813
f 6346/1448/7814 6316/1494/7814 6399/1493/7814
f 6367/1446/7815 6402/1500/7815 6307/1497/7815
f 6367/1446/7816 6344/1441/7816 6402/1500/7816
f 6344/1441/7817 6314/1501/7817 6402/1500/7817
f 6375/1445/7818 6405/1507/7818 6315/1504/7818
f 6375/1445/7819 6342/1438/7819 6405/1507/7819
f 6342/1438/7820 6312/1508/7820 6405/1507/7820
f 6373/1444/7821 6408/1514/7821 6313/1511/7821
f 6373/1444/7822 6340/1435/7822 6408/1514/7822
f 6340/1435/7823 6310/1515/7823 6408/1514/7823
f 6371/1443/7824 6411/1521/7824 6311/1518/7824
f 6371/1443/7825 6338/1432/7825 6411/1521/7825
f 6338/1432/7826 6308/1522/7826 6411/1521/7826
f 6369/1442/7827 6414/1528/7827 6309/1525/7827
f 6369/1442/7828 6336/1429/7828 6414/1528/7828
f 6336/1429/7829 6306/1529/7829 6414/1528/7829
f 6344/1441/7830 6417/1533/7830 6314/1501/7830
f 6344/1441/7831 6335/1440/7831 6417/1533/7831
f 6335/1440/7832 6305/1534/7832 6417/1533/7832
f 6342/1438/7833 6420/1538/7833 6312/1508/7833
f 6342/1438/7834 6334/1437/7834 6420/1538/7834
f 6334/1437/7835 6304/1539/7835 6420/1538/7835
f 6340/1435/7836 6423/1543/7836 6310/1515/7836
f 6340/1435/7837 6332/1434/7837 6423/1543/7837
f 6332/1434/7838 6302/1544/7838 6423/1543/7838
f 6338/1432/7839 6426/1548/7839 6308/1522/7839
f 6338/1432/7840 6328/1431/7840 6426/1548/7840
f 6328/1431/7841 6298/1549/7841 6426/1548/7841
f 6336/1429/7842 6429/1553/7842 6306/1529/7842
f 6336/1429/7843 6329/1425/7843 6429/1553/7843
f 6329/1425/7844 6299/1554/7844 6429/1553/7844
f 6360/1428/7845 6432/1560/7845 6300/1557/7845
f 6360/1428/7846 6333/1427/7846 6432/1560/7846
f 6333/1427/7847 6303/1561/7847 6432/1560/7847
f 6333/1427/7848 6435/1565/7848 6303/1561/7848
f 6333/1427/7849 6331/1426/7849 6435/1565/7849
f 6331/1426/7850 6301/1566/7850 6435/1565/7850
f 6331/1426/7851 6438/1570/7851 6301/1566/7851
f 6331/1426/7852 6326/1422/7852 6438/1570/7852
f 6326/1422/7853 6296/1571/7853 6438/1570/7853
f 6329/1425/7854 6441/1575/7854 6299/1554/7854
f 6329/1425/7855 6327/1424/7855 6441/1575/7855
f 6327/1424/7856 6297/1576/7856 6441/1575/7856
f 6326/1422/7857 6444/1579/7857 6296/1571/7857
f 6326/1422/7858 6357/1421/7858 6444/1579/7858
f 6357/1421/7859 6297/1576/7859 6444/1579/7859
o collidable.011
v 18.819912 0.403857 86.828758
v 27.781919 2.921748 92.169411
v 16.978706 1.758792 97.161133
v 9.889565 0.462383 87.103081
v 14.508076 -0.495724 76.529594
v 24.156229 1.921163 81.131096
v 22.089939 2.896557 94.097458
v 12.169418 2.415267 91.238968
v 12.960401 1.420264 82.716362
v 19.729658 1.711665 76.983177
v 30.475513 5.446090 84.988670
v 18.401468 4.796197 85.678574
v 17.496847 0.221758 91.857162
v 23.748241 1.446095 88.706970
v 21.831543 1.707602 93.910088
v 27.722712 1.140583 85.827751
v 22.213243 -0.313223 83.429924
v 14.151056 0.950232 87.279579
v 10.416506 0.486169 93.173080
v 17.008318 0.517727 81.888527
v 12.663728 0.732209 82.377823
v 19.510923 -0.295616 77.720680
v 28.995461 3.800970 89.013840
v 26.895599 2.310604 82.688606
v 19.899536 3.095636 96.557396
v 25.574242 4.093849 94.870262
v 9.972139 2.050719 90.154327
v 11.928368 3.351918 96.786499
v 11.978298 0.759927 78.982986
v 11.163828 0.900355 84.336075
v 22.420410 1.247362 78.684067
v 17.670933 0.651003 75.471695
v 25.600132 3.047117 90.110931
v 17.046860 4.035705 92.843521
v 11.704446 1.657678 87.036507
v 14.481336 2.995711 77.297401
v 24.481852 2.445684 81.455276
v 20.361298 3.597713 90.263504
v 23.766525 4.914384 85.627159
v 15.295939 3.554466 88.706650
v 13.719910 4.005709 82.577965
v 19.029995 3.892313 81.240608
v 18.399536 -0.243812 89.370041
v 26.092281 2.599214 89.931473
v 19.840942 1.507924 95.758080
v 28.913658 2.320992 89.424950
v 22.917654 1.862935 81.973862
v 16.666502 0.706386 87.199928
v 9.757564 0.834677 89.761734
v 17.958904 0.644905 84.596771
v 13.865352 0.900244 79.412010
v 21.311152 1.687389 80.244217
v 29.504980 3.052800 91.770035
v 29.674978 3.724402 83.487793
v 18.328768 2.711944 96.874542
v 24.047337 3.925340 95.412239
v 9.917081 1.282750 88.710617
v 11.326786 3.225170 94.072136
v 13.039336 -0.053828 77.271378
v 11.680496 0.938238 83.619087
v 23.199673 1.569870 80.520020
v 19.018768 1.886610 74.518921
v 24.438408 3.030197 92.929924
v 14.129540 3.563775 92.501511
v 12.412841 1.146451 84.746536
v 17.069489 2.806707 75.702011
v 27.931715 4.153900 82.742744
v 21.447809 2.350333 91.927811
v 20.840839 5.668812 85.606140
v 14.014450 2.596285 89.971474
v 13.410011 2.288450 82.469238
v 19.159399 2.174978 79.572098
v 17.006882 1.401089 95.048889
v 20.967930 0.375264 87.933662
v 24.280148 2.790827 92.403091
v 26.033405 1.369421 82.412788
v 20.671597 -0.605648 85.011024
v 11.523754 0.868162 87.168076
v 13.393373 1.160453 96.134506
v 15.801076 0.431901 78.958801
v 10.930878 -0.109005 85.058357
v 17.085600 -1.051184 76.016403
v 29.863028 4.509477 86.388626
v 25.968155 1.484961 81.663605
v 21.112066 3.000247 95.998848
v 26.738459 3.102247 93.940964
v 10.529868 2.434200 90.937462
v 14.349185 2.158548 97.597069
v 12.125995 1.211464 81.071007
v 10.805750 0.367791 85.781898
v 21.577116 1.490980 76.989868
v 15.579163 -0.509213 75.689552
v 28.166309 4.802040 87.246597
v 19.502167 2.756310 93.080597
v 12.091627 2.044894 88.960480
v 13.381364 2.015355 80.399139
v 21.715410 1.459884 80.299217
v 19.411659 4.277786 87.877678
v 27.149025 5.140533 85.195450
v 16.656477 3.631126 87.221107
v 15.889780 4.867870 84.155174
v 18.828342 5.707555 83.227951
v 21.608648 4.720043 83.133980
v 24.695589 3.682293 82.897827
v 21.828783 2.481840 81.767448
v 15.999685 4.845677 81.070625
v 16.314432 3.591124 78.631523
v 14.137004 3.527741 79.787476
v 14.236459 3.392574 86.105949
v 13.268368 1.934388 85.263351
v 13.629590 1.952709 87.868439
v 17.479345 4.072205 89.568253
v 16.001320 4.179638 90.934120
v 18.408092 3.693583 91.425499
v 22.246576 4.704343 88.548462
v 23.570127 3.263880 90.645760
v 25.140224 4.494268 88.146759
v 26.509047 2.642281 81.628212
v 24.981981 1.683710 80.958687
v 23.351521 1.945849 80.433594
v 15.788532 1.851505 75.902893
v 14.260972 0.451133 77.172073
v 13.418444 1.348489 78.439308
v 11.024185 1.730694 85.850395
v 11.152275 2.264225 86.965729
v 10.599079 2.454624 88.030281
v 14.575867 4.215316 94.904884
v 16.096781 3.738334 96.811638
v 18.325686 3.716867 95.102219
v 26.259712 3.760689 93.008774
v 28.310551 3.672690 92.461090
v 27.965000 3.762429 89.422562
v 20.489803 0.946568 75.742012
v 20.930178 0.398380 77.692871
v 18.746382 -0.350541 75.757500
v 11.054209 0.490371 81.561478
v 11.641353 0.750522 79.968910
v 10.949620 0.013999 82.954872
v 9.713474 1.983152 93.670090
v 9.119328 0.989483 92.218742
v 10.668900 1.040315 95.795967
v 22.888914 3.647470 96.390923
v 21.384720 2.487957 95.826874
v 23.318062 2.922121 94.273918
v 27.653240 3.270867 85.674767
v 27.819187 2.565764 88.161316
v 26.735760 1.474811 84.416687
v 20.728746 0.001974 80.785202
v 19.718588 -0.990180 82.589722
v 18.306190 -0.773152 79.199455
v 14.984627 1.588573 82.055649
v 15.587811 1.478728 84.748390
v 13.520240 0.983118 84.783630
v 12.371087 0.746006 90.079643
v 15.311170 -0.107297 90.110611
v 13.557943 0.860205 92.851654
v 25.443195 0.785977 83.837799
v 26.579344 1.408993 87.164772
v 23.363264 0.325883 86.054642
v 20.114801 0.938035 93.188622
v 20.656929 0.648454 90.465240
v 22.612778 1.825432 90.829102
vn 0.1050 -0.9677 -0.2292
vn -0.0628 -0.9800 0.1886
vn -0.1795 -0.9458 -0.2707
vn -0.1474 -0.9878 -0.0498
vn -0.4261 -0.9022 0.0670
vn 0.1339 -0.9551 0.2643
vn 0.3979 -0.3032 0.8659
vn -0.9815 0.1770 -0.0735
vn -0.0573 -0.9035 0.4248
vn -0.1414 -0.7463 0.6504
vn 0.1131 -0.9796 0.1664
vn 0.1712 0.0533 0.9838
vn -0.4835 0.7830 -0.3913
vn -0.4966 -0.6039 -0.6235
vn -0.3506 -0.4621 0.8145
vn -0.1536 0.9680 -0.1982
vn -0.3121 0.8920 -0.3269
vn -0.8931 0.4097 -0.1856
vn 0.4093 0.9095 -0.0726
vn -0.1085 0.9098 -0.4006
vn 0.2415 0.9287 -0.2814
vn 0.2809 0.9070 -0.3138
vn -0.0556 0.8215 -0.5675
vn 0.2639 0.7254 -0.6358
vn 0.2948 0.8647 -0.4067
vn -0.9062 0.3701 -0.2044
vn -0.4934 0.8419 0.2186
vn -0.8659 0.4558 0.2060
vn -0.0712 0.9805 -0.1830
vn -0.1845 0.9756 -0.1187
vn -0.1392 0.9640 -0.2265
vn 0.4362 0.8756 0.2075
vn -0.2193 0.9118 0.3472
vn 0.0199 0.8300 0.5575
vn 0.0891 0.8117 0.5772
vn 0.5045 -0.7544 -0.4199
vn 0.6077 -0.6675 -0.4303
vn 0.8905 -0.0565 -0.4514
vn -0.3764 -0.2722 -0.8855
vn -0.4057 -0.3300 -0.8524
vn -0.4252 0.8904 -0.1625
vn -0.6280 0.6565 -0.4179
vn -0.2875 -0.8508 0.4400
vn -0.5594 0.8289 -0.0075
vn -0.2964 0.9548 0.0211
vn -0.0896 0.9470 0.3084
vn 0.1764 0.9597 0.2190
vn -0.1904 0.9518 -0.2405
vn -0.0053 0.9840 -0.1781
vn 0.0766 0.9560 0.2833
vn 0.7531 -0.4850 -0.4446
vn 0.6256 -0.7028 -0.3387
vn 0.3702 -0.9214 -0.1184
vn -0.5937 0.7942 -0.1297
vn 0.9340 -0.1635 0.3176
vn 0.3713 -0.9271 -0.0509
vn -0.5434 0.8391 -0.0239
vn -0.8235 0.5651 -0.0497
vn 0.0177 -0.9786 0.2050
vn -0.1820 0.8244 -0.5359
vn 0.1524 -0.5851 0.7965
vn 0.5458 -0.7682 0.3346
vn 0.5040 -0.8612 -0.0659
vn 0.7776 -0.5894 -0.2190
vn 0.6173 0.7441 -0.2555
vn 0.7067 -0.5370 -0.4607
vn 0.3423 -0.8910 -0.2983
vn -0.4402 -0.8737 0.2070
vn -0.4439 -0.8715 0.2085
vn -0.4623 -0.8842 0.0675
vn 0.0321 -0.9993 -0.0213
vn 0.0334 -0.9981 -0.0516
vn -0.2684 -0.9333 -0.2387
vn -0.0672 -0.9392 0.3367
vn 0.3431 -0.9105 -0.2307
vn -0.0111 -0.9822 0.1877
vn 0.2522 -0.9040 0.3452
vn 0.0740 -0.9317 0.3556
vn 0.1935 -0.9708 0.1417
vn 0.2824 -0.9067 0.3132
vn 0.4432 -0.8930 0.0782
vn 0.2755 -0.9216 0.2734
vn 0.0444 -0.9930 0.1096
vn 0.3862 -0.9203 0.0627
vn 0.4808 -0.8567 0.1868
vn 0.4258 -0.8235 0.3750
vn -0.0046 -0.9860 0.1669
vn -0.0169 -0.9765 0.2148
vn 0.3126 -0.9198 0.2373
vn 0.2885 -0.9517 0.1053
vn 0.2098 -0.9332 0.2919
vn -0.1818 -0.9265 0.3294
vn 0.3100 -0.9460 0.0945
vn 0.2939 -0.9526 0.0780
vn 0.1839 -0.9148 0.3597
vn -0.1186 -0.9633 -0.2409
vn -0.0865 -0.9089 -0.4080
vn 0.2969 -0.5955 -0.7464
vn 0.1274 -0.9871 0.0967
vn 0.0946 -0.9909 0.0954
vn 0.1155 -0.9791 0.1673
vn 0.1173 -0.9931 -0.0093
vn -0.2768 -0.9479 0.1576
vn -0.0831 -0.9552 0.2840
vn 0.2329 -0.9614 0.1462
vn -0.0299 -0.9990 -0.0332
vn -0.0219 -0.9950 -0.0974
vn 0.3846 -0.9222 -0.0408
vn 0.3978 -0.8700 0.2912
vn 0.2111 -0.9082 0.3613
vn 0.3431 -0.9390 -0.0242
vn 0.2307 -0.9688 -0.0912
vn 0.2314 -0.9703 -0.0713
vn -0.1226 -0.9037 0.4103
vn -0.1545 -0.9382 0.3097
vn 0.3559 -0.9300 0.0915
vn 0.3237 -0.9453 -0.0416
vn -0.4393 -0.8646 0.2440
vn -0.1143 -0.9063 0.4069
vn 0.3272 -0.9442 -0.0383
vn 0.4329 -0.8700 -0.2360
vn -0.5111 -0.8447 0.1588
vn 0.0709 -0.9969 0.0353
vn 0.6839 -0.4264 -0.5920
vn 0.8655 -0.3971 -0.3054
vn 0.7720 -0.5972 -0.2175
vn 0.6083 -0.7747 -0.1725
vn -0.1949 -0.9718 -0.1329
vn 0.9136 -0.3928 -0.1055
vn 0.9202 -0.3563 -0.1624
vn 0.7315 0.5680 -0.3771
vn 0.8797 -0.4703 0.0702
vn 0.4253 -0.8802 0.2106
vn 0.4024 -0.8963 0.1861
vn 0.1086 -0.6089 0.7858
vn 0.0622 -0.9929 0.1017
vn 0.0456 -0.9908 0.1278
vn 0.3507 -0.8618 0.3664
vn 0.4762 -0.7977 0.3699
vn 0.5087 -0.7495 0.4237
vn -0.3331 0.9166 -0.2213
vn -0.3187 0.9415 -0.1099
vn -0.0160 0.9667 0.2556
vn -0.3893 -0.1754 0.9043
vn -0.0361 -0.8143 0.5793
vn -0.0287 -0.8168 0.5762
vn -0.8378 0.2480 0.4865
vn -0.9170 -0.0326 0.3977
vn -0.4919 -0.8411 0.2250
vn 0.0586 0.9643 -0.2582
vn -0.6017 0.7972 -0.0482
vn -0.6227 0.7759 0.1018
vn -0.9248 0.3688 -0.0932
vn -0.9746 -0.2228 -0.0217
vn -0.6512 0.5771 -0.4929
vn -0.9737 0.2278 0.0048
vn -0.4932 -0.8111 -0.3143
vn 0.3384 -0.9288 -0.1507
vn -0.3244 0.9449 0.0446
vn -0.5611 0.8277 -0.0094
vn -0.2530 0.9585 -0.1316
vn 0.0329 -0.2414 -0.9699
vn 0.0409 -0.4302 -0.9018
vn -0.2596 -0.9124 -0.3164
vn 0.1109 -0.1608 -0.9807
vn 0.5597 -0.7563 -0.3388
vn 0.4325 -0.8902 -0.1435
vn 0.1184 0.9923 0.0363
vn 0.6970 0.1917 -0.6910
vn 0.1405 -0.6961 -0.7040
vn -0.1507 0.8974 0.4148
vn 0.3598 0.8285 0.4291
vn 0.4284 0.6532 0.6244
vn -0.3271 0.9322 -0.1551
vn 0.0492 0.9985 0.0239
vn -0.0246 0.9992 0.0323
vn -0.2314 0.9030 -0.3621
vn -0.3328 0.8692 -0.3658
vn -0.3630 0.9206 -0.1441
vn 0.4682 0.8722 -0.1420
vn 0.3160 0.9150 -0.2508
vn -0.0272 0.9973 -0.0684
vn 0.1280 0.9895 0.0672
vn 0.1227 0.9814 0.1476
vn 0.1768 0.9597 0.2185
vn -0.3001 0.8899 -0.3436
vn -0.2343 0.9484 -0.2136
vn -0.1280 0.9630 -0.2373
vn 0.4018 0.8787 -0.2577
vn 0.2572 0.9663 0.0129
vn 0.0411 0.9860 -0.1617
vn 0.4465 0.8716 -0.2024
vn 0.3986 -0.8443 0.3581
vn -0.8061 -0.4904 -0.3312
vn -0.3281 0.9438 0.0388
vn 0.1704 0.9433 -0.2849
vn 0.3049 0.9452 -0.1167
vn -0.8774 0.4488 -0.1693
vn -0.6164 0.7418 -0.2641
vn -0.4822 0.8656 0.1347
vn -0.7304 -0.0021 -0.6830
vn -0.7343 0.2184 -0.6428
vn -0.4807 0.5326 -0.6967
vn 0.4010 0.9147 -0.0507
vn -0.3759 0.3213 -0.8692
vn -0.4485 0.4375 -0.7794
vn -0.2680 0.9487 -0.1676
vn -0.2862 0.9579 0.0210
vn 0.1186 0.9929 0.0044
vn -0.0561 0.9200 -0.3880
vn 0.3237 0.1382 -0.9360
vn 0.2886 0.8264 -0.4835
vn 0.4423 0.4636 -0.7677
vn 0.4306 0.2369 -0.8709
vn 0.0123 0.5859 -0.8103
vn -0.0418 0.9816 0.1865
vn -0.0450 0.9818 0.1844
vn -0.0773 0.9768 0.1996
vn 0.0880 0.9892 0.1169
vn 0.1319 0.8540 0.5033
vn 0.2291 0.8085 0.5420
vn -0.3064 0.8854 0.3495
vn -0.2282 0.8877 0.4000
vn 0.2436 0.9501 0.1950
vn 0.3019 0.8469 0.4377
vn 0.3501 0.8953 0.2756
vn 0.0489 0.9651 -0.2574
vn 0.1290 0.9823 0.1358
vn 0.1747 0.9782 0.1121
vn 0.2054 0.9779 -0.0388
vn -0.2915 0.8925 0.3443
vn -0.2016 0.9730 -0.1122
vn 0.1025 0.9666 0.2347
vn -0.6607 0.7431 -0.1065
vn -0.1329 0.9543 -0.2677
vn -0.1985 0.9685 -0.1506
vn -0.7339 0.6275 0.2599
vn -0.8570 0.5023 0.1153
vn -0.1578 0.9874 0.0149
vn -0.2249 0.8828 0.4124
vn -0.2780 0.8647 0.4183
vn -0.0857 0.9960 -0.0271
vn -0.9667 0.1856 -0.1763
vn -0.9008 0.4320 -0.0445
vn -0.8924 0.4488 -0.0469
vn -0.4602 0.8610 -0.2163
vn -0.2727 0.8408 -0.4677
vn -0.1481 0.9628 -0.2262
vn -0.1663 0.9333 0.3181
vn -0.2796 0.9600 -0.0169
vn -0.3569 0.9339 -0.0194
vn 0.4416 0.6421 -0.6267
vn 0.3665 0.7502 -0.5504
vn 0.2955 0.9496 -0.1048
vn 0.3990 0.5061 -0.7646
vn 0.1123 0.5258 -0.8431
vn -0.0654 0.7624 -0.6438
vn -0.3157 0.9060 0.2819
vn 0.3162 0.9144 -0.2527
vn 0.2373 0.7291 -0.6419
vn -0.1158 0.8899 -0.4412
vn -0.1507 0.8996 -0.4100
vn -0.1413 0.7619 -0.6321
vn 0.5067 0.6201 -0.5989
vn 0.4723 0.8742 -0.1124
vn -0.1043 0.9537 -0.2822
vn -0.9834 0.1792 -0.0271
vn -0.6944 0.7174 0.0557
vn -0.5201 0.7852 -0.3362
vn -0.6152 0.7880 -0.0263
vn -0.5079 0.8121 -0.2874
vn -0.1767 0.9695 0.1699
vn 0.0129 0.8041 0.5943
vn -0.2812 0.9380 0.2029
vn 0.1205 0.9912 0.0556
vn 0.5953 0.2705 -0.7566
vn 0.1742 -0.8569 -0.4852
vn 0.0227 -0.9863 0.1636
vn -0.3925 0.5725 -0.7199
vn -0.3209 0.6389 -0.6992
vn -0.3528 0.7412 -0.5711
vn -0.9549 0.2619 -0.1400
vn -0.8409 0.3887 -0.3766
vn -0.7981 0.5440 -0.2590
vn -0.0506 0.4889 0.8709
vn 0.1244 0.3280 0.9365
vn 0.1153 0.3085 0.9442
vn 0.6658 0.0873 0.7410
vn 0.5909 0.3069 0.7461
vn 0.5165 0.8457 0.1341
vn 0.5320 -0.8432 -0.0777
vn -0.1221 -0.8784 0.4620
vn 0.4155 -0.8353 0.3600
vn -0.8306 -0.4764 -0.2884
vn 0.1506 -0.9233 0.3534
vn 0.0590 -0.9977 -0.0326
vn -0.9044 0.3901 -0.1730
vn -0.9495 -0.2096 -0.2334
vn -0.3424 -0.9391 -0.0298
vn 0.2729 -0.3902 0.8794
vn 0.2567 -0.4639 0.8479
vn 0.4717 -0.7728 0.4246
vn 0.7852 -0.5454 -0.2932
vn 0.5901 0.7163 -0.3723
vn 0.6329 0.6489 -0.4224
vn 0.2432 -0.9682 0.0580
vn -0.4367 -0.8459 0.3062
vn -0.5171 -0.8270 0.2204
vn -0.3188 -0.9349 0.1558
vn -0.3365 -0.9304 -0.1451
vn -0.1013 -0.9608 -0.2581
vn -0.1015 -0.9449 -0.3114
vn -0.1178 -0.9408 -0.3179
vn 0.0007 -0.9829 0.1843
vn 0.1025 -0.9547 0.2793
vn -0.0203 -0.9197 0.3921
vn 0.2160 -0.8826 0.4177
vn 0.2418 -0.9341 0.2626
vn 0.3049 -0.9422 0.1391
vn 0.3216 -0.9364 0.1406
vt 0.184781 0.635107
vt 0.178145 0.652931
vt 0.210558 0.642301
vt 0.165517 0.720873
vt 0.157539 0.701500
vt 0.132771 0.711770
vt 0.206454 0.624737
vt 0.170164 0.618957
vt 0.153504 0.633265
vt 0.149419 0.728401
vt 0.293142 0.679310
vt 0.256332 0.686976
vt 0.282778 0.690805
vt 0.267788 0.576252
vt 0.295409 0.592526
vt 0.286342 0.588444
vt 0.112694 0.541508
vt 0.149448 0.557550
vt 0.133020 0.534600
vt 0.083004 0.645870
vt 0.095085 0.621244
vt 0.084397 0.634920
vt 0.189094 0.723867
vt 0.323022 0.668900
vt 0.245669 0.574651
vt 0.094085 0.544494
vt 0.077562 0.657511
vt 0.227161 0.700005
vt 0.197902 0.708133
vt 0.212267 0.683914
vt 0.292060 0.623627
vt 0.289148 0.649341
vt 0.262186 0.629919
vt 0.195282 0.573607
vt 0.221714 0.581997
vt 0.188924 0.577469
vt 0.068200 0.590016
vt 0.067944 0.561213
vt 0.102860 0.603509
vt 0.067256 0.724089
vt 0.065129 0.689804
vt 0.095769 0.703785
vt 0.128803 0.683661
vt 0.118249 0.654417
vt 0.153715 0.669078
vt 0.092999 0.667754
vt 0.082381 0.652185
vt 0.093350 0.623423
vt 0.106100 0.636681
vt 0.119747 0.619593
vt 0.144879 0.597064
vt 0.143486 0.639759
vt 0.111788 0.578041
vt 0.113005 0.549878
vt 0.164892 0.562088
vt 0.148633 0.566954
vt 0.188426 0.585297
vt 0.222970 0.611589
vt 0.185541 0.618003
vt 0.220430 0.593903
vt 0.253366 0.592429
vt 0.269717 0.608317
vt 0.243391 0.612550
vt 0.240079 0.635935
vt 0.228615 0.658433
vt 0.211249 0.637294
vt 0.257457 0.656610
vt 0.264833 0.672595
vt 0.240015 0.680671
vt 0.237125 0.671849
vt 0.207800 0.677407
vt 0.174446 0.687484
vt 0.192834 0.663289
vt 0.183910 0.695429
vt 0.162768 0.702573
vt 0.111790 0.716308
vt 0.145743 0.701225
vt 0.079216 0.672201
vt 0.068931 0.666654
vt 0.063184 0.700354
vt 0.076027 0.649026
vt 0.070387 0.618346
vt 0.055251 0.603318
vt 0.080937 0.637101
vt 0.070261 0.561351
vt 0.086264 0.549895
vt 0.040697 0.567997
vt 0.120115 0.544600
vt 0.162021 0.538217
vt 0.184806 0.555026
vt 0.141408 0.547267
vt 0.229138 0.569072
vt 0.248608 0.579702
vt 0.216667 0.568483
vt 0.260657 0.589408
vt 0.303328 0.600028
vt 0.306776 0.610227
vt 0.278172 0.592556
vt 0.348928 0.656710
vt 0.309963 0.668658
vt 0.331400 0.637433
vt 0.308279 0.684390
vt 0.267587 0.700164
vt 0.252023 0.703519
vt 0.271799 0.689125
vt 0.207378 0.728931
vt 0.184782 0.722601
vt 0.224434 0.722310
vt 0.164082 0.729801
vt 0.125963 0.720655
vt 0.090799 0.719534
vt 0.137643 0.716811
vt 0.050667 0.585910
vt 0.073290 0.599495
vt 0.086630 0.587759
vt 0.088039 0.558015
vt 0.069901 0.570035
vt 0.199994 0.548686
vt 0.176705 0.542507
vt 0.193739 0.567686
vt 0.236027 0.570139
vt 0.215031 0.556842
vt 0.336998 0.618818
vt 0.324433 0.602941
vt 0.316259 0.615400
vt 0.315072 0.651534
vt 0.338224 0.632884
vt 0.242004 0.718458
vt 0.246829 0.700957
vt 0.225318 0.690673
vt 0.194203 0.703612
vt 0.218640 0.707206
vt 0.102720 0.695908
vt 0.128103 0.702849
vt 0.108967 0.684164
vt 0.085482 0.660897
vt 0.100976 0.674621
vt 0.126797 0.635832
vt 0.110121 0.614236
vt 0.101727 0.642109
vt 0.137712 0.614048
vt 0.150115 0.596735
vt 0.127984 0.569352
vt 0.113222 0.586806
vt 0.169026 0.585626
vt 0.192498 0.606463
vt 0.230025 0.609332
vt 0.253702 0.589768
vt 0.211246 0.590165
vt 0.271999 0.612294
vt 0.242824 0.628190
vt 0.240113 0.650754
vt 0.274451 0.668219
vt 0.285294 0.635056
vt 0.105833 0.661262
vt 0.129110 0.685343
vt 0.164125 0.677151
vt 0.142871 0.657538
vt 0.231506 0.674461
vt 0.203405 0.663997
vt 0.192383 0.682394
vt 0.178276 0.646754
s 0
f 6446/1582/7860 6519/1583/7860 6488/1584/7860
f 6447/1585/7861 6489/1586/7861 6491/1587/7861
f 6446/1582/7862 6488/1584/7862 6493/1588/7862
f 6446/1582/7863 6493/1588/7863 6495/1589/7863
f 6446/1582/7864 6495/1589/7864 6522/1590/7864
f 6447/1585/7865 6491/1587/7865 6498/1591/7865
f 6448/1592/7866 6490/1593/7866 6500/1594/7866
f 6449/1595/7867 6494/1596/7867 6502/1597/7867
f 6450/1598/7868 6496/1599/7868 6504/1600/7868
f 6451/1601/7869 6497/1602/7869 6506/1603/7869
f 6447/1585/7870 6498/1591/7870 6531/1604/7870
f 6448/1592/7871 6500/1594/7871 6533/1605/7871
f 6449/1595/7872 6502/1597/7872 6535/1606/7872
f 6450/1598/7873 6504/1600/7873 6537/1607/7873
f 6451/1601/7874 6506/1603/7874 6529/1608/7874
f 6452/1609/7875 6508/1610/7875 6513/1611/7875
f 6453/1612/7876 6509/1613/7876 6515/1614/7876
f 6454/1615/7877 6510/1616/7877 6516/1617/7877
f 6455/1618/7878 6511/1619/7878 6517/1620/7878
f 6456/1621/7879 6512/1622/7879 6544/1623/7879
f 6484/1624/7880 6548/1625/7880 6514/1626/7880
f 6484/1624/7881 6549/1627/7881 6548/1625/7881
f 6482/1628/7882 6542/1629/7882 6550/1630/7882
f 6487/1631/7883 6551/1632/7883 6547/1633/7883
f 6487/1631/7884 6552/1634/7884 6551/1632/7884
f 6481/1635/7885 6541/1636/7885 6553/1637/7885
f 6486/1638/7886 6554/1639/7886 6546/1640/7886
f 6486/1638/7887 6555/1641/7887 6554/1639/7887
f 6480/1642/7888 6540/1643/7888 6556/1644/7888
f 6485/1645/7889 6557/1646/7889 6545/1647/7889
f 6485/1645/7890 6558/1648/7890 6557/1646/7890
f 6479/1649/7891 6539/1650/7891 6559/1651/7891
f 6483/1652/7892 6560/1653/7892 6543/1654/7892
f 6483/1652/7893 6561/1655/7893 6560/1653/7893
f 6478/1656/7894 6538/1657/7894 6562/1658/7894
f 6469/1659/7895 6563/1660/7895 6499/1661/7895
f 6469/1659/7896 6564/1662/7896 6563/1660/7896
f 6476/1663/7897 6536/1664/7897 6565/1665/7897
f 6477/1666/7898 6566/1667/7898 6507/1668/7898
f 6477/1666/7899 6567/1669/7899 6566/1667/7899
f 6474/1670/7900 6534/1671/7900 6568/1672/7900
f 6475/1673/7901 6569/1674/7901 6505/1675/7901
f 6475/1673/7902 6570/1676/7902 6569/1674/7902
f 6472/1677/7903 6532/1678/7903 6571/1679/7903
f 6473/1680/7904 6572/1681/7904 6503/1682/7904
f 6473/1680/7905 6573/1683/7905 6572/1681/7905
f 6470/1684/7906 6530/1685/7906 6574/1686/7906
f 6471/1687/7907 6575/1688/7907 6501/1689/7907
f 6471/1687/7908 6576/1690/7908 6575/1688/7908
f 6468/1691/7909 6528/1692/7909 6577/1693/7909
f 6476/1663/7910 6578/1694/7910 6536/1664/7910
f 6476/1663/7911 6579/1695/7911 6578/1694/7911
f 6467/1696/7912 6527/1697/7912 6580/1698/7912
f 6474/1670/7913 6581/1699/7913 6534/1671/7913
f 6474/1670/7914 6582/1700/7914 6581/1699/7914
f 6466/1701/7915 6526/1702/7915 6583/1703/7915
f 6472/1677/7916 6584/1704/7916 6532/1678/7916
f 6472/1677/7917 6585/1705/7917 6584/1704/7917
f 6464/1706/7918 6524/1707/7918 6586/1708/7918
f 6470/1684/7919 6587/1709/7919 6530/1685/7919
f 6470/1684/7920 6588/1710/7920 6587/1709/7920
f 6460/1711/7921 6520/1712/7921 6589/1713/7921
f 6468/1691/7922 6590/1714/7922 6528/1692/7922
f 6468/1691/7923 6591/1715/7923 6590/1714/7923
f 6461/1716/7924 6521/1717/7924 6592/1718/7924
f 6462/1719/7925 6593/1720/7925 6492/1721/7925
f 6462/1719/7926 6594/1722/7926 6593/1720/7926
f 6465/1723/7927 6525/1724/7927 6595/1725/7927
f 6465/1723/7928 6596/1726/7928 6525/1724/7928
f 6465/1723/7929 6597/1727/7929 6596/1726/7929
f 6463/1728/7930 6523/1729/7930 6598/1730/7930
f 6463/1728/7931 6599/1731/7931 6523/1729/7931
f 6463/1728/7932 6600/1732/7932 6599/1731/7932
f 6458/1733/7933 6518/1734/7933 6601/1735/7933
f 6461/1716/7934 6602/1736/7934 6521/1717/7934
f 6461/1716/7935 6603/1737/7935 6602/1736/7935
f 6459/1738/7936 6519/1583/7936 6604/1739/7936
f 6458/1733/7937 6605/1740/7937 6518/1734/7937
f 6458/1733/7938 6606/1741/7938 6605/1740/7938
f 6459/1738/7939 6489/1586/7939 6607/1742/7939
f 6607/1742/7940 6520/1712/7940 6460/1711/7940
f 6607/1742/7941 6489/1586/7941 6520/1712/7941
f 6489/1586/7942 6447/1585/7942 6520/1712/7942
f 6605/1740/7943 6607/1742/7943 6460/1711/7943
f 6605/1740/7944 6606/1741/7944 6607/1742/7944
f 6606/1741/7945 6459/1738/7945 6607/1742/7945
f 6518/1734/7946 6490/1593/7946 6448/1592/7946
f 6518/1734/7947 6605/1740/7947 6490/1593/7947
f 6605/1740/7948 6460/1711/7948 6490/1593/7948
f 6604/1739/7949 6522/1590/7949 6462/1719/7949
f 6604/1739/7950 6519/1583/7950 6522/1590/7950
f 6519/1583/7951 6446/1582/7951 6522/1590/7951
f 6602/1736/7952 6604/1739/7952 6462/1719/7952
f 6602/1736/7953 6603/1737/7953 6604/1739/7953
f 6603/1737/7954 6459/1738/7954 6604/1739/7954
f 6521/1717/7955 6492/1721/7955 6451/1601/7955
f 6521/1717/7956 6602/1736/7956 6492/1721/7956
f 6602/1736/7957 6462/1719/7957 6492/1721/7957
f 6601/1735/7958 6524/1707/7958 6464/1706/7958
f 6601/1735/7959 6518/1734/7959 6524/1707/7959
f 6518/1734/7960 6448/1592/7960 6524/1707/7960
f 6599/1731/7961 6601/1735/7961 6464/1706/7961
f 6599/1731/7962 6600/1732/7962 6601/1735/7962
f 6600/1732/7963 6458/1733/7963 6601/1735/7963
f 6523/1729/7964 6494/1596/7964 6449/1595/7964
f 6523/1729/7965 6599/1731/7965 6494/1596/7965
f 6599/1731/7966 6464/1706/7966 6494/1596/7966
f 6598/1730/7967 6526/1702/7967 6466/1701/7967
f 6598/1730/7968 6523/1729/7968 6526/1702/7968
f 6523/1729/7969 6449/1595/7969 6526/1702/7969
f 6596/1726/7970 6598/1730/7970 6466/1701/7970
f 6596/1726/7971 6597/1727/7971 6598/1730/7971
f 6597/1727/7972 6463/1728/7972 6598/1730/7972
f 6525/1724/7973 6496/1599/7973 6450/1598/7973
f 6525/1724/7974 6596/1726/7974 6496/1599/7974
f 6596/1726/7975 6466/1701/7975 6496/1599/7975
f 6595/1725/7976 6527/1697/7976 6467/1696/7976
f 6595/1725/7977 6525/1724/7977 6527/1697/7977
f 6525/1724/7978 6450/1598/7978 6527/1697/7978
f 6593/1720/7979 6595/1725/7979 6467/1696/7979
f 6593/1720/7980 6594/1722/7980 6595/1725/7980
f 6594/1722/7981 6465/1723/7981 6595/1725/7981
f 6492/1721/7982 6497/1602/7982 6451/1601/7982
f 6492/1721/7983 6593/1720/7983 6497/1602/7983
f 6593/1720/7984 6467/1696/7984 6497/1602/7984
f 6592/1718/7985 6529/1608/7985 6469/1659/7985
f 6592/1718/7986 6521/1717/7986 6529/1608/7986
f 6521/1717/7987 6451/1601/7987 6529/1608/7987
f 6590/1714/7988 6592/1718/7988 6469/1659/7988
f 6590/1714/7989 6591/1715/7989 6592/1718/7989
f 6591/1715/7990 6461/1716/7990 6592/1718/7990
f 6528/1692/7991 6499/1661/7991 6456/1621/7991
f 6528/1692/7992 6590/1714/7992 6499/1661/7992
f 6590/1714/7993 6469/1659/7993 6499/1661/7993
f 6589/1713/7994 6531/1604/7994 6471/1687/7994
f 6589/1713/7995 6520/1712/7995 6531/1604/7995
f 6520/1712/7996 6447/1585/7996 6531/1604/7996
f 6587/1709/7997 6589/1713/7997 6471/1687/7997
f 6587/1709/7998 6588/1710/7998 6589/1713/7998
f 6588/1710/7999 6460/1711/7999 6589/1713/7999
f 6530/1685/8000 6501/1689/8000 6452/1609/8000
f 6530/1685/8001 6587/1709/8001 6501/1689/8001
f 6587/1709/8002 6471/1687/8002 6501/1689/8002
f 6586/1708/8003 6533/1605/8003 6473/1680/8003
f 6586/1708/8004 6524/1707/8004 6533/1605/8004
f 6524/1707/8005 6448/1592/8005 6533/1605/8005
f 6584/1704/8006 6586/1708/8006 6473/1680/8006
f 6584/1704/8007 6585/1705/8007 6586/1708/8007
f 6585/1705/8008 6464/1706/8008 6586/1708/8008
f 6532/1678/8009 6503/1682/8009 6453/1612/8009
f 6532/1678/8010 6584/1704/8010 6503/1682/8010
f 6584/1704/8011 6473/1680/8011 6503/1682/8011
f 6583/1703/8012 6535/1606/8012 6475/1673/8012
f 6583/1703/8013 6526/1702/8013 6535/1606/8013
f 6526/1702/8014 6449/1595/8014 6535/1606/8014
f 6581/1699/8015 6583/1703/8015 6475/1673/8015
f 6581/1699/8016 6582/1700/8016 6583/1703/8016
f 6582/1700/8017 6466/1701/8017 6583/1703/8017
f 6534/1671/8018 6505/1675/8018 6454/1615/8018
f 6534/1671/8019 6581/1699/8019 6505/1675/8019
f 6581/1699/8020 6475/1673/8020 6505/1675/8020
f 6580/1698/8021 6537/1607/8021 6477/1666/8021
f 6580/1698/8022 6527/1697/8022 6537/1607/8022
f 6527/1697/8023 6450/1598/8023 6537/1607/8023
f 6578/1694/8024 6580/1698/8024 6477/1666/8024
f 6578/1694/8025 6579/1695/8025 6580/1698/8025
f 6579/1695/8026 6467/1696/8026 6580/1698/8026
f 6536/1664/8027 6507/1668/8027 6455/1618/8027
f 6536/1664/8028 6578/1694/8028 6507/1668/8028
f 6578/1694/8029 6477/1666/8029 6507/1668/8029
f 6577/1693/8030 6538/1657/8030 6478/1656/8030
f 6577/1693/8031 6528/1692/8031 6538/1657/8031
f 6528/1692/8032 6456/1621/8032 6538/1657/8032
f 6575/1688/8033 6577/1693/8033 6478/1656/8033
f 6575/1688/8034 6576/1690/8034 6577/1693/8034
f 6576/1690/8035 6468/1691/8035 6577/1693/8035
f 6501/1689/8036 6508/1610/8036 6452/1609/8036
f 6501/1689/8037 6575/1688/8037 6508/1610/8037
f 6575/1688/8038 6478/1656/8038 6508/1610/8038
f 6574/1686/8039 6539/1650/8039 6479/1649/8039
f 6574/1686/8040 6530/1685/8040 6539/1650/8040
f 6530/1685/8041 6452/1609/8041 6539/1650/8041
f 6572/1681/8042 6574/1686/8042 6479/1649/8042
f 6572/1681/8043 6573/1683/8043 6574/1686/8043
f 6573/1683/8044 6470/1684/8044 6574/1686/8044
f 6503/1682/8045 6509/1613/8045 6453/1612/8045
f 6503/1682/8046 6572/1681/8046 6509/1613/8046
f 6572/1681/8047 6479/1649/8047 6509/1613/8047
f 6571/1679/8048 6540/1643/8048 6480/1642/8048
f 6571/1679/8049 6532/1678/8049 6540/1643/8049
f 6532/1678/8050 6453/1612/8050 6540/1643/8050
f 6569/1674/8051 6571/1679/8051 6480/1642/8051
f 6569/1674/8052 6570/1676/8052 6571/1679/8052
f 6570/1676/8053 6472/1677/8053 6571/1679/8053
f 6505/1675/8054 6510/1616/8054 6454/1615/8054
f 6505/1675/8055 6569/1674/8055 6510/1616/8055
f 6569/1674/8056 6480/1642/8056 6510/1616/8056
f 6568/1672/8057 6541/1636/8057 6481/1635/8057
f 6568/1672/8058 6534/1671/8058 6541/1636/8058
f 6534/1671/8059 6454/1615/8059 6541/1636/8059
f 6566/1667/8060 6568/1672/8060 6481/1635/8060
f 6566/1667/8061 6567/1669/8061 6568/1672/8061
f 6567/1669/8062 6474/1670/8062 6568/1672/8062
f 6507/1668/8063 6511/1619/8063 6455/1618/8063
f 6507/1668/8064 6566/1667/8064 6511/1619/8064
f 6566/1667/8065 6481/1635/8065 6511/1619/8065
f 6565/1665/8066 6542/1629/8066 6482/1628/8066
f 6565/1665/8067 6536/1664/8067 6542/1629/8067
f 6536/1664/8068 6455/1618/8068 6542/1629/8068
f 6563/1660/8069 6565/1665/8069 6482/1628/8069
f 6563/1660/8070 6564/1662/8070 6565/1665/8070
f 6564/1662/8071 6476/1663/8071 6565/1665/8071
f 6499/1661/8072 6512/1622/8072 6456/1621/8072
f 6499/1661/8073 6563/1660/8073 6512/1622/8073
f 6563/1660/8074 6482/1628/8074 6512/1622/8074
f 6562/1658/8075 6544/1623/8075 6484/1624/8075
f 6562/1658/8076 6538/1657/8076 6544/1623/8076
f 6538/1657/8077 6456/1621/8077 6544/1623/8077
f 6560/1653/8078 6562/1658/8078 6484/1624/8078
f 6560/1653/8079 6561/1655/8079 6562/1658/8079
f 6561/1655/8080 6478/1656/8080 6562/1658/8080
f 6543/1654/8081 6514/1626/8081 6457/1743/8081
f 6543/1654/8082 6560/1653/8082 6514/1626/8082
f 6560/1653/8083 6484/1624/8083 6514/1626/8083
f 6559/1651/8084 6513/1611/8084 6483/1652/8084
f 6559/1651/8085 6539/1650/8085 6513/1611/8085
f 6539/1650/8086 6452/1609/8086 6513/1611/8086
f 6557/1646/8087 6559/1651/8087 6483/1652/8087
f 6557/1646/8088 6558/1648/8088 6559/1651/8088
f 6558/1648/8089 6479/1649/8089 6559/1651/8089
f 6545/1647/8090 6543/1654/8090 6457/1743/8090
f 6545/1647/8091 6557/1646/8091 6543/1654/8091
f 6557/1646/8092 6483/1652/8092 6543/1654/8092
f 6556/1644/8093 6515/1614/8093 6485/1645/8093
f 6556/1644/8094 6540/1643/8094 6515/1614/8094
f 6540/1643/8095 6453/1612/8095 6515/1614/8095
f 6554/1639/8096 6556/1644/8096 6485/1645/8096
f 6554/1639/8097 6555/1641/8097 6556/1644/8097
f 6555/1641/8098 6480/1642/8098 6556/1644/8098
f 6546/1640/8099 6545/1647/8099 6457/1743/8099
f 6546/1640/8100 6554/1639/8100 6545/1647/8100
f 6554/1639/8101 6485/1645/8101 6545/1647/8101
f 6553/1637/8102 6516/1617/8102 6486/1638/8102
f 6553/1637/8103 6541/1636/8103 6516/1617/8103
f 6541/1636/8104 6454/1615/8104 6516/1617/8104
f 6551/1632/8105 6553/1637/8105 6486/1638/8105
f 6551/1632/8106 6552/1634/8106 6553/1637/8106
f 6552/1634/8107 6481/1635/8107 6553/1637/8107
f 6547/1633/8108 6546/1640/8108 6457/1743/8108
f 6547/1633/8109 6551/1632/8109 6546/1640/8109
f 6551/1632/8110 6486/1638/8110 6546/1640/8110
f 6550/1630/8111 6517/1620/8111 6487/1631/8111
f 6550/1630/8112 6542/1629/8112 6517/1620/8112
f 6542/1629/8113 6455/1618/8113 6517/1620/8113
f 6548/1625/8114 6550/1630/8114 6487/1631/8114
f 6548/1625/8115 6549/1627/8115 6550/1630/8115
f 6549/1627/8116 6482/1628/8116 6550/1630/8116
f 6514/1626/8117 6547/1633/8117 6457/1743/8117
f 6514/1626/8118 6548/1625/8118 6547/1633/8118
f 6548/1625/8119 6487/1631/8119 6547/1633/8119
f 6544/1623/8120 6549/1627/8120 6484/1624/8120
f 6544/1623/8121 6512/1622/8121 6549/1627/8121
f 6512/1622/8122 6482/1628/8122 6549/1627/8122
f 6517/1620/8123 6552/1634/8123 6487/1631/8123
f 6517/1620/8124 6511/1619/8124 6552/1634/8124
f 6511/1619/8125 6481/1635/8125 6552/1634/8125
f 6516/1617/8126 6555/1641/8126 6486/1638/8126
f 6516/1617/8127 6510/1616/8127 6555/1641/8127
f 6510/1616/8128 6480/1642/8128 6555/1641/8128
f 6515/1614/8129 6558/1648/8129 6485/1645/8129
f 6515/1614/8130 6509/1613/8130 6558/1648/8130
f 6509/1613/8131 6479/1649/8131 6558/1648/8131
f 6513/1611/8132 6561/1655/8132 6483/1652/8132
f 6513/1611/8133 6508/1610/8133 6561/1655/8133
f 6508/1610/8134 6478/1656/8134 6561/1655/8134
f 6529/1608/8135 6564/1662/8135 6469/1659/8135
f 6529/1608/8136 6506/1603/8136 6564/1662/8136
f 6506/1603/8137 6476/1663/8137 6564/1662/8137
f 6537/1607/8138 6567/1669/8138 6477/1666/8138
f 6537/1607/8139 6504/1600/8139 6567/1669/8139
f 6504/1600/8140 6474/1670/8140 6567/1669/8140
f 6535/1606/8141 6570/1676/8141 6475/1673/8141
f 6535/1606/8142 6502/1597/8142 6570/1676/8142
f 6502/1597/8143 6472/1677/8143 6570/1676/8143
f 6533/1605/8144 6573/1683/8144 6473/1680/8144
f 6533/1605/8145 6500/1594/8145 6573/1683/8145
f 6500/1594/8146 6470/1684/8146 6573/1683/8146
f 6531/1604/8147 6576/1690/8147 6471/1687/8147
f 6531/1604/8148 6498/1591/8148 6576/1690/8148
f 6498/1591/8149 6468/1691/8149 6576/1690/8149
f 6506/1603/8150 6579/1695/8150 6476/1663/8150
f 6506/1603/8151 6497/1602/8151 6579/1695/8151
f 6497/1602/8152 6467/1696/8152 6579/1695/8152
f 6504/1600/8153 6582/1700/8153 6474/1670/8153
f 6504/1600/8154 6496/1599/8154 6582/1700/8154
f 6496/1599/8155 6466/1701/8155 6582/1700/8155
f 6502/1597/8156 6585/1705/8156 6472/1677/8156
f 6502/1597/8157 6494/1596/8157 6585/1705/8157
f 6494/1596/8158 6464/1706/8158 6585/1705/8158
f 6500/1594/8159 6588/1710/8159 6470/1684/8159
f 6500/1594/8160 6490/1593/8160 6588/1710/8160
f 6490/1593/8161 6460/1711/8161 6588/1710/8161
f 6498/1591/8162 6591/1715/8162 6468/1691/8162
f 6498/1591/8163 6491/1587/8163 6591/1715/8163
f 6491/1587/8164 6461/1716/8164 6591/1715/8164
f 6522/1590/8165 6594/1722/8165 6462/1719/8165
f 6522/1590/8166 6495/1589/8166 6594/1722/8166
f 6495/1589/8167 6465/1723/8167 6594/1722/8167
f 6495/1589/8168 6597/1727/8168 6465/1723/8168
f 6495/1589/8169 6493/1588/8169 6597/1727/8169
f 6493/1588/8170 6463/1728/8170 6597/1727/8170
f 6493/1588/8171 6600/1732/8171 6463/1728/8171
f 6493/1588/8172 6488/1584/8172 6600/1732/8172
f 6488/1584/8173 6458/1733/8173 6600/1732/8173
f 6491/1587/8174 6603/1737/8174 6461/1716/8174
f 6491/1587/8175 6489/1586/8175 6603/1737/8175
f 6489/1586/8176 6459/1738/8176 6603/1737/8176
f 6488/1584/8177 6606/1741/8177 6458/1733/8177
f 6488/1584/8178 6519/1583/8178 6606/1741/8178
f 6519/1583/8179 6459/1738/8179 6606/1741/8179
o collidable.012
v 18.049513 1.147438 44.531116
v 15.822746 2.519586 34.122532
v 26.845312 1.596507 38.664581
v 24.393332 1.777094 50.791252
v 13.522272 1.559643 54.768700
v 10.284765 2.858456 44.379589
v 21.136192 2.685858 36.925438
v 25.874973 3.155076 46.098396
v 19.123569 2.955177 51.449009
v 10.315870 3.356497 50.428936
v 8.826070 5.553948 36.773941
v 17.615755 5.649962 45.105392
v 22.602287 0.559118 42.082714
v 16.048300 1.666533 39.568451
v 21.147545 1.541205 37.378353
v 11.217959 1.380911 38.693314
v 13.231497 0.543417 44.477917
v 21.602314 1.958386 47.534443
v 28.434240 1.166395 46.272266
v 15.715335 1.869436 49.192772
v 19.064457 2.325329 51.974213
v 10.949799 1.305434 50.318420
v 12.721631 3.622579 35.292931
v 9.540017 2.907794 41.293392
v 24.432396 2.787592 36.809303
v 19.330532 3.564779 33.741386
v 26.590439 3.047453 48.467762
v 30.088650 3.553760 42.384022
v 17.074286 2.733801 54.779190
v 21.520966 2.399573 51.704456
v 9.686666 2.547297 47.379665
v 10.608566 2.590564 53.070072
v 15.833763 2.993442 37.087086
v 23.725103 4.278658 41.291580
v 23.127213 2.848768 49.385761
v 14.187131 4.952171 53.858162
v 10.309358 3.325414 43.862297
v 19.562429 3.876220 40.705036
v 13.890779 5.412748 41.249393
v 21.916626 4.326455 45.431404
v 18.567019 5.484904 50.693192
v 13.941181 5.148344 47.779991
v 20.165371 0.281796 43.179035
v 15.353546 2.533458 36.905865
v 23.852209 1.294024 37.581184
v 13.038141 2.118084 35.244389
v 11.746597 2.800503 44.707310
v 19.807863 1.555527 45.799240
v 26.422100 1.893219 49.031975
v 17.029058 1.664734 46.645893
v 16.090939 2.704286 53.106800
v 11.592663 2.904581 47.067142
v 14.351104 2.573613 33.134117
v 8.243972 4.046324 38.575588
v 25.733150 2.480636 37.773113
v 20.769709 3.446342 34.495255
v 25.561445 2.431125 49.580605
v 28.530409 3.736099 44.682800
v 15.082022 2.023636 55.273285
v 20.646454 2.473306 51.815125
v 10.490552 2.634094 45.528126
v 9.021978 3.821020 52.601166
v 18.677212 2.776335 36.008087
v 25.471800 4.039402 43.687878
v 20.965784 2.519683 50.493492
v 11.244656 4.748463 53.096672
v 8.913799 4.663131 40.292973
v 19.990194 2.400681 38.931282
v 15.907511 6.359978 43.290173
v 23.691032 3.336202 45.607445
v 18.657297 3.811411 51.191292
v 12.597884 3.599250 49.023285
v 25.284664 1.447909 40.124935
v 17.372555 0.866029 42.229343
v 18.397814 2.601270 36.509270
v 9.908936 2.058344 42.214054
v 15.431351 0.200395 44.548935
v 23.326691 2.064019 49.518692
v 28.551725 1.344081 42.024788
v 14.418577 2.154255 52.071209
v 22.179224 1.341761 51.498322
v 11.362668 0.886015 53.320297
v 10.238829 4.526930 36.371922
v 9.413371 2.251364 42.758160
v 23.190695 2.666725 36.324669
v 17.830164 2.593922 33.648666
v 26.784645 3.313529 47.486481
v 28.980656 2.126652 40.221333
v 18.498785 2.966164 53.197304
v 22.802343 1.752139 51.040260
v 9.044168 3.012888 49.114956
v 12.175795 1.557350 54.568520
v 12.035852 4.846472 36.979511
v 22.175200 2.820421 39.504704
v 24.266321 3.017405 47.750061
v 17.168480 3.746466 52.654144
v 11.348623 2.646174 46.764023
v 18.502617 4.850529 42.937523
v 11.256563 5.453149 39.072674
v 19.905136 4.457963 45.451309
v 18.240446 6.039818 47.950077
v 15.567949 6.768027 46.360291
v 13.561844 5.610472 44.530067
v 11.240376 4.396513 42.580967
v 12.361807 3.508347 45.562744
v 15.926939 6.314802 49.974693
v 13.909073 5.288803 51.555115
v 16.243792 5.257760 52.348568
v 20.754923 4.493378 47.987759
v 20.772327 3.193645 49.431320
v 22.413870 2.930550 47.393330
v 21.052855 4.609114 43.206165
v 23.063080 4.680070 43.331261
v 21.751369 3.987665 41.313770
v 17.049915 5.017816 40.382072
v 17.623724 3.291955 38.164524
v 14.762570 4.654915 38.589016
v 9.045296 3.367654 42.256546
v 9.585577 2.584361 43.927948
v 10.333052 3.005737 45.433460
v 12.247059 3.866122 53.996826
v 14.182558 2.452902 54.399250
v 15.704334 3.275275 54.040241
v 22.736715 3.083908 50.676949
v 23.471277 3.494981 49.762363
v 24.628868 3.616052 49.414707
v 26.924725 4.419205 41.652039
v 27.249268 3.655519 39.309418
v 24.475515 3.653485 38.865719
v 17.500237 3.371744 34.553024
v 15.689919 3.200947 33.454288
v 13.725971 3.613053 35.763664
v 8.873071 2.668389 50.814312
v 9.971102 1.902083 49.230831
v 10.050367 1.495879 52.214828
v 19.573345 2.273665 53.721733
v 18.020966 2.649757 54.352093
v 20.643751 1.670204 52.903519
v 29.316761 2.650768 46.267330
v 28.647285 1.847242 47.801262
v 30.177299 1.440835 44.238373
v 22.269356 3.151530 34.698040
v 22.865255 2.156787 36.304466
v 20.419994 2.611503 35.914692
v 11.209420 3.515736 38.599556
v 12.880762 2.559170 36.867729
v 10.881975 1.918154 40.328968
v 12.342480 1.216855 47.315830
v 14.320820 0.121428 46.932060
v 12.838916 0.766137 50.237236
v 17.256151 3.051796 50.416649
v 18.791534 2.636580 48.159008
v 20.226700 2.279625 49.686951
v 24.852531 1.598620 46.936958
v 22.830574 0.551275 44.890514
v 26.049641 1.358901 44.177399
v 11.333595 1.378009 41.737732
v 12.981175 1.592107 38.577446
v 14.360573 0.841861 41.784172
v 21.785480 0.963404 39.200199
v 19.429745 0.908298 40.697548
v 18.378393 1.909860 38.899067
vn -0.2634 -0.9452 0.1930
vn 0.1549 -0.9874 0.0310
vn -0.0971 -0.9003 0.4244
vn 0.0399 -0.9660 0.2555
vn 0.3186 -0.8738 0.3675
vn 0.0751 -0.9833 -0.1655
vn 0.3466 -0.4132 -0.8421
vn 0.6264 0.2487 0.7388
vn 0.3244 -0.9351 -0.1427
vn 0.5499 -0.7957 -0.2540
vn 0.0178 -0.9966 -0.0810
vn 0.5972 -0.0556 -0.8002
vn 0.0688 0.8485 0.5248
vn -0.1261 -0.5048 0.8540
vn 0.8202 -0.5157 -0.2477
vn -0.0133 0.9910 0.1333
vn 0.0005 0.9388 0.3443
vn 0.4903 0.4850 0.7242
vn -0.3109 0.8827 -0.3523
vn -0.1926 0.9501 0.2453
vn -0.3464 0.9337 -0.0910
vn -0.3976 0.9126 -0.0949
vn -0.3523 0.8754 0.3311
vn -0.6241 0.7652 0.1579
vn -0.4756 0.8789 -0.0367
vn 0.4846 0.4484 0.7510
vn 0.5195 0.8474 0.1096
vn 0.7568 0.4903 0.4323
vn -0.0586 0.9964 0.0619
vn 0.0659 0.9927 0.1005
vn -0.0438 0.9888 0.1426
vn -0.1271 0.8196 -0.5586
vn 0.4261 0.8857 -0.1843
vn 0.4119 0.7677 -0.4909
vn 0.3782 0.7430 -0.5522
vn -0.6710 -0.7414 0.0094
vn -0.7473 -0.6610 -0.0682
vn -0.9415 -0.0712 -0.3295
vn -0.3903 -0.1576 0.9071
vn -0.3476 -0.2163 0.9123
vn 0.1975 0.9286 0.3143
vn 0.1458 0.7351 0.6621
vn 0.4951 -0.8688 0.0071
vn 0.4006 0.8612 0.3128
vn 0.2437 0.9658 0.0886
vn 0.3097 0.9158 -0.2557
vn 0.0621 0.9194 -0.3884
vn -0.0190 0.9815 0.1905
vn -0.1003 0.9949 0.0105
vn 0.1773 0.9160 -0.3598
vn -0.8530 -0.4882 -0.1848
vn -0.6941 -0.7063 -0.1395
vn -0.3642 -0.9279 -0.0796
vn 0.3347 0.8411 0.4249
vn -0.4163 -0.2563 -0.8724
vn -0.3161 -0.9404 -0.1257
vn 0.3781 0.8719 0.3112
vn 0.5450 0.6211 0.5632
vn 0.1115 -0.9930 -0.0385
vn -0.2424 0.8836 0.4006
vn 0.4579 -0.6698 -0.5846
vn -0.1525 -0.8324 -0.5329
vn -0.4166 -0.8823 -0.2190
vn -0.7089 -0.6157 -0.3441
vn -0.5908 0.7226 -0.3587
vn -0.8341 -0.5351 -0.1343
vn -0.4747 -0.8781 0.0597
vn 0.4305 -0.8584 0.2789
vn 0.4342 -0.8561 0.2803
vn 0.3443 -0.8535 0.3911
vn -0.0632 -0.9922 0.1077
vn -0.0860 -0.9881 0.1273
vn -0.0124 -0.8851 0.4653
vn 0.2664 -0.9612 -0.0714
vn -0.4267 -0.9043 0.0153
vn 0.1186 -0.9929 -0.0055
vn 0.0537 -0.9485 -0.3121
vn 0.1831 -0.9651 -0.1872
vn -0.0552 -0.9908 -0.1233
vn 0.0096 -0.9501 -0.3119
vn -0.2710 -0.9241 -0.2695
vn -0.0148 -0.9605 -0.2780
vn 0.0234 -0.9997 0.0089
vn -0.2438 -0.9458 -0.2146
vn -0.2172 -0.9013 -0.3749
vn -0.0420 -0.8831 -0.4673
vn 0.0989 -0.9951 0.0045
vn 0.1424 -0.9896 -0.0203
vn -0.0665 -0.9576 -0.2804
vn -0.1465 -0.9746 -0.1694
vn 0.0435 -0.9694 -0.2418
vn 0.3402 -0.9402 0.0149
vn -0.1690 -0.9694 -0.1782
vn -0.1700 -0.9732 -0.1546
vn 0.1109 -0.9561 -0.2714
vn -0.1178 -0.9247 0.3621
vn -0.2597 -0.8564 0.4463
vn -0.7609 -0.5375 0.3633
vn -0.0429 -0.9982 -0.0429
vn -0.0213 -0.9996 -0.0179
vn 0.0168 -0.9964 -0.0834
vn -0.1129 -0.9929 0.0373
vn 0.2804 -0.9382 0.2031
vn 0.2387 -0.9708 -0.0221
vn -0.0788 -0.9846 -0.1559
vn -0.0292 -0.9866 0.1606
vn -0.0811 -0.9768 0.1981
vn -0.3178 -0.9373 -0.1428
vn -0.0848 -0.9192 -0.3845
vn 0.0935 -0.9515 -0.2929
vn -0.2777 -0.9529 -0.1221
vn -0.2497 -0.9683 0.0083
vn -0.2357 -0.9718 -0.0056
vn 0.3588 -0.9295 -0.0857
vn 0.3068 -0.9517 0.0100
vn -0.2023 -0.9563 -0.2112
vn -0.2770 -0.9561 -0.0955
vn 0.4570 -0.8530 0.2520
vn 0.3505 -0.9323 -0.0890
vn -0.2771 -0.9556 -0.1003
vn -0.4913 -0.8695 -0.0507
vn 0.4451 -0.8201 0.3595
vn -0.0487 -0.9980 0.0408
vn -0.9108 -0.4107 -0.0413
vn -0.8271 -0.4221 -0.3712
vn -0.7041 -0.6233 -0.3402
vn -0.5634 -0.7930 -0.2319
vn 0.0127 -0.9387 0.3446
vn -0.7150 -0.4408 -0.5426
vn -0.7599 -0.3994 -0.5128
vn -0.7622 0.5521 -0.3379
vn -0.5663 -0.5328 -0.6288
vn -0.1624 -0.9232 -0.3483
vn -0.1648 -0.9353 -0.3132
vn 0.4796 -0.6894 -0.5428
vn 0.0055 -1.0000 0.0015
vn 0.0359 -0.9993 -0.0046
vn 0.0024 -0.9153 -0.4027
vn -0.0798 -0.8605 -0.5032
vn -0.0618 -0.8201 -0.5689
vn 0.0921 0.9542 0.2847
vn 0.1637 0.9670 0.1955
vn 0.2211 0.9356 -0.2752
vn 0.9192 -0.2373 -0.3143
vn 0.4241 -0.8633 -0.2737
vn 0.4167 -0.8659 -0.2767
vn 0.9355 0.2544 0.2451
vn 0.9184 -0.0101 0.3955
vn 0.4800 -0.8243 0.3002
vn -0.2029 0.9790 0.0212
vn 0.3994 0.8366 0.3748
vn 0.5221 0.8020 0.2903
vn 0.5781 0.4373 0.6889
vn 0.6490 -0.1538 0.7451
vn 0.1053 0.6652 0.7392
vn 0.6791 0.2910 0.6739
vn 0.0905 -0.7413 0.6651
vn -0.3660 -0.9300 -0.0337
vn 0.2797 0.9555 0.0940
vn 0.4005 0.8603 0.3155
vn 0.1031 0.9816 0.1608
vn -0.7323 -0.1462 0.6651
vn -0.6933 -0.3409 0.6350
vn -0.0743 -0.8573 0.5095
vn -0.7918 -0.0703 0.6067
vn -0.6502 -0.7550 -0.0855
vn -0.4244 -0.8986 -0.1111
vn -0.0297 0.9737 -0.2259
vn -0.9757 0.2118 -0.0553
vn -0.6252 -0.6311 0.4592
vn 0.4275 0.8601 -0.2782
vn 0.0850 0.7561 -0.6489
vn 0.1750 0.5582 -0.8111
vn 0.1364 0.9627 0.2335
vn 0.0091 0.9857 -0.1682
vn 0.0660 0.9905 -0.1207
vn -0.0803 0.9478 0.3087
vn -0.0142 0.9214 0.3885
vn 0.1688 0.9526 0.2532
vn -0.4027 0.8486 -0.3432
vn -0.3759 0.9120 -0.1641
vn -0.0053 0.9987 -0.0500
vn -0.0139 0.9672 -0.2536
vn 0.0479 0.9516 -0.3036
vn 0.0615 0.9194 -0.3884
vn -0.0200 0.9375 0.3473
vn 0.0306 0.9784 0.2043
vn -0.0594 0.9881 0.1419
vn -0.4408 0.8709 -0.2172
vn -0.1428 0.9409 -0.3073
vn -0.1203 0.9921 -0.0344
vn -0.4316 0.8554 -0.2863
vn -0.0361 -0.9004 -0.4336
vn 0.3017 -0.4002 0.8653
vn 0.2781 0.9553 0.1007
vn -0.2997 0.9532 -0.0390
vn -0.2702 0.9295 -0.2510
vn 0.4923 0.5211 0.6972
vn 0.2515 0.8039 0.5389
vn 0.4516 0.8785 0.1559
vn 0.0070 0.1142 0.9934
vn 0.0445 0.3295 0.9431
vn -0.1610 0.6297 0.7600
vn -0.2892 0.8863 -0.3618
vn -0.3636 0.4300 0.8264
vn -0.2456 0.5414 0.8041
vn 0.0871 0.9765 0.1974
vn 0.2367 0.9682 0.0810
vn -0.0529 0.9775 -0.2044
vn -0.2192 0.9554 0.1977
vn -0.8980 0.2078 0.3877
vn -0.5280 0.8489 0.0246
vn -0.8493 0.5064 0.1494
vn -0.9218 0.2923 0.2546
vn -0.5812 0.6608 0.4749
vn 0.1892 0.9590 -0.2112
vn 0.1899 0.9596 -0.2075
vn 0.2230 0.9553 -0.1939
vn 0.0496 0.9647 -0.2586
vn 0.2963 0.7894 -0.5377
vn 0.2563 0.7339 -0.6291
vn 0.4869 0.8652 -0.1198
vn 0.4699 0.8571 -0.2110
vn -0.0017 0.9077 -0.4196
vn 0.1315 0.7775 -0.6150
vn -0.0180 0.8382 -0.5450
vn -0.1956 0.9803 0.0276
vn 0.0349 0.9533 -0.3001
vn -0.0138 0.9485 -0.3166
vn -0.1443 0.9610 -0.2360
vn 0.4732 0.8716 -0.1279
vn 0.0823 0.9907 0.1088
vn 0.1245 0.9297 -0.3466
vn 0.3963 0.7926 0.4635
vn -0.0783 0.9828 0.1672
vn 0.0521 0.9897 0.1333
vn 0.7095 0.6466 0.2802
vn 0.6860 0.5448 0.4822
vn 0.1447 0.9894 -0.0112
vn 0.4765 0.8509 -0.2212
vn 0.5169 0.8359 -0.1848
vn 0.0648 0.9973 -0.0356
vn 0.5419 0.2665 0.7971
vn 0.5984 0.4937 0.6310
vn 0.5914 0.5100 0.6246
vn 0.1818 0.9071 0.3796
vn -0.1300 0.8992 0.4178
vn -0.0375 0.9881 0.1490
vn 0.3691 0.9064 -0.2053
vn 0.2047 0.9735 0.1017
vn 0.2554 0.9531 0.1624
vn -0.7418 0.6698 0.0330
vn -0.6321 0.7746 0.0228
vn -0.2550 0.9333 -0.2527
vn -0.8161 0.5512 0.1736
vn -0.6753 0.5977 0.4320
vn -0.4025 0.8248 0.3971
vn 0.4449 0.8929 -0.0695
vn -0.3774 0.9116 -0.1629
vn -0.6101 0.7714 0.1809
vn -0.2175 0.9349 0.2806
vn -0.1706 0.9437 0.2834
vn -0.3418 0.8283 0.4440
vn -0.7671 0.6408 -0.0304
vn -0.3840 0.8474 -0.3666
vn -0.1085 0.9817 0.1566
vn 0.6614 0.2465 0.7083
vn 0.5365 0.7534 0.3803
vn 0.1341 0.8476 0.5134
vn 0.4243 0.8262 0.3707
vn 0.1617 0.8687 0.4683
vn 0.2697 0.9577 -0.1009
vn 0.4428 0.7389 -0.5079
vn 0.3646 0.9301 -0.0443
vn -0.0171 0.9705 -0.2404
vn -0.9514 0.3034 0.0537
vn -0.4937 -0.8145 0.3046
vn 0.0777 -0.9969 -0.0130
vn -0.2374 0.6658 0.7074
vn -0.2700 0.7248 0.6338
vn -0.1525 0.8159 0.5577
vn 0.5620 0.3378 0.7550
vn 0.3153 0.4795 0.8190
vn 0.3751 0.6192 0.6898
vn 0.6790 0.4029 -0.6137
vn 0.6021 0.2249 -0.7661
vn 0.6135 0.2054 -0.7625
vn 0.0817 -0.0311 -0.9962
vn 0.1425 0.1915 -0.9711
vn -0.2364 0.7918 -0.5632
vn -0.4440 -0.8651 -0.2333
vn 0.3966 -0.9095 -0.1242
vn -0.0462 -0.8927 -0.4482
vn 0.3500 -0.3888 0.8522
vn 0.1290 -0.9617 -0.2420
vn -0.0898 -0.9913 0.0958
vn 0.5066 0.4650 0.7260
vn 0.4785 -0.1214 0.8697
vn 0.1899 -0.9065 0.3772
vn 0.4401 -0.4925 -0.7508
vn 0.4265 -0.5614 -0.7091
vn -0.0363 -0.8408 -0.5401
vn -0.7668 -0.5652 -0.3042
vn -0.6576 0.7084 -0.2562
vn -0.7251 0.6435 -0.2451
vn -0.1500 -0.9834 -0.1025
vn 0.5008 -0.8408 0.2055
vn 0.4944 -0.8082 0.3200
vn 0.3084 -0.9223 0.2332
vn 0.1024 -0.8869 0.4504
vn -0.1422 -0.9217 0.3610
vn -0.1803 -0.9006 0.3955
vn -0.1736 -0.8948 0.4113
vn 0.1079 -0.9941 -0.0116
vn 0.1076 -0.9823 -0.1532
vn 0.2748 -0.9505 -0.1453
vn 0.1318 -0.9319 -0.3378
vn 0.0002 -0.9696 -0.2448
vn -0.1330 -0.9696 -0.2054
vn -0.1433 -0.9651 -0.2190
vt 0.184781 0.635107
vt 0.178145 0.652931
vt 0.210558 0.642301
vt 0.165517 0.720873
vt 0.157539 0.701500
vt 0.132771 0.711770
vt 0.206454 0.624737
vt 0.170164 0.618957
vt 0.153504 0.633265
vt 0.149419 0.728401
vt 0.293142 0.679310
vt 0.256332 0.686976
vt 0.282778 0.690805
vt 0.267788 0.576252
vt 0.295409 0.592526
vt 0.286342 0.588444
vt 0.112694 0.541508
vt 0.149448 0.557550
vt 0.133020 0.534600
vt 0.083004 0.645870
vt 0.095085 0.621244
vt 0.084397 0.634920
vt 0.189094 0.723867
vt 0.323022 0.668900
vt 0.245669 0.574651
vt 0.094085 0.544494
vt 0.077562 0.657511
vt 0.227161 0.700005
vt 0.197902 0.708133
vt 0.212267 0.683914
vt 0.292060 0.623627
vt 0.289148 0.649341
vt 0.262186 0.629919
vt 0.195282 0.573607
vt 0.221714 0.581997
vt 0.188924 0.577469
vt 0.068200 0.590016
vt 0.067944 0.561213
vt 0.102860 0.603509
vt 0.067256 0.724089
vt 0.065129 0.689804
vt 0.095769 0.703785
vt 0.128803 0.683661
vt 0.118249 0.654417
vt 0.153715 0.669078
vt 0.092999 0.667754
vt 0.082381 0.652185
vt 0.093350 0.623423
vt 0.106100 0.636681
vt 0.119747 0.619593
vt 0.144879 0.597064
vt 0.143486 0.639759
vt 0.111788 0.578041
vt 0.113005 0.549878
vt 0.164892 0.562088
vt 0.148633 0.566954
vt 0.188426 0.585297
vt 0.222970 0.611589
vt 0.185541 0.618003
vt 0.220430 0.593903
vt 0.253366 0.592429
vt 0.269717 0.608317
vt 0.243391 0.612550
vt 0.240079 0.635935
vt 0.228615 0.658433
vt 0.211249 0.637294
vt 0.257457 0.656610
vt 0.264833 0.672595
vt 0.240015 0.680671
vt 0.237125 0.671849
vt 0.207800 0.677407
vt 0.174446 0.687484
vt 0.192834 0.663289
vt 0.183910 0.695429
vt 0.162768 0.702573
vt 0.111790 0.716308
vt 0.145743 0.701225
vt 0.079216 0.672201
vt 0.068931 0.666654
vt 0.063184 0.700354
vt 0.076027 0.649026
vt 0.070387 0.618346
vt 0.055251 0.603318
vt 0.080937 0.637101
vt 0.070261 0.561351
vt 0.086264 0.549895
vt 0.040697 0.567997
vt 0.120115 0.544600
vt 0.162021 0.538217
vt 0.184806 0.555026
vt 0.141408 0.547267
vt 0.229138 0.569072
vt 0.248608 0.579702
vt 0.216667 0.568483
vt 0.260657 0.589408
vt 0.303328 0.600028
vt 0.306776 0.610227
vt 0.278172 0.592556
vt 0.348928 0.656710
vt 0.309963 0.668658
vt 0.331400 0.637433
vt 0.308279 0.684390
vt 0.267587 0.700164
vt 0.252023 0.703519
vt 0.271799 0.689125
vt 0.207378 0.728931
vt 0.184782 0.722601
vt 0.224434 0.722310
vt 0.164082 0.729801
vt 0.125963 0.720655
vt 0.090799 0.719534
vt 0.137643 0.716811
vt 0.050667 0.585910
vt 0.073290 0.599495
vt 0.086630 0.587759
vt 0.088039 0.558015
vt 0.069901 0.570035
vt 0.199994 0.548686
vt 0.176705 0.542507
vt 0.193739 0.567686
vt 0.236027 0.570139
vt 0.215031 0.556842
vt 0.336998 0.618818
vt 0.324433 0.602941
vt 0.316259 0.615400
vt 0.315072 0.651534
vt 0.338224 0.632884
vt 0.242004 0.718458
vt 0.246829 0.700957
vt 0.225318 0.690673
vt 0.194203 0.703612
vt 0.218640 0.707206
vt 0.102720 0.695908
vt 0.128103 0.702849
vt 0.108967 0.684164
vt 0.085482 0.660897
vt 0.100976 0.674621
vt 0.126797 0.635832
vt 0.110121 0.614236
vt 0.101727 0.642109
vt 0.137712 0.614048
vt 0.150115 0.596735
vt 0.127984 0.569352
vt 0.113222 0.586806
vt 0.169026 0.585626
vt 0.192498 0.606463
vt 0.230025 0.609332
vt 0.253702 0.589768
vt 0.211246 0.590165
vt 0.271999 0.612294
vt 0.242824 0.628190
vt 0.240113 0.650754
vt 0.274451 0.668219
vt 0.285294 0.635056
vt 0.105833 0.661262
vt 0.129110 0.685343
vt 0.164125 0.677151
vt 0.142871 0.657538
vt 0.231506 0.674461
vt 0.203405 0.663997
vt 0.192383 0.682394
vt 0.178276 0.646754
s 0
f 6608/1744/8180 6681/1745/8180 6650/1746/8180
f 6609/1747/8181 6651/1748/8181 6653/1749/8181
f 6608/1744/8182 6650/1746/8182 6655/1750/8182
f 6608/1744/8183 6655/1750/8183 6657/1751/8183
f 6608/1744/8184 6657/1751/8184 6684/1752/8184
f 6609/1747/8185 6653/1749/8185 6660/1753/8185
f 6610/1754/8186 6652/1755/8186 6662/1756/8186
f 6611/1757/8187 6656/1758/8187 6664/1759/8187
f 6612/1760/8188 6658/1761/8188 6666/1762/8188
f 6613/1763/8189 6659/1764/8189 6668/1765/8189
f 6609/1747/8190 6660/1753/8190 6693/1766/8190
f 6610/1754/8191 6662/1756/8191 6695/1767/8191
f 6611/1757/8192 6664/1759/8192 6697/1768/8192
f 6612/1760/8193 6666/1762/8193 6699/1769/8193
f 6613/1763/8194 6668/1765/8194 6691/1770/8194
f 6614/1771/8195 6670/1772/8195 6675/1773/8195
f 6615/1774/8196 6671/1775/8196 6677/1776/8196
f 6616/1777/8197 6672/1778/8197 6678/1779/8197
f 6617/1780/8198 6673/1781/8198 6679/1782/8198
f 6618/1783/8199 6674/1784/8199 6706/1785/8199
f 6646/1786/8200 6710/1787/8200 6676/1788/8200
f 6646/1786/8201 6711/1789/8201 6710/1787/8201
f 6644/1790/8202 6704/1791/8202 6712/1792/8202
f 6649/1793/8203 6713/1794/8203 6709/1795/8203
f 6649/1793/8204 6714/1796/8204 6713/1794/8204
f 6643/1797/8205 6703/1798/8205 6715/1799/8205
f 6648/1800/8206 6716/1801/8206 6708/1802/8206
f 6648/1800/8207 6717/1803/8207 6716/1801/8207
f 6642/1804/8208 6702/1805/8208 6718/1806/8208
f 6647/1807/8209 6719/1808/8209 6707/1809/8209
f 6647/1807/8210 6720/1810/8210 6719/1808/8210
f 6641/1811/8211 6701/1812/8211 6721/1813/8211
f 6645/1814/8212 6722/1815/8212 6705/1816/8212
f 6645/1814/8213 6723/1817/8213 6722/1815/8213
f 6640/1818/8214 6700/1819/8214 6724/1820/8214
f 6631/1821/8215 6725/1822/8215 6661/1823/8215
f 6631/1821/8216 6726/1824/8216 6725/1822/8216
f 6638/1825/8217 6698/1826/8217 6727/1827/8217
f 6639/1828/8218 6728/1829/8218 6669/1830/8218
f 6639/1828/8219 6729/1831/8219 6728/1829/8219
f 6636/1832/8220 6696/1833/8220 6730/1834/8220
f 6637/1835/8221 6731/1836/8221 6667/1837/8221
f 6637/1835/8222 6732/1838/8222 6731/1836/8222
f 6634/1839/8223 6694/1840/8223 6733/1841/8223
f 6635/1842/8224 6734/1843/8224 6665/1844/8224
f 6635/1842/8225 6735/1845/8225 6734/1843/8225
f 6632/1846/8226 6692/1847/8226 6736/1848/8226
f 6633/1849/8227 6737/1850/8227 6663/1851/8227
f 6633/1849/8228 6738/1852/8228 6737/1850/8228
f 6630/1853/8229 6690/1854/8229 6739/1855/8229
f 6638/1825/8230 6740/1856/8230 6698/1826/8230
f 6638/1825/8231 6741/1857/8231 6740/1856/8231
f 6629/1858/8232 6689/1859/8232 6742/1860/8232
f 6636/1832/8233 6743/1861/8233 6696/1833/8233
f 6636/1832/8234 6744/1862/8234 6743/1861/8234
f 6628/1863/8235 6688/1864/8235 6745/1865/8235
f 6634/1839/8236 6746/1866/8236 6694/1840/8236
f 6634/1839/8237 6747/1867/8237 6746/1866/8237
f 6626/1868/8238 6686/1869/8238 6748/1870/8238
f 6632/1846/8239 6749/1871/8239 6692/1847/8239
f 6632/1846/8240 6750/1872/8240 6749/1871/8240
f 6622/1873/8241 6682/1874/8241 6751/1875/8241
f 6630/1853/8242 6752/1876/8242 6690/1854/8242
f 6630/1853/8243 6753/1877/8243 6752/1876/8243
f 6623/1878/8244 6683/1879/8244 6754/1880/8244
f 6624/1881/8245 6755/1882/8245 6654/1883/8245
f 6624/1881/8246 6756/1884/8246 6755/1882/8246
f 6627/1885/8247 6687/1886/8247 6757/1887/8247
f 6627/1885/8248 6758/1888/8248 6687/1886/8248
f 6627/1885/8249 6759/1889/8249 6758/1888/8249
f 6625/1890/8250 6685/1891/8250 6760/1892/8250
f 6625/1890/8251 6761/1893/8251 6685/1891/8251
f 6625/1890/8252 6762/1894/8252 6761/1893/8252
f 6620/1895/8253 6680/1896/8253 6763/1897/8253
f 6623/1878/8254 6764/1898/8254 6683/1879/8254
f 6623/1878/8255 6765/1899/8255 6764/1898/8255
f 6621/1900/8256 6681/1745/8256 6766/1901/8256
f 6620/1895/8257 6767/1902/8257 6680/1896/8257
f 6620/1895/8258 6768/1903/8258 6767/1902/8258
f 6621/1900/8259 6651/1748/8259 6769/1904/8259
f 6769/1904/8260 6682/1874/8260 6622/1873/8260
f 6769/1904/8261 6651/1748/8261 6682/1874/8261
f 6651/1748/8262 6609/1747/8262 6682/1874/8262
f 6767/1902/8263 6769/1904/8263 6622/1873/8263
f 6767/1902/8264 6768/1903/8264 6769/1904/8264
f 6768/1903/8265 6621/1900/8265 6769/1904/8265
f 6680/1896/8266 6652/1755/8266 6610/1754/8266
f 6680/1896/8267 6767/1902/8267 6652/1755/8267
f 6767/1902/8268 6622/1873/8268 6652/1755/8268
f 6766/1901/8269 6684/1752/8269 6624/1881/8269
f 6766/1901/8270 6681/1745/8270 6684/1752/8270
f 6681/1745/8271 6608/1744/8271 6684/1752/8271
f 6764/1898/8272 6766/1901/8272 6624/1881/8272
f 6764/1898/8273 6765/1899/8273 6766/1901/8273
f 6765/1899/8274 6621/1900/8274 6766/1901/8274
f 6683/1879/8275 6654/1883/8275 6613/1763/8275
f 6683/1879/8276 6764/1898/8276 6654/1883/8276
f 6764/1898/8277 6624/1881/8277 6654/1883/8277
f 6763/1897/8278 6686/1869/8278 6626/1868/8278
f 6763/1897/8279 6680/1896/8279 6686/1869/8279
f 6680/1896/8280 6610/1754/8280 6686/1869/8280
f 6761/1893/8281 6763/1897/8281 6626/1868/8281
f 6761/1893/8282 6762/1894/8282 6763/1897/8282
f 6762/1894/8283 6620/1895/8283 6763/1897/8283
f 6685/1891/8284 6656/1758/8284 6611/1757/8284
f 6685/1891/8285 6761/1893/8285 6656/1758/8285
f 6761/1893/8286 6626/1868/8286 6656/1758/8286
f 6760/1892/8287 6688/1864/8287 6628/1863/8287
f 6760/1892/8288 6685/1891/8288 6688/1864/8288
f 6685/1891/8289 6611/1757/8289 6688/1864/8289
f 6758/1888/8290 6760/1892/8290 6628/1863/8290
f 6758/1888/8291 6759/1889/8291 6760/1892/8291
f 6759/1889/8292 6625/1890/8292 6760/1892/8292
f 6687/1886/8293 6658/1761/8293 6612/1760/8293
f 6687/1886/8294 6758/1888/8294 6658/1761/8294
f 6758/1888/8295 6628/1863/8295 6658/1761/8295
f 6757/1887/8296 6689/1859/8296 6629/1858/8296
f 6757/1887/8297 6687/1886/8297 6689/1859/8297
f 6687/1886/8298 6612/1760/8298 6689/1859/8298
f 6755/1882/8299 6757/1887/8299 6629/1858/8299
f 6755/1882/8300 6756/1884/8300 6757/1887/8300
f 6756/1884/8301 6627/1885/8301 6757/1887/8301
f 6654/1883/8302 6659/1764/8302 6613/1763/8302
f 6654/1883/8303 6755/1882/8303 6659/1764/8303
f 6755/1882/8304 6629/1858/8304 6659/1764/8304
f 6754/1880/8305 6691/1770/8305 6631/1821/8305
f 6754/1880/8306 6683/1879/8306 6691/1770/8306
f 6683/1879/8307 6613/1763/8307 6691/1770/8307
f 6752/1876/8308 6754/1880/8308 6631/1821/8308
f 6752/1876/8309 6753/1877/8309 6754/1880/8309
f 6753/1877/8310 6623/1878/8310 6754/1880/8310
f 6690/1854/8311 6661/1823/8311 6618/1783/8311
f 6690/1854/8312 6752/1876/8312 6661/1823/8312
f 6752/1876/8313 6631/1821/8313 6661/1823/8313
f 6751/1875/8314 6693/1766/8314 6633/1849/8314
f 6751/1875/8315 6682/1874/8315 6693/1766/8315
f 6682/1874/8316 6609/1747/8316 6693/1766/8316
f 6749/1871/8317 6751/1875/8317 6633/1849/8317
f 6749/1871/8318 6750/1872/8318 6751/1875/8318
f 6750/1872/8319 6622/1873/8319 6751/1875/8319
f 6692/1847/8320 6663/1851/8320 6614/1771/8320
f 6692/1847/8321 6749/1871/8321 6663/1851/8321
f 6749/1871/8322 6633/1849/8322 6663/1851/8322
f 6748/1870/8323 6695/1767/8323 6635/1842/8323
f 6748/1870/8324 6686/1869/8324 6695/1767/8324
f 6686/1869/8325 6610/1754/8325 6695/1767/8325
f 6746/1866/8326 6748/1870/8326 6635/1842/8326
f 6746/1866/8327 6747/1867/8327 6748/1870/8327
f 6747/1867/8328 6626/1868/8328 6748/1870/8328
f 6694/1840/8329 6665/1844/8329 6615/1774/8329
f 6694/1840/8330 6746/1866/8330 6665/1844/8330
f 6746/1866/8331 6635/1842/8331 6665/1844/8331
f 6745/1865/8332 6697/1768/8332 6637/1835/8332
f 6745/1865/8333 6688/1864/8333 6697/1768/8333
f 6688/1864/8334 6611/1757/8334 6697/1768/8334
f 6743/1861/8335 6745/1865/8335 6637/1835/8335
f 6743/1861/8336 6744/1862/8336 6745/1865/8336
f 6744/1862/8337 6628/1863/8337 6745/1865/8337
f 6696/1833/8338 6667/1837/8338 6616/1777/8338
f 6696/1833/8339 6743/1861/8339 6667/1837/8339
f 6743/1861/8340 6637/1835/8340 6667/1837/8340
f 6742/1860/8341 6699/1769/8341 6639/1828/8341
f 6742/1860/8342 6689/1859/8342 6699/1769/8342
f 6689/1859/8343 6612/1760/8343 6699/1769/8343
f 6740/1856/8344 6742/1860/8344 6639/1828/8344
f 6740/1856/8345 6741/1857/8345 6742/1860/8345
f 6741/1857/8346 6629/1858/8346 6742/1860/8346
f 6698/1826/8347 6669/1830/8347 6617/1780/8347
f 6698/1826/8348 6740/1856/8348 6669/1830/8348
f 6740/1856/8349 6639/1828/8349 6669/1830/8349
f 6739/1855/8350 6700/1819/8350 6640/1818/8350
f 6739/1855/8351 6690/1854/8351 6700/1819/8351
f 6690/1854/8352 6618/1783/8352 6700/1819/8352
f 6737/1850/8353 6739/1855/8353 6640/1818/8353
f 6737/1850/8354 6738/1852/8354 6739/1855/8354
f 6738/1852/8355 6630/1853/8355 6739/1855/8355
f 6663/1851/8356 6670/1772/8356 6614/1771/8356
f 6663/1851/8357 6737/1850/8357 6670/1772/8357
f 6737/1850/8358 6640/1818/8358 6670/1772/8358
f 6736/1848/8359 6701/1812/8359 6641/1811/8359
f 6736/1848/8360 6692/1847/8360 6701/1812/8360
f 6692/1847/8361 6614/1771/8361 6701/1812/8361
f 6734/1843/8362 6736/1848/8362 6641/1811/8362
f 6734/1843/8363 6735/1845/8363 6736/1848/8363
f 6735/1845/8364 6632/1846/8364 6736/1848/8364
f 6665/1844/8365 6671/1775/8365 6615/1774/8365
f 6665/1844/8366 6734/1843/8366 6671/1775/8366
f 6734/1843/8367 6641/1811/8367 6671/1775/8367
f 6733/1841/8368 6702/1805/8368 6642/1804/8368
f 6733/1841/8369 6694/1840/8369 6702/1805/8369
f 6694/1840/8370 6615/1774/8370 6702/1805/8370
f 6731/1836/8371 6733/1841/8371 6642/1804/8371
f 6731/1836/8372 6732/1838/8372 6733/1841/8372
f 6732/1838/8373 6634/1839/8373 6733/1841/8373
f 6667/1837/8374 6672/1778/8374 6616/1777/8374
f 6667/1837/8375 6731/1836/8375 6672/1778/8375
f 6731/1836/8376 6642/1804/8376 6672/1778/8376
f 6730/1834/8377 6703/1798/8377 6643/1797/8377
f 6730/1834/8378 6696/1833/8378 6703/1798/8378
f 6696/1833/8379 6616/1777/8379 6703/1798/8379
f 6728/1829/8380 6730/1834/8380 6643/1797/8380
f 6728/1829/8381 6729/1831/8381 6730/1834/8381
f 6729/1831/8382 6636/1832/8382 6730/1834/8382
f 6669/1830/8383 6673/1781/8383 6617/1780/8383
f 6669/1830/8384 6728/1829/8384 6673/1781/8384
f 6728/1829/8385 6643/1797/8385 6673/1781/8385
f 6727/1827/8386 6704/1791/8386 6644/1790/8386
f 6727/1827/8387 6698/1826/8387 6704/1791/8387
f 6698/1826/8388 6617/1780/8388 6704/1791/8388
f 6725/1822/8389 6727/1827/8389 6644/1790/8389
f 6725/1822/8390 6726/1824/8390 6727/1827/8390
f 6726/1824/8391 6638/1825/8391 6727/1827/8391
f 6661/1823/8392 6674/1784/8392 6618/1783/8392
f 6661/1823/8393 6725/1822/8393 6674/1784/8393
f 6725/1822/8394 6644/1790/8394 6674/1784/8394
f 6724/1820/8395 6706/1785/8395 6646/1786/8395
f 6724/1820/8396 6700/1819/8396 6706/1785/8396
f 6700/1819/8397 6618/1783/8397 6706/1785/8397
f 6722/1815/8398 6724/1820/8398 6646/1786/8398
f 6722/1815/8399 6723/1817/8399 6724/1820/8399
f 6723/1817/8400 6640/1818/8400 6724/1820/8400
f 6705/1816/8401 6676/1788/8401 6619/1905/8401
f 6705/1816/8402 6722/1815/8402 6676/1788/8402
f 6722/1815/8403 6646/1786/8403 6676/1788/8403
f 6721/1813/8404 6675/1773/8404 6645/1814/8404
f 6721/1813/8405 6701/1812/8405 6675/1773/8405
f 6701/1812/8406 6614/1771/8406 6675/1773/8406
f 6719/1808/8407 6721/1813/8407 6645/1814/8407
f 6719/1808/8408 6720/1810/8408 6721/1813/8408
f 6720/1810/8409 6641/1811/8409 6721/1813/8409
f 6707/1809/8410 6705/1816/8410 6619/1905/8410
f 6707/1809/8411 6719/1808/8411 6705/1816/8411
f 6719/1808/8412 6645/1814/8412 6705/1816/8412
f 6718/1806/8413 6677/1776/8413 6647/1807/8413
f 6718/1806/8414 6702/1805/8414 6677/1776/8414
f 6702/1805/8415 6615/1774/8415 6677/1776/8415
f 6716/1801/8416 6718/1806/8416 6647/1807/8416
f 6716/1801/8417 6717/1803/8417 6718/1806/8417
f 6717/1803/8418 6642/1804/8418 6718/1806/8418
f 6708/1802/8419 6707/1809/8419 6619/1905/8419
f 6708/1802/8420 6716/1801/8420 6707/1809/8420
f 6716/1801/8421 6647/1807/8421 6707/1809/8421
f 6715/1799/8422 6678/1779/8422 6648/1800/8422
f 6715/1799/8423 6703/1798/8423 6678/1779/8423
f 6703/1798/8424 6616/1777/8424 6678/1779/8424
f 6713/1794/8425 6715/1799/8425 6648/1800/8425
f 6713/1794/8426 6714/1796/8426 6715/1799/8426
f 6714/1796/8427 6643/1797/8427 6715/1799/8427
f 6709/1795/8428 6708/1802/8428 6619/1905/8428
f 6709/1795/8429 6713/1794/8429 6708/1802/8429
f 6713/1794/8430 6648/1800/8430 6708/1802/8430
f 6712/1792/8431 6679/1782/8431 6649/1793/8431
f 6712/1792/8432 6704/1791/8432 6679/1782/8432
f 6704/1791/8433 6617/1780/8433 6679/1782/8433
f 6710/1787/8434 6712/1792/8434 6649/1793/8434
f 6710/1787/8435 6711/1789/8435 6712/1792/8435
f 6711/1789/8436 6644/1790/8436 6712/1792/8436
f 6676/1788/8437 6709/1795/8437 6619/1905/8437
f 6676/1788/8438 6710/1787/8438 6709/1795/8438
f 6710/1787/8439 6649/1793/8439 6709/1795/8439
f 6706/1785/8440 6711/1789/8440 6646/1786/8440
f 6706/1785/8441 6674/1784/8441 6711/1789/8441
f 6674/1784/8442 6644/1790/8442 6711/1789/8442
f 6679/1782/8443 6714/1796/8443 6649/1793/8443
f 6679/1782/8444 6673/1781/8444 6714/1796/8444
f 6673/1781/8445 6643/1797/8445 6714/1796/8445
f 6678/1779/8446 6717/1803/8446 6648/1800/8446
f 6678/1779/8447 6672/1778/8447 6717/1803/8447
f 6672/1778/8448 6642/1804/8448 6717/1803/8448
f 6677/1776/8449 6720/1810/8449 6647/1807/8449
f 6677/1776/8450 6671/1775/8450 6720/1810/8450
f 6671/1775/8451 6641/1811/8451 6720/1810/8451
f 6675/1773/8452 6723/1817/8452 6645/1814/8452
f 6675/1773/8453 6670/1772/8453 6723/1817/8453
f 6670/1772/8454 6640/1818/8454 6723/1817/8454
f 6691/1770/8455 6726/1824/8455 6631/1821/8455
f 6691/1770/8456 6668/1765/8456 6726/1824/8456
f 6668/1765/8457 6638/1825/8457 6726/1824/8457
f 6699/1769/8458 6729/1831/8458 6639/1828/8458
f 6699/1769/8459 6666/1762/8459 6729/1831/8459
f 6666/1762/8460 6636/1832/8460 6729/1831/8460
f 6697/1768/8461 6732/1838/8461 6637/1835/8461
f 6697/1768/8462 6664/1759/8462 6732/1838/8462
f 6664/1759/8463 6634/1839/8463 6732/1838/8463
f 6695/1767/8464 6735/1845/8464 6635/1842/8464
f 6695/1767/8465 6662/1756/8465 6735/1845/8465
f 6662/1756/8466 6632/1846/8466 6735/1845/8466
f 6693/1766/8467 6738/1852/8467 6633/1849/8467
f 6693/1766/8468 6660/1753/8468 6738/1852/8468
f 6660/1753/8469 6630/1853/8469 6738/1852/8469
f 6668/1765/8470 6741/1857/8470 6638/1825/8470
f 6668/1765/8471 6659/1764/8471 6741/1857/8471
f 6659/1764/8472 6629/1858/8472 6741/1857/8472
f 6666/1762/8473 6744/1862/8473 6636/1832/8473
f 6666/1762/8474 6658/1761/8474 6744/1862/8474
f 6658/1761/8475 6628/1863/8475 6744/1862/8475
f 6664/1759/8476 6747/1867/8476 6634/1839/8476
f 6664/1759/8477 6656/1758/8477 6747/1867/8477
f 6656/1758/8478 6626/1868/8478 6747/1867/8478
f 6662/1756/8479 6750/1872/8479 6632/1846/8479
f 6662/1756/8480 6652/1755/8480 6750/1872/8480
f 6652/1755/8481 6622/1873/8481 6750/1872/8481
f 6660/1753/8482 6753/1877/8482 6630/1853/8482
f 6660/1753/8483 6653/1749/8483 6753/1877/8483
f 6653/1749/8484 6623/1878/8484 6753/1877/8484
f 6684/1752/8485 6756/1884/8485 6624/1881/8485
f 6684/1752/8486 6657/1751/8486 6756/1884/8486
f 6657/1751/8487 6627/1885/8487 6756/1884/8487
f 6657/1751/8488 6759/1889/8488 6627/1885/8488
f 6657/1751/8489 6655/1750/8489 6759/1889/8489
f 6655/1750/8490 6625/1890/8490 6759/1889/8490
f 6655/1750/8491 6762/1894/8491 6625/1890/8491
f 6655/1750/8492 6650/1746/8492 6762/1894/8492
f 6650/1746/8493 6620/1895/8493 6762/1894/8493
f 6653/1749/8494 6765/1899/8494 6623/1878/8494
f 6653/1749/8495 6651/1748/8495 6765/1899/8495
f 6651/1748/8496 6621/1900/8496 6765/1899/8496
f 6650/1746/8497 6768/1903/8497 6620/1895/8497
f 6650/1746/8498 6681/1745/8498 6768/1903/8498
f 6681/1745/8499 6621/1900/8499 6768/1903/8499
o collidable.013
v -0.883918 0.243242 32.104851
v -3.110685 1.615389 21.696266
v 7.911880 0.692310 26.238314
v 5.459899 0.872897 38.364986
v -5.411160 0.655447 42.342434
v -8.648666 1.954259 31.953321
v 2.202761 1.781661 24.499174
v 6.941541 2.250879 33.672131
v 0.190138 2.050980 39.022743
v -8.617561 2.452300 38.002670
v -10.107362 4.649752 24.347675
v -1.317677 4.745766 32.679127
v 3.668857 -0.345079 29.656450
v -2.885133 0.762336 27.142185
v 2.214113 0.637008 24.952087
v -7.715472 0.476714 26.267048
v -5.701935 -0.360780 32.051651
v 2.668882 1.054189 35.108177
v 9.500809 0.262198 33.846001
v -3.218097 0.965240 36.766506
v 0.131025 1.421132 39.547947
v -7.983633 0.401238 37.892155
v -6.211801 2.718382 22.866665
v -9.393414 2.003597 28.867126
v 5.498965 1.883396 24.383036
v 0.397101 2.660583 21.315119
v 7.657008 2.143256 36.041496
v 11.155217 2.649563 29.957756
v -1.859147 1.829604 42.352924
v 2.587535 1.495376 39.278191
v -9.246765 1.643101 34.953400
v -8.324865 1.686367 40.643806
v -3.099669 2.089245 24.660820
v 4.791672 3.374461 28.865314
v 4.193780 1.944571 36.959496
v -4.746301 4.047974 41.431892
v -8.624074 2.421217 31.436029
v 0.628999 2.972023 28.278770
v -5.042653 4.508552 28.823128
v 2.983194 3.422258 33.005138
v -0.366413 4.580708 38.266930
v -4.992250 4.244147 35.353725
v 1.231940 -0.622401 30.752769
v -3.579885 1.629261 24.479599
v 4.918777 0.389828 25.154921
v -5.895290 1.213887 22.818123
v -7.186834 1.896307 32.281044
v 0.874431 0.651330 33.372974
v 7.488667 0.989022 36.605709
v -1.904374 0.760538 34.219627
v -2.842493 1.800090 40.680534
v -7.340769 2.000384 34.640877
v -4.582328 1.669416 20.707851
v -10.689460 3.142128 26.149321
v 6.799718 1.576439 25.346848
v 1.836277 2.542145 22.068989
v 6.628013 1.526928 37.154339
v 9.596977 2.831902 32.256535
v -3.851410 1.119439 42.847023
v 1.713022 1.569109 39.388859
v -8.442880 1.729897 33.101860
v -9.911453 2.916823 40.174900
v -0.256220 1.872138 23.581821
v 6.538368 3.135205 31.261612
v 2.032353 1.615486 38.067230
v -7.688776 3.844266 40.670406
v -10.019632 3.758934 27.866707
v 1.056762 1.496484 26.505016
v -3.025921 5.455781 30.863907
v 4.757600 2.432005 33.181183
v -0.276134 2.907214 38.765030
v -6.335547 2.695053 36.597015
v 6.351232 0.543712 27.698669
v -1.560878 -0.038168 29.803080
v -0.535618 1.697074 24.083004
v -9.024496 1.154148 29.787790
v -3.502081 -0.703801 32.122669
v 4.393259 1.159822 37.092426
v 9.618294 0.439884 29.598524
v -4.514854 1.250059 39.644943
v 3.245793 0.437564 39.072056
v -7.570764 -0.018181 40.894032
v -8.694603 3.622733 23.945656
v -9.520061 1.347167 30.331894
v 4.257263 1.762528 23.898401
v -1.103268 1.689726 21.222401
v 7.851213 2.409332 35.060215
v 10.047223 1.222455 27.795067
v -0.434647 2.061968 40.771038
v 3.868912 0.847943 38.613995
v -9.889263 2.108691 36.688690
v -6.757637 0.653153 42.142250
v -6.897580 3.942275 24.553246
v 3.241768 1.916224 27.078438
v 5.332890 2.113208 35.323795
v -1.764953 2.842269 40.227879
v -7.584809 1.741978 34.337757
v -0.430814 3.946332 30.511259
v -7.676868 4.548952 26.646410
v 0.971705 3.553766 33.025043
v -0.692985 5.135621 35.523811
v -3.365482 5.863831 33.934025
v -5.371587 4.706275 32.103802
v -7.693055 3.492316 30.154701
v -6.571624 2.604150 33.136478
v -3.006493 5.410605 37.548428
v -5.024359 4.384606 39.128849
v -2.689641 4.353563 39.922302
v 1.821491 3.589181 35.561493
v 1.838895 2.289449 37.005054
v 3.480438 2.026353 34.967064
v 2.119424 3.704917 30.779900
v 4.129648 3.775874 30.904993
v 2.817939 3.083468 28.887505
v -1.883517 4.113619 27.955807
v -1.309708 2.387758 25.738256
v -4.170861 3.750718 26.162750
v -9.888136 2.463458 29.830278
v -9.347855 1.680164 31.501682
v -8.600380 2.101541 33.007195
v -6.686373 2.961926 41.570560
v -4.750874 1.548705 41.972984
v -3.229097 2.371078 41.613976
v 3.803284 2.179711 38.250687
v 4.537845 2.590784 37.336098
v 5.695436 2.711855 36.988441
v 7.991294 3.515008 29.225771
v 8.315836 2.751322 26.883154
v 5.542084 2.749288 26.439453
v -1.433195 2.467547 22.126759
v -3.243513 2.296751 21.028023
v -5.207460 2.708857 23.337400
v -10.060361 1.764192 38.388046
v -8.962330 0.997886 36.804565
v -8.883064 0.591682 39.788563
v 0.639914 1.369468 41.295464
v -0.912467 1.745560 41.925827
v 1.710320 0.766007 40.477253
v 10.383328 1.746571 33.841064
v 9.713853 0.943045 35.374996
v 11.243867 0.536638 31.812107
v 3.335925 2.247333 22.271774
v 3.931824 1.252591 23.878202
v 1.486563 1.707306 23.488426
v -7.724011 2.611540 26.173290
v -6.052669 1.654973 24.441463
v -8.051456 1.013958 27.902704
v -6.590951 0.312659 34.889565
v -4.612611 -0.782769 34.505795
v -6.094516 -0.138060 37.810970
v -1.677280 2.147599 37.990383
v -0.141897 1.732383 35.732742
v 1.293268 1.375429 37.260685
v 5.919100 0.694423 34.510693
v 3.897142 -0.352921 32.464249
v 7.116209 0.454704 31.751133
v -7.599836 0.473812 29.311464
v -5.952256 0.687911 26.151182
v -4.572859 -0.062335 29.357906
v 2.852050 0.059207 26.773933
v 0.496313 0.004101 28.271284
v -0.555039 1.005663 26.472799
vn -0.2634 -0.9452 0.1930
vn 0.1549 -0.9874 0.0310
vn -0.0971 -0.9003 0.4244
vn 0.0399 -0.9660 0.2555
vn 0.3186 -0.8738 0.3675
vn 0.0751 -0.9833 -0.1655
vn 0.3466 -0.4132 -0.8421
vn 0.6264 0.2487 0.7388
vn 0.3244 -0.9351 -0.1427
vn 0.5499 -0.7957 -0.2540
vn 0.0178 -0.9966 -0.0810
vn 0.5972 -0.0556 -0.8002
vn 0.0688 0.8485 0.5248
vn -0.1261 -0.5048 0.8540
vn 0.8202 -0.5157 -0.2477
vn -0.0133 0.9910 0.1333
vn 0.0005 0.9388 0.3443
vn 0.4903 0.4850 0.7242
vn -0.3109 0.8827 -0.3523
vn -0.1926 0.9501 0.2453
vn -0.3464 0.9337 -0.0910
vn -0.3976 0.9126 -0.0949
vn -0.3523 0.8754 0.3311
vn -0.6241 0.7652 0.1579
vn -0.4756 0.8789 -0.0367
vn 0.4846 0.4484 0.7510
vn 0.5195 0.8474 0.1096
vn 0.7568 0.4903 0.4323
vn -0.0586 0.9964 0.0619
vn 0.0659 0.9927 0.1005
vn -0.0438 0.9888 0.1426
vn -0.1271 0.8196 -0.5586
vn 0.4261 0.8857 -0.1843
vn 0.4119 0.7677 -0.4909
vn 0.3782 0.7430 -0.5522
vn -0.6710 -0.7414 0.0094
vn -0.7473 -0.6610 -0.0682
vn -0.9415 -0.0712 -0.3295
vn -0.3903 -0.1576 0.9071
vn -0.3476 -0.2163 0.9123
vn 0.1975 0.9286 0.3143
vn 0.1458 0.7351 0.6621
vn 0.4951 -0.8688 0.0071
vn 0.4006 0.8612 0.3128
vn 0.2437 0.9658 0.0886
vn 0.3097 0.9158 -0.2557
vn 0.0621 0.9194 -0.3884
vn -0.0190 0.9815 0.1905
vn -0.1003 0.9949 0.0105
vn 0.1773 0.9160 -0.3598
vn -0.8530 -0.4882 -0.1848
vn -0.6941 -0.7063 -0.1395
vn -0.3642 -0.9279 -0.0796
vn 0.3347 0.8411 0.4249
vn -0.4163 -0.2563 -0.8724
vn -0.3161 -0.9404 -0.1257
vn 0.3781 0.8719 0.3112
vn 0.5450 0.6211 0.5632
vn 0.1115 -0.9930 -0.0385
vn -0.2424 0.8836 0.4006
vn 0.4579 -0.6698 -0.5846
vn -0.1525 -0.8324 -0.5329
vn -0.4166 -0.8823 -0.2190
vn -0.7089 -0.6157 -0.3441
vn -0.5908 0.7226 -0.3587
vn -0.8341 -0.5351 -0.1343
vn -0.4747 -0.8781 0.0597
vn 0.4305 -0.8584 0.2789
vn 0.4342 -0.8561 0.2803
vn 0.3443 -0.8535 0.3911
vn -0.0632 -0.9922 0.1077
vn -0.0860 -0.9881 0.1273
vn -0.0124 -0.8851 0.4653
vn 0.2664 -0.9612 -0.0714
vn -0.4267 -0.9043 0.0153
vn 0.1186 -0.9929 -0.0055
vn 0.0537 -0.9485 -0.3121
vn 0.1831 -0.9651 -0.1872
vn -0.0552 -0.9908 -0.1233
vn 0.0096 -0.9501 -0.3119
vn -0.2710 -0.9241 -0.2695
vn -0.0148 -0.9605 -0.2780
vn 0.0234 -0.9997 0.0089
vn -0.2438 -0.9458 -0.2146
vn -0.2172 -0.9013 -0.3749
vn -0.0420 -0.8831 -0.4673
vn 0.0989 -0.9951 0.0045
vn 0.1424 -0.9896 -0.0203
vn -0.0665 -0.9576 -0.2804
vn -0.1465 -0.9746 -0.1694
vn 0.0435 -0.9694 -0.2418
vn 0.3402 -0.9402 0.0149
vn -0.1690 -0.9694 -0.1782
vn -0.1700 -0.9732 -0.1546
vn 0.1109 -0.9561 -0.2714
vn -0.1178 -0.9247 0.3621
vn -0.2597 -0.8564 0.4463
vn -0.7609 -0.5375 0.3633
vn -0.0429 -0.9982 -0.0429
vn -0.0213 -0.9996 -0.0179
vn 0.0168 -0.9964 -0.0834
vn -0.1129 -0.9929 0.0373
vn 0.2804 -0.9382 0.2031
vn 0.2387 -0.9708 -0.0221
vn -0.0788 -0.9846 -0.1559
vn -0.0292 -0.9866 0.1606
vn -0.0811 -0.9768 0.1981
vn -0.3178 -0.9373 -0.1428
vn -0.0848 -0.9192 -0.3845
vn 0.0935 -0.9515 -0.2929
vn -0.2777 -0.9529 -0.1221
vn -0.2497 -0.9683 0.0083
vn -0.2357 -0.9718 -0.0056
vn 0.3588 -0.9295 -0.0857
vn 0.3068 -0.9517 0.0100
vn -0.2023 -0.9563 -0.2112
vn -0.2770 -0.9561 -0.0955
vn 0.4570 -0.8530 0.2520
vn 0.3505 -0.9323 -0.0890
vn -0.2771 -0.9556 -0.1003
vn -0.4913 -0.8695 -0.0507
vn 0.4451 -0.8201 0.3595
vn -0.0487 -0.9980 0.0408
vn -0.9108 -0.4107 -0.0413
vn -0.8271 -0.4221 -0.3712
vn -0.7041 -0.6233 -0.3402
vn -0.5634 -0.7930 -0.2319
vn 0.0127 -0.9387 0.3446
vn -0.7150 -0.4408 -0.5426
vn -0.7599 -0.3994 -0.5128
vn -0.7622 0.5521 -0.3379
vn -0.5663 -0.5328 -0.6288
vn -0.1624 -0.9232 -0.3483
vn -0.1648 -0.9353 -0.3132
vn 0.4796 -0.6894 -0.5428
vn 0.0055 -1.0000 0.0015
vn 0.0359 -0.9993 -0.0046
vn 0.0024 -0.9153 -0.4027
vn -0.0798 -0.8605 -0.5032
vn -0.0618 -0.8201 -0.5689
vn 0.0921 0.9542 0.2847
vn 0.1637 0.9670 0.1955
vn 0.2211 0.9356 -0.2752
vn 0.9192 -0.2373 -0.3143
vn 0.4241 -0.8633 -0.2737
vn 0.4167 -0.8659 -0.2767
vn 0.9355 0.2544 0.2451
vn 0.9184 -0.0101 0.3955
vn 0.4800 -0.8243 0.3002
vn -0.2029 0.9790 0.0212
vn 0.3994 0.8366 0.3748
vn 0.5221 0.8020 0.2903
vn 0.5781 0.4373 0.6889
vn 0.6490 -0.1538 0.7451
vn 0.1053 0.6652 0.7392
vn 0.6791 0.2910 0.6739
vn 0.0905 -0.7413 0.6651
vn -0.3660 -0.9300 -0.0337
vn 0.2797 0.9555 0.0940
vn 0.4005 0.8603 0.3155
vn 0.1031 0.9816 0.1608
vn -0.7323 -0.1462 0.6651
vn -0.6933 -0.3409 0.6350
vn -0.0743 -0.8573 0.5095
vn -0.7918 -0.0703 0.6067
vn -0.6502 -0.7550 -0.0855
vn -0.4244 -0.8986 -0.1111
vn -0.0297 0.9737 -0.2259
vn -0.9757 0.2118 -0.0553
vn -0.6252 -0.6311 0.4592
vn 0.4275 0.8601 -0.2782
vn 0.0850 0.7561 -0.6489
vn 0.1750 0.5582 -0.8111
vn 0.1364 0.9627 0.2335
vn 0.0091 0.9857 -0.1682
vn 0.0660 0.9905 -0.1207
vn -0.0803 0.9478 0.3087
vn -0.0142 0.9214 0.3885
vn 0.1688 0.9526 0.2532
vn -0.4027 0.8486 -0.3432
vn -0.3759 0.9120 -0.1641
vn -0.0053 0.9987 -0.0500
vn -0.0139 0.9672 -0.2536
vn 0.0479 0.9516 -0.3036
vn 0.0615 0.9194 -0.3884
vn -0.0200 0.9375 0.3473
vn 0.0306 0.9784 0.2043
vn -0.0594 0.9881 0.1419
vn -0.4408 0.8709 -0.2172
vn -0.1428 0.9409 -0.3073
vn -0.1203 0.9921 -0.0344
vn -0.4316 0.8554 -0.2863
vn -0.0361 -0.9004 -0.4336
vn 0.3017 -0.4002 0.8653
vn 0.2781 0.9553 0.1007
vn -0.2997 0.9532 -0.0390
vn -0.2702 0.9295 -0.2510
vn 0.4923 0.5211 0.6972
vn 0.2515 0.8039 0.5389
vn 0.4516 0.8785 0.1559
vn 0.0070 0.1142 0.9934
vn 0.0445 0.3295 0.9431
vn -0.1610 0.6297 0.7600
vn -0.2892 0.8863 -0.3618
vn -0.3636 0.4300 0.8264
vn -0.2456 0.5414 0.8041
vn 0.0871 0.9765 0.1974
vn 0.2367 0.9682 0.0810
vn -0.0529 0.9775 -0.2044
vn -0.2192 0.9554 0.1977
vn -0.8980 0.2078 0.3877
vn -0.5280 0.8489 0.0246
vn -0.8493 0.5064 0.1494
vn -0.9218 0.2923 0.2546
vn -0.5812 0.6608 0.4749
vn 0.1892 0.9590 -0.2112
vn 0.1899 0.9596 -0.2075
vn 0.2230 0.9553 -0.1939
vn 0.0496 0.9647 -0.2586
vn 0.2963 0.7894 -0.5377
vn 0.2563 0.7339 -0.6291
vn 0.4869 0.8652 -0.1198
vn 0.4699 0.8571 -0.2110
vn -0.0017 0.9077 -0.4196
vn 0.1315 0.7775 -0.6150
vn -0.0180 0.8382 -0.5450
vn -0.1956 0.9803 0.0276
vn 0.0349 0.9533 -0.3001
vn -0.0138 0.9485 -0.3166
vn -0.1443 0.9610 -0.2360
vn 0.4732 0.8716 -0.1279
vn 0.0823 0.9907 0.1088
vn 0.1245 0.9297 -0.3466
vn 0.3963 0.7926 0.4635
vn -0.0783 0.9828 0.1672
vn 0.0521 0.9897 0.1333
vn 0.7095 0.6466 0.2802
vn 0.6860 0.5448 0.4822
vn 0.1447 0.9894 -0.0112
vn 0.4765 0.8509 -0.2212
vn 0.5169 0.8359 -0.1848
vn 0.0648 0.9973 -0.0356
vn 0.5419 0.2665 0.7971
vn 0.5984 0.4937 0.6310
vn 0.5914 0.5100 0.6246
vn 0.1818 0.9071 0.3796
vn -0.1300 0.8992 0.4178
vn -0.0375 0.9881 0.1490
vn 0.3691 0.9064 -0.2053
vn 0.2047 0.9735 0.1017
vn 0.2554 0.9531 0.1624
vn -0.7418 0.6698 0.0330
vn -0.6321 0.7746 0.0228
vn -0.2550 0.9333 -0.2527
vn -0.8161 0.5512 0.1736
vn -0.6753 0.5977 0.4320
vn -0.4025 0.8248 0.3971
vn 0.4449 0.8929 -0.0695
vn -0.3774 0.9116 -0.1629
vn -0.6101 0.7714 0.1809
vn -0.2175 0.9349 0.2806
vn -0.1706 0.9437 0.2834
vn -0.3418 0.8283 0.4440
vn -0.7671 0.6408 -0.0304
vn -0.3840 0.8474 -0.3666
vn -0.1085 0.9817 0.1566
vn 0.6614 0.2465 0.7083
vn 0.5365 0.7534 0.3803
vn 0.1341 0.8476 0.5134
vn 0.4243 0.8262 0.3707
vn 0.1617 0.8687 0.4683
vn 0.2697 0.9577 -0.1009
vn 0.4428 0.7389 -0.5079
vn 0.3646 0.9301 -0.0443
vn -0.0171 0.9705 -0.2404
vn -0.9514 0.3034 0.0537
vn -0.4937 -0.8145 0.3046
vn 0.0777 -0.9969 -0.0130
vn -0.2374 0.6658 0.7074
vn -0.2700 0.7248 0.6338
vn -0.1525 0.8159 0.5577
vn 0.5620 0.3378 0.7550
vn 0.3153 0.4795 0.8190
vn 0.3751 0.6192 0.6898
vn 0.6790 0.4029 -0.6137
vn 0.6021 0.2249 -0.7661
vn 0.6135 0.2054 -0.7625
vn 0.0817 -0.0311 -0.9962
vn 0.1425 0.1915 -0.9711
vn -0.2364 0.7918 -0.5632
vn -0.4440 -0.8651 -0.2333
vn 0.3966 -0.9095 -0.1242
vn -0.0462 -0.8927 -0.4482
vn 0.3500 -0.3888 0.8522
vn 0.1290 -0.9617 -0.2420
vn -0.0898 -0.9913 0.0958
vn 0.5066 0.4650 0.7260
vn 0.4785 -0.1214 0.8697
vn 0.1899 -0.9065 0.3772
vn 0.4401 -0.4925 -0.7508
vn 0.4265 -0.5614 -0.7091
vn -0.0363 -0.8408 -0.5401
vn -0.7668 -0.5652 -0.3042
vn -0.6576 0.7084 -0.2562
vn -0.7251 0.6435 -0.2451
vn -0.1500 -0.9834 -0.1025
vn 0.5008 -0.8408 0.2055
vn 0.4944 -0.8082 0.3200
vn 0.3084 -0.9223 0.2332
vn 0.1024 -0.8869 0.4504
vn -0.1422 -0.9217 0.3610
vn -0.1803 -0.9006 0.3955
vn -0.1736 -0.8948 0.4113
vn 0.1079 -0.9941 -0.0116
vn 0.1076 -0.9823 -0.1532
vn 0.2748 -0.9505 -0.1453
vn 0.1318 -0.9319 -0.3378
vn 0.0002 -0.9696 -0.2448
vn -0.1330 -0.9696 -0.2054
vn -0.1433 -0.9651 -0.2190
vt 0.184781 0.635107
vt 0.178145 0.652931
vt 0.210558 0.642301
vt 0.165517 0.720873
vt 0.157539 0.701500
vt 0.132771 0.711770
vt 0.206454 0.624737
vt 0.170164 0.618957
vt 0.153504 0.633265
vt 0.149419 0.728401
vt 0.293142 0.679310
vt 0.256332 0.686976
vt 0.282778 0.690805
vt 0.267788 0.576252
vt 0.295409 0.592526
vt 0.286342 0.588444
vt 0.112694 0.541508
vt 0.149448 0.557550
vt 0.133020 0.534600
vt 0.083004 0.645870
vt 0.095085 0.621244
vt 0.084397 0.634920
vt 0.189094 0.723867
vt 0.323022 0.668900
vt 0.245669 0.574651
vt 0.094085 0.544494
vt 0.077562 0.657511
vt 0.227161 0.700005
vt 0.197902 0.708133
vt 0.212267 0.683914
vt 0.292060 0.623627
vt 0.289148 0.649341
vt 0.262186 0.629919
vt 0.195282 0.573607
vt 0.221714 0.581997
vt 0.188924 0.577469
vt 0.068200 0.590016
vt 0.067944 0.561213
vt 0.102860 0.603509
vt 0.067256 0.724089
vt 0.065129 0.689804
vt 0.095769 0.703785
vt 0.128803 0.683661
vt 0.118249 0.654417
vt 0.153715 0.669078
vt 0.092999 0.667754
vt 0.082381 0.652185
vt 0.093350 0.623423
vt 0.106100 0.636681
vt 0.119747 0.619593
vt 0.144879 0.597064
vt 0.143486 0.639759
vt 0.111788 0.578041
vt 0.113005 0.549878
vt 0.164892 0.562088
vt 0.148633 0.566954
vt 0.188426 0.585297
vt 0.222970 0.611589
vt 0.185541 0.618003
vt 0.220430 0.593903
vt 0.253366 0.592429
vt 0.269717 0.608317
vt 0.243391 0.612550
vt 0.240079 0.635935
vt 0.228615 0.658433
vt 0.211249 0.637294
vt 0.257457 0.656610
vt 0.264833 0.672595
vt 0.240015 0.680671
vt 0.237125 0.671849
vt 0.207800 0.677407
vt 0.174446 0.687484
vt 0.192834 0.663289
vt 0.183910 0.695429
vt 0.162768 0.702573
vt 0.111790 0.716308
vt 0.145743 0.701225
vt 0.079216 0.672201
vt 0.068931 0.666654
vt 0.063184 0.700354
vt 0.076027 0.649026
vt 0.070387 0.618346
vt 0.055251 0.603318
vt 0.080937 0.637101
vt 0.070261 0.561351
vt 0.086264 0.549895
vt 0.040697 0.567997
vt 0.120115 0.544600
vt 0.162021 0.538217
vt 0.184806 0.555026
vt 0.141408 0.547267
vt 0.229138 0.569072
vt 0.248608 0.579702
vt 0.216667 0.568483
vt 0.260657 0.589408
vt 0.303328 0.600028
vt 0.306776 0.610227
vt 0.278172 0.592556
vt 0.348928 0.656710
vt 0.309963 0.668658
vt 0.331400 0.637433
vt 0.308279 0.684390
vt 0.267587 0.700164
vt 0.252023 0.703519
vt 0.271799 0.689125
vt 0.207378 0.728931
vt 0.184782 0.722601
vt 0.224434 0.722310
vt 0.164082 0.729801
vt 0.125963 0.720655
vt 0.090799 0.719534
vt 0.137643 0.716811
vt 0.050667 0.585910
vt 0.073290 0.599495
vt 0.086630 0.587759
vt 0.088039 0.558015
vt 0.069901 0.570035
vt 0.199994 0.548686
vt 0.176705 0.542507
vt 0.193739 0.567686
vt 0.236027 0.570139
vt 0.215031 0.556842
vt 0.336998 0.618818
vt 0.324433 0.602941
vt 0.316259 0.615400
vt 0.315072 0.651534
vt 0.338224 0.632884
vt 0.242004 0.718458
vt 0.246829 0.700957
vt 0.225318 0.690673
vt 0.194203 0.703612
vt 0.218640 0.707206
vt 0.102720 0.695908
vt 0.128103 0.702849
vt 0.108967 0.684164
vt 0.085482 0.660897
vt 0.100976 0.674621
vt 0.126797 0.635832
vt 0.110121 0.614236
vt 0.101727 0.642109
vt 0.137712 0.614048
vt 0.150115 0.596735
vt 0.127984 0.569352
vt 0.113222 0.586806
vt 0.169026 0.585626
vt 0.192498 0.606463
vt 0.230025 0.609332
vt 0.253702 0.589768
vt 0.211246 0.590165
vt 0.271999 0.612294
vt 0.242824 0.628190
vt 0.240113 0.650754
vt 0.274451 0.668219
vt 0.285294 0.635056
vt 0.105833 0.661262
vt 0.129110 0.685343
vt 0.164125 0.677151
vt 0.142871 0.657538
vt 0.231506 0.674461
vt 0.203405 0.663997
vt 0.192383 0.682394
vt 0.178276 0.646754
s 0
f 6770/1906/8500 6843/1907/8500 6812/1908/8500
f 6771/1909/8501 6813/1910/8501 6815/1911/8501
f 6770/1906/8502 6812/1908/8502 6817/1912/8502
f 6770/1906/8503 6817/1912/8503 6819/1913/8503
f 6770/1906/8504 6819/1913/8504 6846/1914/8504
f 6771/1909/8505 6815/1911/8505 6822/1915/8505
f 6772/1916/8506 6814/1917/8506 6824/1918/8506
f 6773/1919/8507 6818/1920/8507 6826/1921/8507
f 6774/1922/8508 6820/1923/8508 6828/1924/8508
f 6775/1925/8509 6821/1926/8509 6830/1927/8509
f 6771/1909/8510 6822/1915/8510 6855/1928/8510
f 6772/1916/8511 6824/1918/8511 6857/1929/8511
f 6773/1919/8512 6826/1921/8512 6859/1930/8512
f 6774/1922/8513 6828/1924/8513 6861/1931/8513
f 6775/1925/8514 6830/1927/8514 6853/1932/8514
f 6776/1933/8515 6832/1934/8515 6837/1935/8515
f 6777/1936/8516 6833/1937/8516 6839/1938/8516
f 6778/1939/8517 6834/1940/8517 6840/1941/8517
f 6779/1942/8518 6835/1943/8518 6841/1944/8518
f 6780/1945/8519 6836/1946/8519 6868/1947/8519
f 6808/1948/8520 6872/1949/8520 6838/1950/8520
f 6808/1948/8521 6873/1951/8521 6872/1949/8521
f 6806/1952/8522 6866/1953/8522 6874/1954/8522
f 6811/1955/8523 6875/1956/8523 6871/1957/8523
f 6811/1955/8524 6876/1958/8524 6875/1956/8524
f 6805/1959/8525 6865/1960/8525 6877/1961/8525
f 6810/1962/8526 6878/1963/8526 6870/1964/8526
f 6810/1962/8527 6879/1965/8527 6878/1963/8527
f 6804/1966/8528 6864/1967/8528 6880/1968/8528
f 6809/1969/8529 6881/1970/8529 6869/1971/8529
f 6809/1969/8530 6882/1972/8530 6881/1970/8530
f 6803/1973/8531 6863/1974/8531 6883/1975/8531
f 6807/1976/8532 6884/1977/8532 6867/1978/8532
f 6807/1976/8533 6885/1979/8533 6884/1977/8533
f 6802/1980/8534 6862/1981/8534 6886/1982/8534
f 6793/1983/8535 6887/1984/8535 6823/1985/8535
f 6793/1983/8536 6888/1986/8536 6887/1984/8536
f 6800/1987/8537 6860/1988/8537 6889/1989/8537
f 6801/1990/8538 6890/1991/8538 6831/1992/8538
f 6801/1990/8539 6891/1993/8539 6890/1991/8539
f 6798/1994/8540 6858/1995/8540 6892/1996/8540
f 6799/1997/8541 6893/1998/8541 6829/1999/8541
f 6799/1997/8542 6894/2000/8542 6893/1998/8542
f 6796/2001/8543 6856/2002/8543 6895/2003/8543
f 6797/2004/8544 6896/2005/8544 6827/2006/8544
f 6797/2004/8545 6897/2007/8545 6896/2005/8545
f 6794/2008/8546 6854/2009/8546 6898/2010/8546
f 6795/2011/8547 6899/2012/8547 6825/2013/8547
f 6795/2011/8548 6900/2014/8548 6899/2012/8548
f 6792/2015/8549 6852/2016/8549 6901/2017/8549
f 6800/1987/8550 6902/2018/8550 6860/1988/8550
f 6800/1987/8551 6903/2019/8551 6902/2018/8551
f 6791/2020/8552 6851/2021/8552 6904/2022/8552
f 6798/1994/8553 6905/2023/8553 6858/1995/8553
f 6798/1994/8554 6906/2024/8554 6905/2023/8554
f 6790/2025/8555 6850/2026/8555 6907/2027/8555
f 6796/2001/8556 6908/2028/8556 6856/2002/8556
f 6796/2001/8557 6909/2029/8557 6908/2028/8557
f 6788/2030/8558 6848/2031/8558 6910/2032/8558
f 6794/2008/8559 6911/2033/8559 6854/2009/8559
f 6794/2008/8560 6912/2034/8560 6911/2033/8560
f 6784/2035/8561 6844/2036/8561 6913/2037/8561
f 6792/2015/8562 6914/2038/8562 6852/2016/8562
f 6792/2015/8563 6915/2039/8563 6914/2038/8563
f 6785/2040/8564 6845/2041/8564 6916/2042/8564
f 6786/2043/8565 6917/2044/8565 6816/2045/8565
f 6786/2043/8566 6918/2046/8566 6917/2044/8566
f 6789/2047/8567 6849/2048/8567 6919/2049/8567
f 6789/2047/8568 6920/2050/8568 6849/2048/8568
f 6789/2047/8569 6921/2051/8569 6920/2050/8569
f 6787/2052/8570 6847/2053/8570 6922/2054/8570
f 6787/2052/8571 6923/2055/8571 6847/2053/8571
f 6787/2052/8572 6924/2056/8572 6923/2055/8572
f 6782/2057/8573 6842/2058/8573 6925/2059/8573
f 6785/2040/8574 6926/2060/8574 6845/2041/8574
f 6785/2040/8575 6927/2061/8575 6926/2060/8575
f 6783/2062/8576 6843/1907/8576 6928/2063/8576
f 6782/2057/8577 6929/2064/8577 6842/2058/8577
f 6782/2057/8578 6930/2065/8578 6929/2064/8578
f 6783/2062/8579 6813/1910/8579 6931/2066/8579
f 6931/2066/8580 6844/2036/8580 6784/2035/8580
f 6931/2066/8581 6813/1910/8581 6844/2036/8581
f 6813/1910/8582 6771/1909/8582 6844/2036/8582
f 6929/2064/8583 6931/2066/8583 6784/2035/8583
f 6929/2064/8584 6930/2065/8584 6931/2066/8584
f 6930/2065/8585 6783/2062/8585 6931/2066/8585
f 6842/2058/8586 6814/1917/8586 6772/1916/8586
f 6842/2058/8587 6929/2064/8587 6814/1917/8587
f 6929/2064/8588 6784/2035/8588 6814/1917/8588
f 6928/2063/8589 6846/1914/8589 6786/2043/8589
f 6928/2063/8590 6843/1907/8590 6846/1914/8590
f 6843/1907/8591 6770/1906/8591 6846/1914/8591
f 6926/2060/8592 6928/2063/8592 6786/2043/8592
f 6926/2060/8593 6927/2061/8593 6928/2063/8593
f 6927/2061/8594 6783/2062/8594 6928/2063/8594
f 6845/2041/8595 6816/2045/8595 6775/1925/8595
f 6845/2041/8596 6926/2060/8596 6816/2045/8596
f 6926/2060/8597 6786/2043/8597 6816/2045/8597
f 6925/2059/8598 6848/2031/8598 6788/2030/8598
f 6925/2059/8599 6842/2058/8599 6848/2031/8599
f 6842/2058/8600 6772/1916/8600 6848/2031/8600
f 6923/2055/8601 6925/2059/8601 6788/2030/8601
f 6923/2055/8602 6924/2056/8602 6925/2059/8602
f 6924/2056/8603 6782/2057/8603 6925/2059/8603
f 6847/2053/8604 6818/1920/8604 6773/1919/8604
f 6847/2053/8605 6923/2055/8605 6818/1920/8605
f 6923/2055/8606 6788/2030/8606 6818/1920/8606
f 6922/2054/8607 6850/2026/8607 6790/2025/8607
f 6922/2054/8608 6847/2053/8608 6850/2026/8608
f 6847/2053/8609 6773/1919/8609 6850/2026/8609
f 6920/2050/8610 6922/2054/8610 6790/2025/8610
f 6920/2050/8611 6921/2051/8611 6922/2054/8611
f 6921/2051/8612 6787/2052/8612 6922/2054/8612
f 6849/2048/8613 6820/1923/8613 6774/1922/8613
f 6849/2048/8614 6920/2050/8614 6820/1923/8614
f 6920/2050/8615 6790/2025/8615 6820/1923/8615
f 6919/2049/8616 6851/2021/8616 6791/2020/8616
f 6919/2049/8617 6849/2048/8617 6851/2021/8617
f 6849/2048/8618 6774/1922/8618 6851/2021/8618
f 6917/2044/8619 6919/2049/8619 6791/2020/8619
f 6917/2044/8620 6918/2046/8620 6919/2049/8620
f 6918/2046/8621 6789/2047/8621 6919/2049/8621
f 6816/2045/8622 6821/1926/8622 6775/1925/8622
f 6816/2045/8623 6917/2044/8623 6821/1926/8623
f 6917/2044/8624 6791/2020/8624 6821/1926/8624
f 6916/2042/8625 6853/1932/8625 6793/1983/8625
f 6916/2042/8626 6845/2041/8626 6853/1932/8626
f 6845/2041/8627 6775/1925/8627 6853/1932/8627
f 6914/2038/8628 6916/2042/8628 6793/1983/8628
f 6914/2038/8629 6915/2039/8629 6916/2042/8629
f 6915/2039/8630 6785/2040/8630 6916/2042/8630
f 6852/2016/8631 6823/1985/8631 6780/1945/8631
f 6852/2016/8632 6914/2038/8632 6823/1985/8632
f 6914/2038/8633 6793/1983/8633 6823/1985/8633
f 6913/2037/8634 6855/1928/8634 6795/2011/8634
f 6913/2037/8635 6844/2036/8635 6855/1928/8635
f 6844/2036/8636 6771/1909/8636 6855/1928/8636
f 6911/2033/8637 6913/2037/8637 6795/2011/8637
f 6911/2033/8638 6912/2034/8638 6913/2037/8638
f 6912/2034/8639 6784/2035/8639 6913/2037/8639
f 6854/2009/8640 6825/2013/8640 6776/1933/8640
f 6854/2009/8641 6911/2033/8641 6825/2013/8641
f 6911/2033/8642 6795/2011/8642 6825/2013/8642
f 6910/2032/8643 6857/1929/8643 6797/2004/8643
f 6910/2032/8644 6848/2031/8644 6857/1929/8644
f 6848/2031/8645 6772/1916/8645 6857/1929/8645
f 6908/2028/8646 6910/2032/8646 6797/2004/8646
f 6908/2028/8647 6909/2029/8647 6910/2032/8647
f 6909/2029/8648 6788/2030/8648 6910/2032/8648
f 6856/2002/8649 6827/2006/8649 6777/1936/8649
f 6856/2002/8650 6908/2028/8650 6827/2006/8650
f 6908/2028/8651 6797/2004/8651 6827/2006/8651
f 6907/2027/8652 6859/1930/8652 6799/1997/8652
f 6907/2027/8653 6850/2026/8653 6859/1930/8653
f 6850/2026/8654 6773/1919/8654 6859/1930/8654
f 6905/2023/8655 6907/2027/8655 6799/1997/8655
f 6905/2023/8656 6906/2024/8656 6907/2027/8656
f 6906/2024/8657 6790/2025/8657 6907/2027/8657
f 6858/1995/8658 6829/1999/8658 6778/1939/8658
f 6858/1995/8659 6905/2023/8659 6829/1999/8659
f 6905/2023/8660 6799/1997/8660 6829/1999/8660
f 6904/2022/8661 6861/1931/8661 6801/1990/8661
f 6904/2022/8662 6851/2021/8662 6861/1931/8662
f 6851/2021/8663 6774/1922/8663 6861/1931/8663
f 6902/2018/8664 6904/2022/8664 6801/1990/8664
f 6902/2018/8665 6903/2019/8665 6904/2022/8665
f 6903/2019/8666 6791/2020/8666 6904/2022/8666
f 6860/1988/8667 6831/1992/8667 6779/1942/8667
f 6860/1988/8668 6902/2018/8668 6831/1992/8668
f 6902/2018/8669 6801/1990/8669 6831/1992/8669
f 6901/2017/8670 6862/1981/8670 6802/1980/8670
f 6901/2017/8671 6852/2016/8671 6862/1981/8671
f 6852/2016/8672 6780/1945/8672 6862/1981/8672
f 6899/2012/8673 6901/2017/8673 6802/1980/8673
f 6899/2012/8674 6900/2014/8674 6901/2017/8674
f 6900/2014/8675 6792/2015/8675 6901/2017/8675
f 6825/2013/8676 6832/1934/8676 6776/1933/8676
f 6825/2013/8677 6899/2012/8677 6832/1934/8677
f 6899/2012/8678 6802/1980/8678 6832/1934/8678
f 6898/2010/8679 6863/1974/8679 6803/1973/8679
f 6898/2010/8680 6854/2009/8680 6863/1974/8680
f 6854/2009/8681 6776/1933/8681 6863/1974/8681
f 6896/2005/8682 6898/2010/8682 6803/1973/8682
f 6896/2005/8683 6897/2007/8683 6898/2010/8683
f 6897/2007/8684 6794/2008/8684 6898/2010/8684
f 6827/2006/8685 6833/1937/8685 6777/1936/8685
f 6827/2006/8686 6896/2005/8686 6833/1937/8686
f 6896/2005/8687 6803/1973/8687 6833/1937/8687
f 6895/2003/8688 6864/1967/8688 6804/1966/8688
f 6895/2003/8689 6856/2002/8689 6864/1967/8689
f 6856/2002/8690 6777/1936/8690 6864/1967/8690
f 6893/1998/8691 6895/2003/8691 6804/1966/8691
f 6893/1998/8692 6894/2000/8692 6895/2003/8692
f 6894/2000/8693 6796/2001/8693 6895/2003/8693
f 6829/1999/8694 6834/1940/8694 6778/1939/8694
f 6829/1999/8695 6893/1998/8695 6834/1940/8695
f 6893/1998/8696 6804/1966/8696 6834/1940/8696
f 6892/1996/8697 6865/1960/8697 6805/1959/8697
f 6892/1996/8698 6858/1995/8698 6865/1960/8698
f 6858/1995/8699 6778/1939/8699 6865/1960/8699
f 6890/1991/8700 6892/1996/8700 6805/1959/8700
f 6890/1991/8701 6891/1993/8701 6892/1996/8701
f 6891/1993/8702 6798/1994/8702 6892/1996/8702
f 6831/1992/8703 6835/1943/8703 6779/1942/8703
f 6831/1992/8704 6890/1991/8704 6835/1943/8704
f 6890/1991/8705 6805/1959/8705 6835/1943/8705
f 6889/1989/8706 6866/1953/8706 6806/1952/8706
f 6889/1989/8707 6860/1988/8707 6866/1953/8707
f 6860/1988/8708 6779/1942/8708 6866/1953/8708
f 6887/1984/8709 6889/1989/8709 6806/1952/8709
f 6887/1984/8710 6888/1986/8710 6889/1989/8710
f 6888/1986/8711 6800/1987/8711 6889/1989/8711
f 6823/1985/8712 6836/1946/8712 6780/1945/8712
f 6823/1985/8713 6887/1984/8713 6836/1946/8713
f 6887/1984/8714 6806/1952/8714 6836/1946/8714
f 6886/1982/8715 6868/1947/8715 6808/1948/8715
f 6886/1982/8716 6862/1981/8716 6868/1947/8716
f 6862/1981/8717 6780/1945/8717 6868/1947/8717
f 6884/1977/8718 6886/1982/8718 6808/1948/8718
f 6884/1977/8719 6885/1979/8719 6886/1982/8719
f 6885/1979/8720 6802/1980/8720 6886/1982/8720
f 6867/1978/8721 6838/1950/8721 6781/2067/8721
f 6867/1978/8722 6884/1977/8722 6838/1950/8722
f 6884/1977/8723 6808/1948/8723 6838/1950/8723
f 6883/1975/8724 6837/1935/8724 6807/1976/8724
f 6883/1975/8725 6863/1974/8725 6837/1935/8725
f 6863/1974/8726 6776/1933/8726 6837/1935/8726
f 6881/1970/8727 6883/1975/8727 6807/1976/8727
f 6881/1970/8728 6882/1972/8728 6883/1975/8728
f 6882/1972/8729 6803/1973/8729 6883/1975/8729
f 6869/1971/8730 6867/1978/8730 6781/2067/8730
f 6869/1971/8731 6881/1970/8731 6867/1978/8731
f 6881/1970/8732 6807/1976/8732 6867/1978/8732
f 6880/1968/8733 6839/1938/8733 6809/1969/8733
f 6880/1968/8734 6864/1967/8734 6839/1938/8734
f 6864/1967/8735 6777/1936/8735 6839/1938/8735
f 6878/1963/8736 6880/1968/8736 6809/1969/8736
f 6878/1963/8737 6879/1965/8737 6880/1968/8737
f 6879/1965/8738 6804/1966/8738 6880/1968/8738
f 6870/1964/8739 6869/1971/8739 6781/2067/8739
f 6870/1964/8740 6878/1963/8740 6869/1971/8740
f 6878/1963/8741 6809/1969/8741 6869/1971/8741
f 6877/1961/8742 6840/1941/8742 6810/1962/8742
f 6877/1961/8743 6865/1960/8743 6840/1941/8743
f 6865/1960/8744 6778/1939/8744 6840/1941/8744
f 6875/1956/8745 6877/1961/8745 6810/1962/8745
f 6875/1956/8746 6876/1958/8746 6877/1961/8746
f 6876/1958/8747 6805/1959/8747 6877/1961/8747
f 6871/1957/8748 6870/1964/8748 6781/2067/8748
f 6871/1957/8749 6875/1956/8749 6870/1964/8749
f 6875/1956/8750 6810/1962/8750 6870/1964/8750
f 6874/1954/8751 6841/1944/8751 6811/1955/8751
f 6874/1954/8752 6866/1953/8752 6841/1944/8752
f 6866/1953/8753 6779/1942/8753 6841/1944/8753
f 6872/1949/8754 6874/1954/8754 6811/1955/8754
f 6872/1949/8755 6873/1951/8755 6874/1954/8755
f 6873/1951/8756 6806/1952/8756 6874/1954/8756
f 6838/1950/8757 6871/1957/8757 6781/2067/8757
f 6838/1950/8758 6872/1949/8758 6871/1957/8758
f 6872/1949/8759 6811/1955/8759 6871/1957/8759
f 6868/1947/8760 6873/1951/8760 6808/1948/8760
f 6868/1947/8761 6836/1946/8761 6873/1951/8761
f 6836/1946/8762 6806/1952/8762 6873/1951/8762
f 6841/1944/8763 6876/1958/8763 6811/1955/8763
f 6841/1944/8764 6835/1943/8764 6876/1958/8764
f 6835/1943/8765 6805/1959/8765 6876/1958/8765
f 6840/1941/8766 6879/1965/8766 6810/1962/8766
f 6840/1941/8767 6834/1940/8767 6879/1965/8767
f 6834/1940/8768 6804/1966/8768 6879/1965/8768
f 6839/1938/8769 6882/1972/8769 6809/1969/8769
f 6839/1938/8770 6833/1937/8770 6882/1972/8770
f 6833/1937/8771 6803/1973/8771 6882/1972/8771
f 6837/1935/8772 6885/1979/8772 6807/1976/8772
f 6837/1935/8773 6832/1934/8773 6885/1979/8773
f 6832/1934/8774 6802/1980/8774 6885/1979/8774
f 6853/1932/8775 6888/1986/8775 6793/1983/8775
f 6853/1932/8776 6830/1927/8776 6888/1986/8776
f 6830/1927/8777 6800/1987/8777 6888/1986/8777
f 6861/1931/8778 6891/1993/8778 6801/1990/8778
f 6861/1931/8779 6828/1924/8779 6891/1993/8779
f 6828/1924/8780 6798/1994/8780 6891/1993/8780
f 6859/1930/8781 6894/2000/8781 6799/1997/8781
f 6859/1930/8782 6826/1921/8782 6894/2000/8782
f 6826/1921/8783 6796/2001/8783 6894/2000/8783
f 6857/1929/8784 6897/2007/8784 6797/2004/8784
f 6857/1929/8785 6824/1918/8785 6897/2007/8785
f 6824/1918/8786 6794/2008/8786 6897/2007/8786
f 6855/1928/8787 6900/2014/8787 6795/2011/8787
f 6855/1928/8788 6822/1915/8788 6900/2014/8788
f 6822/1915/8789 6792/2015/8789 6900/2014/8789
f 6830/1927/8790 6903/2019/8790 6800/1987/8790
f 6830/1927/8791 6821/1926/8791 6903/2019/8791
f 6821/1926/8792 6791/2020/8792 6903/2019/8792
f 6828/1924/8793 6906/2024/8793 6798/1994/8793
f 6828/1924/8794 6820/1923/8794 6906/2024/8794
f 6820/1923/8795 6790/2025/8795 6906/2024/8795
f 6826/1921/8796 6909/2029/8796 6796/2001/8796
f 6826/1921/8797 6818/1920/8797 6909/2029/8797
f 6818/1920/8798 6788/2030/8798 6909/2029/8798
f 6824/1918/8799 6912/2034/8799 6794/2008/8799
f 6824/1918/8800 6814/1917/8800 6912/2034/8800
f 6814/1917/8801 6784/2035/8801 6912/2034/8801
f 6822/1915/8802 6915/2039/8802 6792/2015/8802
f 6822/1915/8803 6815/1911/8803 6915/2039/8803
f 6815/1911/8804 6785/2040/8804 6915/2039/8804
f 6846/1914/8805 6918/2046/8805 6786/2043/8805
f 6846/1914/8806 6819/1913/8806 6918/2046/8806
f 6819/1913/8807 6789/2047/8807 6918/2046/8807
f 6819/1913/8808 6921/2051/8808 6789/2047/8808
f 6819/1913/8809 6817/1912/8809 6921/2051/8809
f 6817/1912/8810 6787/2052/8810 6921/2051/8810
f 6817/1912/8811 6924/2056/8811 6787/2052/8811
f 6817/1912/8812 6812/1908/8812 6924/2056/8812
f 6812/1908/8813 6782/2057/8813 6924/2056/8813
f 6815/1911/8814 6927/2061/8814 6785/2040/8814
f 6815/1911/8815 6813/1910/8815 6927/2061/8815
f 6813/1910/8816 6783/2062/8816 6927/2061/8816
f 6812/1908/8817 6930/2065/8817 6782/2057/8817
f 6812/1908/8818 6843/1907/8818 6930/2065/8818
f 6843/1907/8819 6783/2062/8819 6930/2065/8819
o collidable
v 3.976454 -2.266329 63.259235
v -7.703848 -2.484982 7.729885
v 50.760128 -3.039441 32.176609
v 37.529701 -0.629653 96.413116
v -20.245029 0.131116 117.397232
v -37.289471 -0.138621 61.972530
v 22.603561 3.004912 22.890999
v 45.438251 0.060876 71.247955
v 10.479769 3.399639 99.815918
v -37.241970 1.489734 93.946220
v -44.976738 1.612118 21.031818
v 1.540212 2.941107 65.321465
v 28.204483 -3.491467 50.467922
v -6.576587 -2.497007 36.799423
v 20.535404 -3.168205 25.285362
v -32.197048 -2.838346 32.150757
v -21.583965 -2.823436 63.038795
v 22.763710 -0.919745 79.061859
v 59.076527 -2.230490 72.638435
v -8.515175 -0.562485 87.790947
v 9.204351 0.349041 102.490974
v -33.818348 -0.868107 93.814346
v -24.217468 -0.943579 13.652828
v -41.191525 -0.605553 45.584183
v 43.662933 -0.900302 26.015343
v 10.896166 -1.468378 5.532269
v 49.109123 2.645499 91.753288
v 67.860733 -0.261078 51.523785
v -1.420496 1.361379 117.249222
v 20.867573 2.277348 101.705521
v -40.507671 0.054726 77.941666
v -35.712452 1.080245 108.123306
v -6.128469 1.831622 23.146858
v 34.076756 0.545742 45.481342
v 30.802845 0.370843 88.708626
v -16.792931 3.790207 111.841797
v -37.162857 3.166095 59.128212
v 11.999054 0.104289 42.398136
v -18.162189 2.098257 44.869911
v 24.403446 1.380076 67.399529
v 6.498803 3.712028 95.004585
v -17.999577 2.948241 79.561523
v 15.256143 -3.543470 56.307095
v -10.242949 -1.965718 22.480888
v 34.897243 -3.488268 26.453629
v -22.495029 -2.663192 13.726429
v -29.532932 -0.187604 63.744160
v 13.278196 -1.630715 69.921204
v 48.327080 -0.865332 87.087219
v -1.491491 -1.279768 74.347504
v -6.611346 1.061034 108.372345
v -30.393547 0.350230 76.234177
v -15.501016 -2.556563 2.455151
v -48.056541 0.240225 30.905205
v 44.846916 -2.164904 27.241047
v 18.526772 -1.510077 9.576656
v 42.227997 1.555690 100.966248
v 59.543823 0.394077 63.652817
v -11.986031 0.701051 119.994965
v 19.518761 4.807219 102.373779
v -36.210567 -0.195906 68.115181
v -44.161068 2.434409 105.346695
v 8.427429 4.981659 16.841854
v 43.315022 3.613739 58.266624
v 18.666779 1.034154 94.130768
v -32.395290 3.508419 107.805252
v -44.547001 3.931080 39.888756
v 14.735104 -1.786714 33.116436
v -7.516828 3.472692 55.516201
v 33.847595 0.240787 68.573563
v 7.015471 1.903889 98.010605
v -25.109707 1.452489 86.471848
v 42.453930 -2.906343 39.931049
v 0.429885 -2.971171 51.103630
v 5.957511 -2.118289 20.423195
v -39.225506 -1.414786 50.656349
v -9.897172 -3.260944 63.521530
v 31.881104 -0.499200 89.586769
v 59.768345 -2.781077 50.076057
v -15.456693 0.303376 102.975601
v 25.775242 -0.935275 100.225479
v -31.666569 -0.825388 109.831047
v -37.441559 0.339574 19.143013
v -41.871010 -1.086597 53.492863
v 40.924599 3.116236 21.140144
v 2.959245 -2.540879 5.229626
v 50.239323 0.459085 78.588043
v 62.054943 -2.225499 40.348194
v 6.162698 1.305474 108.830139
v 28.043385 -0.676977 101.709045
v -43.961178 0.905291 87.034073
v -27.389717 0.131161 116.316727
v -27.745441 3.340015 21.950859
v 25.877476 -1.167796 36.301117
v 36.873634 0.241392 80.013885
v -0.911731 2.130048 105.761139
v -31.676804 0.011342 74.679222
v 6.307601 1.629750 54.010933
v -32.110447 2.382783 33.279491
v 13.720889 1.588997 67.447578
v 4.796995 3.865762 80.332001
v -9.383452 4.484795 71.704422
v -19.970245 2.909197 62.220570
v -32.227646 1.257721 52.113968
v -26.301037 0.746621 68.136002
v -7.527308 4.598697 90.976082
v -18.238754 3.773149 99.551086
v -5.856970 3.812086 103.799316
v 18.187681 2.052007 80.903618
v 18.290956 0.835352 88.841492
v 27.047832 0.132430 78.114204
v 19.848331 1.332151 55.524715
v 30.516129 1.377874 56.201664
v 23.606194 0.275995 45.633751
v -1.365201 1.409699 40.401466
v 1.766530 -0.949737 29.023983
v -13.467498 0.747619 30.938217
v -43.847084 0.098336 50.585117
v -40.986042 -0.508611 59.626774
v -37.055286 0.212319 67.530235
v -27.064964 2.640526 112.784912
v -16.757874 1.058050 115.253616
v -8.695472 1.882371 113.193146
v 26.669151 3.615961 95.632637
v 29.718849 4.811170 102.295097
v 38.753281 3.861327 88.717255
v 51.052879 7.189772 47.408512
v 52.837029 -0.607690 35.155380
v 43.828075 3.162814 36.419098
v 1.170827 -1.492254 9.852150
v -8.416227 -1.828096 4.036255
v -18.710629 0.697110 15.867775
v -44.889244 0.819739 96.118530
v -39.011753 -0.357128 87.903000
v -38.631077 -0.293216 103.817230
v 11.877340 0.584136 111.777069
v 3.614887 1.164397 115.016083
v 17.590546 -0.272890 107.584244
v 63.720985 -0.576820 72.302841
v 60.162575 -1.196819 80.602417
v 68.357498 -2.327392 61.817692
v 26.492725 -1.850114 10.737659
v 29.655945 -2.709302 19.481422
v 16.668737 -2.194676 17.280453
v -32.299385 -0.439332 31.190163
v -23.370529 -1.873731 22.237461
v -34.023579 -1.932897 40.703663
v -26.370842 -1.536520 77.930069
v -15.831542 -2.899168 76.161026
v -23.773182 -1.545742 93.528023
v -0.388774 0.947450 94.047112
v 7.812474 0.036713 82.186455
v 15.415037 -0.138351 90.387672
v 40.038639 -1.523541 76.018097
v 29.368374 -3.012096 65.363434
v 46.447857 -2.314628 61.452671
v -31.635395 -2.308527 48.298416
v -22.840282 -2.669456 31.515850
v -15.551831 -2.992148 48.704636
v 23.906647 -3.518907 35.081673
v 11.376272 -3.251132 43.000561
v 5.822984 -2.399594 33.214165
vn 0.0098 -0.9957 0.0917
vn -0.0103 -0.9999 0.0035
vn -0.0247 -0.9985 0.0490
vn 0.0051 -0.9998 0.0216
vn 0.0176 -0.9998 0.0001
vn -0.3409 -0.9175 -0.2049
vn -0.0256 -0.9920 0.1240
vn 0.0678 -0.9918 0.1085
vn 0.0258 -0.9991 0.0332
vn -0.2143 -0.8331 -0.5099
vn 0.1221 -0.9826 -0.1403
vn 0.0448 -0.9963 -0.0733
vn 0.3811 -0.7087 -0.5937
vn 0.0711 -0.9920 0.1044
vn 0.0359 -0.9913 0.1263
vn 0.4683 -0.3403 0.8154
vn 0.0229 -0.9890 0.1462
vn 0.0282 -0.9995 0.0124
vn 0.0889 -0.7900 0.6066
vn 0.0892 -0.9952 0.0391
vn -0.0945 -0.9954 -0.0181
vn 0.0707 -0.9975 -0.0007
vn 0.0405 -0.9851 -0.1670
vn 0.4188 -0.8564 -0.3020
vn 0.1017 -0.9545 0.2804
vn -0.3196 -0.5027 0.8032
vn -0.2872 -0.9541 0.0844
vn 0.0341 0.9992 0.0225
vn -0.0154 0.9983 -0.0554
vn 0.0052 0.9997 0.0224
vn -0.0041 0.9985 0.0549
vn -0.1178 0.9786 0.1688
vn 0.0141 0.9964 0.0838
vn -0.1321 0.9838 -0.1211
vn -0.0070 0.9847 -0.1742
vn 0.0668 0.9975 -0.0246
vn -0.0351 0.9946 -0.0980
vn -0.0865 0.9951 0.0470
vn -0.1343 0.9881 -0.0752
vn -0.3734 0.8296 -0.4151
vn -0.0904 0.9959 0.0056
vn 0.0435 0.9990 0.0144
vn -0.0111 0.9984 -0.0553
vn -0.1425 0.9897 -0.0124
vn 0.0246 0.9968 -0.0764
vn 0.0660 0.9978 -0.0035
vn -0.0158 0.9975 0.0685
vn -0.0444 0.9990 0.0050
vn -0.0894 0.9939 0.0647
vn -0.1947 0.9808 -0.0089
vn -0.0187 0.9998 0.0108
vn -0.0257 0.9992 -0.0313
vn -0.0641 0.9976 -0.0270
vn 0.0218 0.9840 0.1766
vn 0.1004 0.9822 0.1589
vn 0.0832 0.9886 0.1258
vn 0.1593 0.9802 0.1179
vn 0.1745 0.9843 0.0257
vn 0.0969 0.9946 -0.0361
vn 0.1264 0.9915 0.0296
vn -0.0863 0.9836 -0.1587
vn -0.0519 0.9943 -0.0934
vn 0.0786 0.9966 0.0245
vn 0.0696 0.9974 0.0201
vn 0.0138 0.9984 -0.0552
vn 0.0666 0.9967 -0.0458
vn -0.0572 0.9981 -0.0237
vn -0.1501 0.9865 -0.0658
vn -0.0817 0.9966 0.0094
vn -0.0037 0.9918 -0.1275
vn 0.0697 0.9880 -0.1380
vn 0.0771 0.9893 -0.1238
vn 0.0869 0.9937 -0.0705
vn 0.0657 0.9962 0.0575
vn -0.0013 0.9998 0.0221
vn -0.0010 0.9965 -0.0836
vn 0.0730 0.9971 0.0234
vn -0.2082 -0.9774 -0.0358
vn -0.6091 -0.7795 0.1464
vn -0.3433 -0.9372 -0.0613
vn -0.4549 -0.8664 0.2062
vn -0.2990 -0.9513 -0.0756
vn -0.3754 0.9111 -0.1702
vn -0.2064 0.9758 0.0720
vn -0.5206 -0.4906 0.6988
vn -0.1952 0.7218 0.6640
vn -0.4196 0.8912 0.1724
vn -0.0549 0.9649 0.2567
vn 0.1388 0.9230 0.3590
vn 0.0235 0.9875 0.1560
vn 0.0523 0.9747 0.2175
vn 0.3550 0.5379 0.7646
vn -0.1612 0.9665 -0.1999
vn 0.0520 0.9985 0.0146
vn -0.0432 0.9920 0.1186
vn 0.2504 0.9666 0.0543
vn 0.0064 0.9939 -0.1098
vn 0.0061 0.9889 -0.1484
vn 0.6196 0.7758 -0.1190
vn 0.0255 0.9990 -0.0358
vn 0.1377 0.9842 0.1113
vn 0.4101 0.7833 -0.4671
vn 0.7041 0.0013 -0.7101
vn 0.1236 0.9858 -0.1137
vn -0.0377 0.9827 -0.1811
vn 0.2036 0.9124 -0.3550
vn -0.0171 0.9872 -0.1585
vn 0.0566 0.9755 -0.2125
vn 0.0228 0.9479 -0.3178
vn -0.5845 -0.4954 -0.6426
vn -0.1722 -0.9154 -0.3638
vn -0.0116 0.9502 -0.3114
vn -0.5148 -0.8552 0.0602
vn -0.0999 -0.9947 -0.0253
vn -0.0875 -0.9961 -0.0075
vn -0.0799 -0.9890 0.1243
vn -0.2509 -0.9580 0.1386
vn 0.2496 -0.4527 0.8560
vn -0.0787 -0.9925 -0.0934
vn -0.0665 -0.9977 0.0122
vn -0.0053 -0.9995 0.0326
vn 0.0565 -0.9748 0.2158
vn 0.3361 0.9344 0.1182
vn 0.3077 -0.9087 0.2821
vn 0.0349 -0.9967 0.0735
vn 0.0408 -0.9992 -0.0010
vn 0.3002 -0.9520 0.0603
vn 0.1402 -0.9048 -0.4022
vn 0.0614 -0.9878 -0.1428
vn -0.0372 -0.9977 -0.0575
vn -0.0188 -0.9998 -0.0049
vn -0.0072 -0.9974 -0.0712
vn -0.1522 -0.9845 -0.0867
vn -0.9165 -0.0238 -0.3993
vn -0.2845 -0.9509 -0.1221
vn -0.1037 -0.9934 0.0482
vn -0.6790 0.5794 -0.4508
vn -0.1159 -0.9930 0.0245
vn -0.2072 -0.9783 -0.0064
vn -0.1381 -0.9877 0.0732
vn 0.0041 -0.9978 0.0665
vn 0.1001 -0.9886 0.1128
vn 0.0874 -0.9946 0.0569
vn 0.0102 -0.9982 0.0584
vn 0.0134 -0.9985 0.0530
vn -0.0067 -0.9964 0.0850
vn -0.0320 -0.9954 0.0899
vn -0.0140 -0.9998 0.0152
vn -0.0533 -0.9985 0.0151
vn -0.0051 -0.9969 0.0787
vn 0.0093 -0.9964 0.0846
vn 0.0239 -0.9997 0.0102
vn 0.0193 -0.9996 0.0202
vn 0.0104 -0.9993 0.0363
vn -0.0815 -0.9953 0.0531
vn 0.0165 -0.9999 -0.0048
vn 0.0023 -0.9993 -0.0373
vn -0.0154 -0.9998 -0.0157
vn -0.0141 -0.9999 -0.0098
vn -0.0308 -0.9991 -0.0278
vn -0.0318 -0.9985 -0.0434
vn 0.1152 0.9910 -0.0688
vt 0.024221 0.901103
vt 0.238610 0.750131
vt 0.389582 0.964519
s 1
f 6932/2068/8820 7005/2069/8821 6974/2070/8822
f 6933/2068/8823 6975/2069/8824 6977/2070/8825
f 6932/2068/8820 6974/2069/8822 6979/2070/8826
f 6932/2068/8820 6979/2069/8826 6981/2070/8827
f 6932/2068/8820 6981/2069/8827 7008/2070/8828
f 6933/2068/8823 6977/2069/8825 6984/2070/8829
f 6934/2068/8830 6976/2069/8831 6986/2070/8832
f 6935/2068/8833 6980/2069/8834 6988/2070/8835
f 6936/2068/8836 6982/2069/8837 6990/2070/8838
f 6937/2068/8839 6983/2069/8840 6992/2070/8841
f 6933/2068/8823 6984/2069/8829 7017/2070/8842
f 6934/2068/8830 6986/2069/8832 7019/2070/8843
f 6935/2068/8833 6988/2069/8835 7021/2070/8844
f 6936/2068/8836 6990/2069/8838 7023/2070/8845
f 6937/2068/8839 6992/2069/8841 7015/2070/8846
f 6938/2068/8847 6994/2069/8848 6999/2070/8849
f 6939/2068/8850 6995/2069/8851 7001/2070/8852
f 6940/2068/8853 6996/2069/8854 7002/2070/8855
f 6941/2068/8856 6997/2069/8857 7003/2070/8858
f 6942/2068/8859 6998/2069/8860 7030/2070/8861
f 6970/2068/8862 7034/2069/8863 7000/2070/8864
f 6970/2068/8862 7035/2069/8865 7034/2070/8863
f 6968/2068/8866 7028/2069/8867 7036/2070/8868
f 6973/2068/8869 7037/2069/8870 7033/2070/8871
f 6973/2068/8869 7038/2069/8872 7037/2070/8870
f 6967/2068/8873 7027/2069/8874 7039/2070/8875
f 6972/2068/8876 7040/2069/8877 7032/2070/8878
f 6972/2068/8876 7041/2069/8879 7040/2070/8877
f 6966/2068/8880 7026/2069/8881 7042/2070/8882
f 6971/2068/8883 7043/2069/8884 7031/2070/8885
f 6971/2068/8883 7044/2069/8886 7043/2070/8884
f 6965/2068/8887 7025/2069/8888 7045/2070/8889
f 6969/2068/8890 7046/2069/8891 7029/2070/8892
f 6969/2068/8890 7047/2069/8893 7046/2070/8891
f 6964/2068/8894 7024/2069/8895 7048/2070/8896
f 6955/2068/8897 7049/2069/8898 6985/2070/8899
f 6955/2068/8897 7050/2069/8900 7049/2070/8898
f 6962/2068/8901 7022/2069/8902 7051/2070/8903
f 6963/2068/8904 7052/2069/8905 6993/2070/8906
f 6963/2068/8904 7053/2069/8907 7052/2070/8905
f 6960/2068/8908 7020/2069/8909 7054/2070/8910
f 6961/2068/8911 7055/2069/8912 6991/2070/8913
f 6961/2068/8911 7056/2069/8914 7055/2070/8912
f 6958/2068/8915 7018/2069/8916 7057/2070/8917
f 6959/2068/8918 7058/2069/8919 6989/2070/8920
f 6959/2068/8918 7059/2069/8921 7058/2070/8919
f 6956/2068/8922 7016/2069/8923 7060/2070/8924
f 6957/2068/8925 7061/2069/8926 6987/2070/8927
f 6957/2068/8925 7062/2069/8928 7061/2070/8926
f 6954/2068/8929 7014/2069/8930 7063/2070/8931
f 6962/2068/8901 7064/2069/8932 7022/2070/8902
f 6962/2068/8901 7065/2069/8933 7064/2070/8932
f 6953/2068/8934 7013/2069/8935 7066/2070/8936
f 6960/2068/8908 7067/2069/8937 7020/2070/8909
f 6960/2068/8908 7068/2069/8938 7067/2070/8937
f 6952/2068/8939 7012/2069/8940 7069/2070/8941
f 6958/2068/8915 7070/2069/8942 7018/2070/8916
f 6958/2068/8915 7071/2069/8943 7070/2070/8942
f 6950/2068/8944 7010/2069/8945 7072/2070/8946
f 6956/2068/8922 7073/2069/8947 7016/2070/8923
f 6956/2068/8922 7074/2069/8948 7073/2070/8947
f 6946/2068/8949 7006/2069/8950 7075/2070/8951
f 6954/2068/8929 7076/2069/8952 7014/2070/8930
f 6954/2068/8929 7077/2069/8953 7076/2070/8952
f 6947/2068/8954 7007/2069/8955 7078/2070/8956
f 6948/2068/8957 7079/2069/8958 6978/2070/8959
f 6948/2068/8957 7080/2069/8960 7079/2070/8958
f 6951/2068/8961 7011/2069/8962 7081/2070/8963
f 6951/2068/8961 7082/2069/8964 7011/2070/8962
f 6951/2068/8961 7083/2069/8965 7082/2070/8964
f 6949/2068/8966 7009/2069/8967 7084/2070/8968
f 6949/2068/8966 7085/2069/8969 7009/2070/8967
f 6949/2068/8966 7086/2069/8970 7085/2070/8969
f 6944/2068/8971 7004/2069/8972 7087/2070/8973
f 6947/2068/8954 7088/2069/8974 7007/2070/8955
f 6947/2068/8954 7089/2069/8975 7088/2070/8974
f 6945/2068/8976 7005/2069/8821 7090/2070/8977
f 6944/2068/8971 7091/2069/8978 7004/2070/8972
f 6944/2068/8971 7092/2069/8979 7091/2070/8978
f 6945/2068/8976 6975/2069/8824 7093/2070/8980
f 7093/2068/8980 7006/2069/8950 6946/2070/8949
f 7093/2068/8980 6975/2069/8824 7006/2070/8950
f 6975/2068/8824 6933/2069/8823 7006/2070/8950
f 7091/2068/8978 7093/2069/8980 6946/2070/8949
f 7091/2068/8978 7092/2069/8979 7093/2070/8980
f 7092/2068/8979 6945/2069/8976 7093/2070/8980
f 7004/2068/8972 6976/2069/8831 6934/2070/8830
f 7004/2068/8972 7091/2069/8978 6976/2070/8831
f 7091/2068/8978 6946/2069/8949 6976/2070/8831
f 7090/2068/8977 7008/2069/8828 6948/2070/8957
f 7090/2068/8977 7005/2069/8821 7008/2070/8828
f 7005/2068/8821 6932/2069/8820 7008/2070/8828
f 7088/2068/8974 7090/2069/8977 6948/2070/8957
f 7088/2068/8974 7089/2069/8975 7090/2070/8977
f 7089/2068/8975 6945/2069/8976 7090/2070/8977
f 7007/2068/8955 6978/2069/8959 6937/2070/8839
f 7007/2068/8955 7088/2069/8974 6978/2070/8959
f 7088/2068/8974 6948/2069/8957 6978/2070/8959
f 7087/2068/8973 7010/2069/8945 6950/2070/8944
f 7087/2068/8973 7004/2069/8972 7010/2070/8945
f 7004/2068/8972 6934/2069/8830 7010/2070/8945
f 7085/2068/8969 7087/2069/8973 6950/2070/8944
f 7085/2068/8969 7086/2069/8970 7087/2070/8973
f 7086/2068/8970 6944/2069/8971 7087/2070/8973
f 7009/2068/8967 6980/2069/8834 6935/2070/8833
f 7009/2068/8967 7085/2069/8969 6980/2070/8834
f 7085/2068/8969 6950/2069/8944 6980/2070/8834
f 7084/2068/8968 7012/2069/8940 6952/2070/8939
f 7084/2068/8968 7009/2069/8967 7012/2070/8940
f 7009/2068/8967 6935/2069/8833 7012/2070/8940
f 7082/2068/8964 7084/2069/8968 6952/2070/8939
f 7082/2068/8964 7083/2069/8965 7084/2070/8968
f 7083/2068/8965 6949/2069/8966 7084/2070/8968
f 7011/2068/8962 6982/2069/8837 6936/2070/8836
f 7011/2068/8962 7082/2069/8964 6982/2070/8837
f 7082/2068/8964 6952/2069/8939 6982/2070/8837
f 7081/2068/8963 7013/2069/8935 6953/2070/8934
f 7081/2068/8963 7011/2069/8962 7013/2070/8935
f 7011/2068/8962 6936/2069/8836 7013/2070/8935
f 7079/2068/8958 7081/2069/8963 6953/2070/8934
f 7079/2068/8958 7080/2069/8960 7081/2070/8963
f 7080/2068/8960 6951/2069/8961 7081/2070/8963
f 6978/2068/8959 6983/2069/8840 6937/2070/8839
f 6978/2068/8959 7079/2069/8958 6983/2070/8840
f 7079/2068/8958 6953/2069/8934 6983/2070/8840
f 7078/2068/8956 7015/2069/8846 6955/2070/8897
f 7078/2068/8956 7007/2069/8955 7015/2070/8846
f 7007/2068/8955 6937/2069/8839 7015/2070/8846
f 7076/2068/8952 7078/2069/8956 6955/2070/8897
f 7076/2068/8952 7077/2069/8953 7078/2070/8956
f 7077/2068/8953 6947/2069/8954 7078/2070/8956
f 7014/2068/8930 6985/2069/8899 6942/2070/8859
f 7014/2068/8930 7076/2069/8952 6985/2070/8899
f 7076/2068/8952 6955/2069/8897 6985/2070/8899
f 7075/2068/8951 7017/2069/8842 6957/2070/8925
f 7075/2068/8951 7006/2069/8950 7017/2070/8842
f 7006/2068/8950 6933/2069/8823 7017/2070/8842
f 7073/2068/8947 7075/2069/8951 6957/2070/8925
f 7073/2068/8947 7074/2069/8948 7075/2070/8951
f 7074/2068/8948 6946/2069/8949 7075/2070/8951
f 7016/2068/8923 6987/2069/8927 6938/2070/8847
f 7016/2068/8923 7073/2069/8947 6987/2070/8927
f 7073/2068/8947 6957/2069/8925 6987/2070/8927
f 7072/2068/8946 7019/2069/8843 6959/2070/8918
f 7072/2068/8946 7010/2069/8945 7019/2070/8843
f 7010/2068/8945 6934/2069/8830 7019/2070/8843
f 7070/2068/8942 7072/2069/8946 6959/2070/8918
f 7070/2068/8942 7071/2069/8943 7072/2070/8946
f 7071/2068/8943 6950/2069/8944 7072/2070/8946
f 7018/2068/8916 6989/2069/8920 6939/2070/8850
f 7018/2068/8916 7070/2069/8942 6989/2070/8920
f 7070/2068/8942 6959/2069/8918 6989/2070/8920
f 7069/2068/8941 7021/2069/8844 6961/2070/8911
f 7069/2068/8941 7012/2069/8940 7021/2070/8844
f 7012/2068/8940 6935/2069/8833 7021/2070/8844
f 7067/2068/8937 7069/2069/8941 6961/2070/8911
f 7067/2068/8937 7068/2069/8938 7069/2070/8941
f 7068/2068/8938 6952/2069/8939 7069/2070/8941
f 7020/2068/8909 6991/2069/8913 6940/2070/8853
f 7020/2068/8909 7067/2069/8937 6991/2070/8913
f 7067/2068/8937 6961/2069/8911 6991/2070/8913
f 7066/2068/8936 7023/2069/8845 6963/2070/8904
f 7066/2068/8936 7013/2069/8935 7023/2070/8845
f 7013/2068/8935 6936/2069/8836 7023/2070/8845
f 7064/2068/8932 7066/2069/8936 6963/2070/8904
f 7064/2068/8932 7065/2069/8933 7066/2070/8936
f 7065/2068/8933 6953/2069/8934 7066/2070/8936
f 7022/2068/8902 6993/2069/8906 6941/2070/8856
f 7022/2068/8902 7064/2069/8932 6993/2070/8906
f 7064/2068/8932 6963/2069/8904 6993/2070/8906
f 7063/2068/8931 7024/2069/8895 6964/2070/8894
f 7063/2068/8931 7014/2069/8930 7024/2070/8895
f 7014/2068/8930 6942/2069/8859 7024/2070/8895
f 7061/2068/8926 7063/2069/8931 6964/2070/8894
f 7061/2068/8926 7062/2069/8928 7063/2070/8931
f 7062/2068/8928 6954/2069/8929 7063/2070/8931
f 6987/2068/8927 6994/2069/8848 6938/2070/8847
f 6987/2068/8927 7061/2069/8926 6994/2070/8848
f 7061/2068/8926 6964/2069/8894 6994/2070/8848
f 7060/2068/8924 7025/2069/8888 6965/2070/8887
f 7060/2068/8924 7016/2069/8923 7025/2070/8888
f 7016/2068/8923 6938/2069/8847 7025/2070/8888
f 7058/2068/8919 7060/2069/8924 6965/2070/8887
f 7058/2068/8919 7059/2069/8921 7060/2070/8924
f 7059/2068/8921 6956/2069/8922 7060/2070/8924
f 6989/2068/8920 6995/2069/8851 6939/2070/8850
f 6989/2068/8920 7058/2069/8919 6995/2070/8851
f 7058/2068/8919 6965/2069/8887 6995/2070/8851
f 7057/2068/8917 7026/2069/8881 6966/2070/8880
f 7057/2068/8917 7018/2069/8916 7026/2070/8881
f 7018/2068/8916 6939/2069/8850 7026/2070/8881
f 7055/2068/8912 7057/2069/8917 6966/2070/8880
f 7055/2068/8912 7056/2069/8914 7057/2070/8917
f 7056/2068/8914 6958/2069/8915 7057/2070/8917
f 6991/2068/8913 6996/2069/8854 6940/2070/8853
f 6991/2068/8913 7055/2069/8912 6996/2070/8854
f 7055/2068/8912 6966/2069/8880 6996/2070/8854
f 7054/2068/8910 7027/2069/8874 6967/2070/8873
f 7054/2068/8910 7020/2069/8909 7027/2070/8874
f 7020/2068/8909 6940/2069/8853 7027/2070/8874
f 7052/2068/8905 7054/2069/8910 6967/2070/8873
f 7052/2068/8905 7053/2069/8907 7054/2070/8910
f 7053/2068/8907 6960/2069/8908 7054/2070/8910
f 6993/2068/8906 6997/2069/8857 6941/2070/8856
f 6993/2068/8906 7052/2069/8905 6997/2070/8857
f 7052/2068/8905 6967/2069/8873 6997/2070/8857
f 7051/2068/8903 7028/2069/8867 6968/2070/8866
f 7051/2068/8903 7022/2069/8902 7028/2070/8867
f 7022/2068/8902 6941/2069/8856 7028/2070/8867
f 7049/2068/8898 7051/2069/8903 6968/2070/8866
f 7049/2068/8898 7050/2069/8900 7051/2070/8903
f 7050/2068/8900 6962/2069/8901 7051/2070/8903
f 6985/2068/8899 6998/2069/8860 6942/2070/8859
f 6985/2068/8899 7049/2069/8898 6998/2070/8860
f 7049/2068/8898 6968/2069/8866 6998/2070/8860
f 7048/2068/8896 7030/2069/8861 6970/2070/8862
f 7048/2068/8896 7024/2069/8895 7030/2070/8861
f 7024/2068/8895 6942/2069/8859 7030/2070/8861
f 7046/2068/8891 7048/2069/8896 6970/2070/8862
f 7046/2068/8891 7047/2069/8893 7048/2070/8896
f 7047/2068/8893 6964/2069/8894 7048/2070/8896
f 7029/2068/8892 7000/2069/8864 6943/2070/8981
f 7029/2068/8892 7046/2069/8891 7000/2070/8864
f 7046/2068/8891 6970/2069/8862 7000/2070/8864
f 7045/2068/8889 6999/2069/8849 6969/2070/8890
f 7045/2068/8889 7025/2069/8888 6999/2070/8849
f 7025/2068/8888 6938/2069/8847 6999/2070/8849
f 7043/2068/8884 7045/2069/8889 6969/2070/8890
f 7043/2068/8884 7044/2069/8886 7045/2070/8889
f 7044/2068/8886 6965/2069/8887 7045/2070/8889
f 7031/2068/8885 7029/2069/8892 6943/2070/8981
f 7031/2068/8885 7043/2069/8884 7029/2070/8892
f 7043/2068/8884 6969/2069/8890 7029/2070/8892
f 7042/2068/8882 7001/2069/8852 6971/2070/8883
f 7042/2068/8882 7026/2069/8881 7001/2070/8852
f 7026/2068/8881 6939/2069/8850 7001/2070/8852
f 7040/2068/8877 7042/2069/8882 6971/2070/8883
f 7040/2068/8877 7041/2069/8879 7042/2070/8882
f 7041/2068/8879 6966/2069/8880 7042/2070/8882
f 7032/2068/8878 7031/2069/8885 6943/2070/8981
f 7032/2068/8878 7040/2069/8877 7031/2070/8885
f 7040/2068/8877 6971/2069/8883 7031/2070/8885
f 7039/2068/8875 7002/2069/8855 6972/2070/8876
f 7039/2068/8875 7027/2069/8874 7002/2070/8855
f 7027/2068/8874 6940/2069/8853 7002/2070/8855
f 7037/2068/8870 7039/2069/8875 6972/2070/8876
f 7037/2068/8870 7038/2069/8872 7039/2070/8875
f 7038/2068/8872 6967/2069/8873 7039/2070/8875
f 7033/2068/8871 7032/2069/8878 6943/2070/8981
f 7033/2068/8871 7037/2069/8870 7032/2070/8878
f 7037/2068/8870 6972/2069/8876 7032/2070/8878
f 7036/2068/8868 7003/2069/8858 6973/2070/8869
f 7036/2068/8868 7028/2069/8867 7003/2070/8858
f 7028/2068/8867 6941/2069/8856 7003/2070/8858
f 7034/2068/8863 7036/2069/8868 6973/2070/8869
f 7034/2068/8863 7035/2069/8865 7036/2070/8868
f 7035/2068/8865 6968/2069/8866 7036/2070/8868
f 7000/2068/8864 7033/2069/8871 6943/2070/8981
f 7000/2068/8864 7034/2069/8863 7033/2070/8871
f 7034/2068/8863 6973/2069/8869 7033/2070/8871
f 7030/2068/8861 7035/2069/8865 6970/2070/8862
f 7030/2068/8861 6998/2069/8860 7035/2070/8865
f 6998/2068/8860 6968/2069/8866 7035/2070/8865
f 7003/2068/8858 7038/2069/8872 6973/2070/8869
f 7003/2068/8858 6997/2069/8857 7038/2070/8872
f 6997/2068/8857 6967/2069/8873 7038/2070/8872
f 7002/2068/8855 7041/2069/8879 6972/2070/8876
f 7002/2068/8855 6996/2069/8854 7041/2070/8879
f 6996/2068/8854 6966/2069/8880 7041/2070/8879
f 7001/2068/8852 7044/2069/8886 6971/2070/8883
f 7001/2068/8852 6995/2069/8851 7044/2070/8886
f 6995/2068/8851 6965/2069/8887 7044/2070/8886
f 6999/2068/8849 7047/2069/8893 6969/2070/8890
f 6999/2068/8849 6994/2069/8848 7047/2070/8893
f 6994/2068/8848 6964/2069/8894 7047/2070/8893
f 7015/2068/8846 7050/2069/8900 6955/2070/8897
f 7015/2068/8846 6992/2069/8841 7050/2070/8900
f 6992/2068/8841 6962/2069/8901 7050/2070/8900
f 7023/2068/8845 7053/2069/8907 6963/2070/8904
f 7023/2068/8845 6990/2069/8838 7053/2070/8907
f 6990/2068/8838 6960/2069/8908 7053/2070/8907
f 7021/2068/8844 7056/2069/8914 6961/2070/8911
f 7021/2068/8844 6988/2069/8835 7056/2070/8914
f 6988/2068/8835 6958/2069/8915 7056/2070/8914
f 7019/2068/8843 7059/2069/8921 6959/2070/8918
f 7019/2068/8843 6986/2069/8832 7059/2070/8921
f 6986/2068/8832 6956/2069/8922 7059/2070/8921
f 7017/2068/8842 7062/2069/8928 6957/2070/8925
f 7017/2068/8842 6984/2069/8829 7062/2070/8928
f 6984/2068/8829 6954/2069/8929 7062/2070/8928
f 6992/2068/8841 7065/2069/8933 6962/2070/8901
f 6992/2068/8841 6983/2069/8840 7065/2070/8933
f 6983/2068/8840 6953/2069/8934 7065/2070/8933
f 6990/2068/8838 7068/2069/8938 6960/2070/8908
f 6990/2068/8838 6982/2069/8837 7068/2070/8938
f 6982/2068/8837 6952/2069/8939 7068/2070/8938
f 6988/2068/8835 7071/2069/8943 6958/2070/8915
f 6988/2068/8835 6980/2069/8834 7071/2070/8943
f 6980/2068/8834 6950/2069/8944 7071/2070/8943
f 6986/2068/8832 7074/2069/8948 6956/2070/8922
f 6986/2068/8832 6976/2069/8831 7074/2070/8948
f 6976/2068/8831 6946/2069/8949 7074/2070/8948
f 6984/2068/8829 7077/2069/8953 6954/2070/8929
f 6984/2068/8829 6977/2069/8825 7077/2070/8953
f 6977/2068/8825 6947/2069/8954 7077/2070/8953
f 7008/2068/8828 7080/2069/8960 6948/2070/8957
f 7008/2068/8828 6981/2069/8827 7080/2070/8960
f 6981/2068/8827 6951/2069/8961 7080/2070/8960
f 6981/2068/8827 7083/2069/8965 6951/2070/8961
f 6981/2068/8827 6979/2069/8826 7083/2070/8965
f 6979/2068/8826 6949/2069/8966 7083/2070/8965
f 6979/2068/8826 7086/2069/8970 6949/2070/8966
f 6979/2068/8826 6974/2069/8822 7086/2070/8970
f 6974/2068/8822 6944/2069/8971 7086/2070/8970
f 6977/2068/8825 7089/2069/8975 6947/2070/8954
f 6977/2068/8825 6975/2069/8824 7089/2070/8975
f 6975/2068/8824 6945/2069/8976 7089/2070/8975
f 6974/2068/8822 7092/2069/8979 6944/2070/8971
f 6974/2068/8822 7005/2069/8821 7092/2070/8979
f 7005/2068/8821 6945/2069/8976 7092/2070/8979
